node_id,node_type,title,aliases,status,year,paper_type,availability,paper_key,doi,url,source_note
Bases/Vault Statistics,Bases,Vault Statistics,,,,,,,,,Bases/Vault Statistics.md
Benchmarks/CarDD benchmark,Benchmarks,CarDD benchmark,CarDD detection benchmark | CarDD segmentation benchmark,,,,,,,,Benchmarks/CarDD benchmark.md
Benchmarks/CSDD benchmark,Benchmarks,CSDD benchmark,CSDD detection benchmark | CSDD segmentation benchmark,,,,,,,,Benchmarks/CSDD benchmark.md
Benchmarks/Gearbox component distribution-shift inspection benchmark,Benchmarks,Gearbox component distribution-shift inspection benchmark,Gearbox remanufacturing inspection benchmark | S1-S4 gearbox component split benchmark,,,,,,,,Benchmarks/Gearbox component distribution-shift inspection benchmark.md
Benchmarks/Industrial-5i few-shot segmentation benchmark,Benchmarks,Industrial-5i few-shot segmentation benchmark,Industrial-5i benchmark,,,,,,,,Benchmarks/Industrial-5i few-shot segmentation benchmark.md
Benchmarks/Lusitano benchmark,Benchmarks,Lusitano benchmark,Lusitano anomaly detection benchmark | Lusitano fabric defect benchmark,,,,,,,,Benchmarks/Lusitano benchmark.md
Benchmarks/NEU-DET benchmark,Benchmarks,NEU-DET benchmark,NEU-DET detection benchmark,,,,,,,,Benchmarks/NEU-DET benchmark.md
Benchmarks/OGD-DET benchmark,Benchmarks,OGD-DET benchmark,OGD-DET optical glass defect benchmark,,,,,,,,Benchmarks/OGD-DET benchmark.md
Benchmarks/PVEL-AD benchmark,Benchmarks,PVEL-AD benchmark,PVEL-AD object detection benchmark,,,,,,,,Benchmarks/PVEL-AD benchmark.md
Benchmarks/SCAN benchmark,Benchmarks,SCAN benchmark,SCAN,,,,,,,,Benchmarks/SCAN benchmark.md
Benchmarks/SolarDK benchmark,Benchmarks,SolarDK benchmark,SolarDK classification benchmark | SolarDK segmentation benchmark,,,,,,,,Benchmarks/SolarDK benchmark.md
Benchmarks/SSGD benchmark,Benchmarks,SSGD benchmark,Smartphone screen glass defect detection benchmark,,,,,,,,Benchmarks/SSGD benchmark.md
Benchmarks/ZJU-Leaper benchmark,Benchmarks,ZJU-Leaper benchmark,ZJU-Leaper evaluation protocol | ZJU-Leaper fabric defect benchmark,,,,,,,,Benchmarks/ZJU-Leaper benchmark.md
Concepts/Class imbalance,Concepts,Class imbalance,Imbalanced datasets | Class-imbalanced learning,,,,,,,,Concepts/Class imbalance.md
Concepts/Distribution shift,Concepts,Distribution shift,Dataset shift | Train-test distribution shift | Data shift,,,,,,,,Concepts/Distribution shift.md
Concepts/Domain gap,Concepts,Domain gap,Synthetic-to-real gap,,,,,,,,Concepts/Domain gap.md
Concepts/Emerging Concepts/Emerging Concepts,Concepts,Emerging Concepts,,,,,,,,,Concepts/Emerging Concepts/Emerging Concepts.md
Concepts/Emerging Concepts/Logical anomalies,Concepts,Logical anomalies,logical anomaly,emerging,,,,,,,Concepts/Emerging Concepts/Logical anomalies.md
Concepts/Emerging Concepts/Structural anomalies,Concepts,Structural anomalies,structural anomaly,emerging,,,,,,,Concepts/Emerging Concepts/Structural anomalies.md
Concepts/Industrial visual inspection,Concepts,Industrial visual inspection,Automated optical inspection | Visual inspection,,,,,,,,Concepts/Industrial visual inspection.md
Concepts/Industry 5.0,Concepts,Industry 5.0,human-centric automation,,,,,,,,Concepts/Industry 5.0.md
Concepts/Negative performance effects of image data augmentation,Concepts,Negative performance effects of image data augmentation,Augmentation can worsen image ML performance | Negative results from synthetic image data,,,,,,,,Concepts/Negative performance effects of image data augmentation.md
Concepts/Oriented bounding boxes,Concepts,Oriented bounding boxes,OBB | rotated bounding boxes,,,,,,,,Concepts/Oriented bounding boxes.md
Concepts/Perovskite solar cells,Concepts,Perovskite solar cells,PSC | PSCs | MASnI3 perovskite solar cells,,,,,,,,Concepts/Perovskite solar cells.md
Concepts/Shortcut learning,Concepts,Shortcut learning,context-driven shortcuts | spurious cues,,,,,,,,Concepts/Shortcut learning.md
Concepts/Surface defect detection,Concepts,Surface defect detection,Industrial surface defect detection | Defect detection,,,,,,,,Concepts/Surface defect detection.md
Datasets/Availability Unspecified/A-SEE-Q,Datasets,A-SEE-Q,Augmented SEE-Q,stable,,,unspecified,,,https://github.com/RicardoSPeres/simulation-synth-adhesive,Datasets/Availability Unspecified/A-SEE-Q.md
Datasets/Availability Unspecified/Automotive plastic parts dataset,Datasets,Automotive plastic parts dataset,,stable,,,unspecified,,,,Datasets/Availability Unspecified/Automotive plastic parts dataset.md
Datasets/Availability Unspecified/Baidu aluminium surface defect dataset,Datasets,Baidu aluminium surface defect dataset,Baidu PaddlePaddle aluminium surface defect dataset | Aluminium surface defect dataset,,,,unspecified,,,,Datasets/Availability Unspecified/Baidu aluminium surface defect dataset.md
Datasets/Availability Unspecified/BBMP,Datasets,BBMP,Glass bottle bottom mold point dataset | Bottle bottom mold point dataset,,,,unspecified,,,,Datasets/Availability Unspecified/BBMP.md
Datasets/Availability Unspecified/BeesBook marker dataset,Datasets,BeesBook marker dataset,Bee marker dataset,,,,unspecified,,,,Datasets/Availability Unspecified/BeesBook marker dataset.md
Datasets/Availability Unspecified/CamVid,Datasets,CamVid,,,,,unspecified,,,,Datasets/Availability Unspecified/CamVid.md
Datasets/Availability Unspecified/CARPK,Datasets,CARPK,CARPK dataset,,,,unspecified,,,,Datasets/Availability Unspecified/CARPK.md
Datasets/Availability Unspecified/CBCL StreetScenes,Datasets,CBCL StreetScenes,,,,,unspecified,,,,Datasets/Availability Unspecified/CBCL StreetScenes.md
Datasets/Availability Unspecified/CGD,Datasets,CGD,Construction Glass Defects | Construction glass defect dataset,,,,unspecified,,,https://github.com/FisherYuuri/GSDNet,Datasets/Availability Unspecified/CGD.md
Datasets/Availability Unspecified/CIFAR-10,Datasets,CIFAR-10,,,,,unspecified,,,,Datasets/Availability Unspecified/CIFAR-10.md
Datasets/Availability Unspecified/Cityscapes,Datasets,Cityscapes,Cityscapes dataset,,,,unspecified,,,,Datasets/Availability Unspecified/Cityscapes.md
Datasets/Availability Unspecified/Commutator Cylinder Surface Defect Dataset,Datasets,Commutator Cylinder Surface Defect Dataset,Commutator Cylinder Surface Defect Dataset,,,,unspecified,,,,Datasets/Availability Unspecified/Commutator Cylinder Surface Defect Dataset.md
Datasets/Availability Unspecified/CrackForestDataset,Datasets,CrackForestDataset,CFD,,,,unspecified,,,,Datasets/Availability Unspecified/CrackForestDataset.md
Datasets/Availability Unspecified/DAGM,Datasets,DAGM,,stable,,,unspecified,,,,Datasets/Availability Unspecified/DAGM.md
Datasets/Availability Unspecified/Domain-randomized KITTI car detection synthetic dataset,Datasets,Domain-randomized KITTI car detection synthetic dataset,Tremblay DR car detection dataset,,,,unspecified,,,,Datasets/Availability Unspecified/Domain-randomized KITTI car detection synthetic dataset.md
Datasets/Availability Unspecified/EL Solar Cells Dataset,Datasets,EL Solar Cells Dataset,EL Solar Cells | EL Solar Cells dataset,,,,unspecified,,,,Datasets/Availability Unspecified/EL Solar Cells Dataset.md
Datasets/Availability Unspecified/Eyecandies,Datasets,Eyecandies,EyeCandies,,,,unspecified,,,,Datasets/Availability Unspecified/Eyecandies.md
Datasets/Availability Unspecified/Fabric Dataset,Datasets,Fabric Dataset,Fabric Dataset,,,,unspecified,,,,Datasets/Availability Unspecified/Fabric Dataset.md
Datasets/Availability Unspecified/Fiber placement laser line scan images,Datasets,Fiber placement laser line scan images,Laser line scan sensor images from six fiber placement inspection cases,stable,,,unspecified,,,,Datasets/Availability Unspecified/Fiber placement laser line scan images.md
Datasets/Availability Unspecified/GLUE,Datasets,GLUE,General Language Understanding Evaluation,,,,unspecified,,,https://gluebenchmark.com/leaderboard,Datasets/Availability Unspecified/GLUE.md
Datasets/Availability Unspecified/Hand-labeled real CT defect scans,Datasets,Hand-labeled real CT defect scans,Two real CT scans with high-quality hand-labeled ground truth,stable,,,unspecified,,,,Datasets/Availability Unspecified/Hand-labeled real CT defect scans.md
Datasets/Availability Unspecified/IMDB movie reviews,Datasets,IMDB movie reviews,IMDB movie review dataset,,,,unspecified,,,,Datasets/Availability Unspecified/IMDB movie reviews.md
Datasets/Availability Unspecified/Industrial defect detection augmentation datasets,Datasets,Industrial defect detection augmentation datasets,Industrial defect detection augmentation datasets,,,,unspecified,,,,Datasets/Availability Unspecified/Industrial defect detection augmentation datasets.md
Datasets/Availability Unspecified/Industrial electric parts synthetic dataset,Datasets,Industrial electric parts synthetic dataset,,,,,unspecified,,,,Datasets/Availability Unspecified/Industrial electric parts synthetic dataset.md
Datasets/Availability Unspecified/IP-def,Datasets,IP-def,Insulation partition defect dataset,,,,unspecified,,,,Datasets/Availability Unspecified/IP-def.md
Datasets/Availability Unspecified/KITTI,Datasets,KITTI,KITTI dataset,,,,unspecified,,,,Datasets/Availability Unspecified/KITTI.md
Datasets/Availability Unspecified/LaceCls,Datasets,LaceCls,LaceCls dataset,,,,unspecified,,,,Datasets/Availability Unspecified/LaceCls.md
Datasets/Availability Unspecified/Magnetic Particle Inspection Dataset,Datasets,Magnetic Particle Inspection Dataset,Magnetic Particle Inspection Dataset,,,,unspecified,,,,Datasets/Availability Unspecified/Magnetic Particle Inspection Dataset.md
Datasets/Availability Unspecified/Metal Hook Defect Dataset,Datasets,Metal Hook Defect Dataset,,,,,unspecified,,,,Datasets/Availability Unspecified/Metal Hook Defect Dataset.md
Datasets/Availability Unspecified/Metal Iron Sheet Dataset,Datasets,Metal Iron Sheet Dataset,,,,,unspecified,,,,Datasets/Availability Unspecified/Metal Iron Sheet Dataset.md
Datasets/Availability Unspecified/Metal parts complex conditions dataset,Datasets,Metal parts complex conditions dataset,Metal parts complex conditions dataset,,,,unspecified,,,,Datasets/Availability Unspecified/Metal parts complex conditions dataset.md
Datasets/Availability Unspecified/Metal Phone Band Dataset,Datasets,Metal Phone Band Dataset,,,,,unspecified,,,,Datasets/Availability Unspecified/Metal Phone Band Dataset.md
Datasets/Availability Unspecified/Mobile Phone Flat Glass Defect Dataset,Datasets,Mobile Phone Flat Glass Defect Dataset,Mobile phone flat glass dataset | Cell phone flat glass defect dataset,,,,unspecified,,,,Datasets/Availability Unspecified/Mobile Phone Flat Glass Defect Dataset.md
Datasets/Availability Unspecified/MPIIGaze,Datasets,MPIIGaze,,,,,unspecified,,,,Datasets/Availability Unspecified/MPIIGaze.md
Datasets/Availability Unspecified/NYU hand pose dataset,Datasets,NYU hand pose dataset,NYU hand pose,,,,unspecified,,,,Datasets/Availability Unspecified/NYU hand pose dataset.md
Datasets/Availability Unspecified/O-ring Dataset,Datasets,O-ring Dataset,,,,,unspecified,,,,Datasets/Availability Unspecified/O-ring Dataset.md
Datasets/Availability Unspecified/OGD-DET,Datasets,OGD-DET,OGD | OGD DataSet | DataSet of DR1 Optical Glass | Optical glass defect dataset | OGD-DET dataset upon request,,,,unspecified,,,https://pntehan.github.io/OGD-DET/,Datasets/Availability Unspecified/OGD-DET.md
Datasets/Availability Unspecified/PCB defect recognition dataset,Datasets,PCB defect recognition dataset,Con-GAN PCB defect recognition dataset,,,,unspecified,,,,Datasets/Availability Unspecified/PCB defect recognition dataset.md
Datasets/Availability Unspecified/PCB electronic component inspection dataset,Datasets,PCB electronic component inspection dataset,PCB electronic component inspection dataset,,,,unspecified,,,https://github.com/long-deep/pcb-detect,Datasets/Availability Unspecified/PCB electronic component inspection dataset.md
Datasets/Availability Unspecified/Photovoltaic panel defect dataset,Datasets,Photovoltaic panel defect dataset,Solar panel defect dataset,,,,unspecified,,,,Datasets/Availability Unspecified/Photovoltaic panel defect dataset.md
Datasets/Availability Unspecified/Piston Dataset,Datasets,Piston Dataset,Piston Dataset,,,,unspecified,,,,Datasets/Availability Unspecified/Piston Dataset.md
Datasets/Availability Unspecified/PKU-Market-PCB,Datasets,PKU-Market-PCB,PKU-Market-PCB dataset | PKU Market PCB,,,,unspecified,,,,Datasets/Availability Unspecified/PKU-Market-PCB.md
Datasets/Availability Unspecified/Printed product surface dataset,Datasets,Printed product surface dataset,,stable,,,unspecified,,,,Datasets/Availability Unspecified/Printed product surface dataset.md
Datasets/Availability Unspecified/Real-IAD D3,Datasets,Real-IAD D3,Real-IAD D³ | Real-IAD D3,,,,unspecified,,,https://realiad4ad.github.io/Real-IAD_D3,Datasets/Availability Unspecified/Real-IAD D3.md
Datasets/Availability Unspecified/Real-world endoscopic defect image test dataset,Datasets,Real-world endoscopic defect image test dataset,,stable,,,unspecified,,,,Datasets/Availability Unspecified/Real-world endoscopic defect image test dataset.md
Datasets/Availability Unspecified/Real-world endoscopic defect image training dataset,Datasets,Real-world endoscopic defect image training dataset,,stable,,,unspecified,,,,Datasets/Availability Unspecified/Real-world endoscopic defect image training dataset.md
Datasets/Availability Unspecified/RSDDs,Datasets,RSDDs,,stable,,,unspecified,,,,Datasets/Availability Unspecified/RSDDs.md
Datasets/Availability Unspecified/RSGD,Datasets,RSGD,Recycled Mobile Screen Defects | Recycled mobile screen defect dataset,,,,unspecified,,,https://github.com/FisherYuuri/GSDNet,Datasets/Availability Unspecified/RSGD.md
Datasets/Availability Unspecified/RUOD,Datasets,RUOD,Rethinking general underwater object detection,,,,unspecified,,,,Datasets/Availability Unspecified/RUOD.md
Datasets/Availability Unspecified/SAPF,Datasets,SAPF,Solar aluminum profile frame surface defect dataset,stable,,,unspecified,,,,Datasets/Availability Unspecified/SAPF.md
Datasets/Availability Unspecified/SDR synthetic vehicle dataset,Datasets,SDR synthetic vehicle dataset,Structured domain randomization vehicle data,,,,unspecified,,,,Datasets/Availability Unspecified/SDR synthetic vehicle dataset.md
Datasets/Availability Unspecified/SEE-Q,Datasets,SEE-Q,,stable,,,unspecified,,,https://github.com/RicardoSPeres/simulation-synth-adhesive,Datasets/Availability Unspecified/SEE-Q.md
Datasets/Availability Unspecified/Semiconductor visual inspection dataset,Datasets,Semiconductor visual inspection dataset,Semiconductor visual inspection dataset,,,,unspecified,,,,Datasets/Availability Unspecified/Semiconductor visual inspection dataset.md
Datasets/Availability Unspecified/Simulated CT defect scans,Datasets,Simulated CT defect scans,Realistically simulated CT scans,stable,,,unspecified,,,,Datasets/Availability Unspecified/Simulated CT defect scans.md
Datasets/Availability Unspecified/Six public industrial image datasets,Datasets,Six public industrial image datasets,,,,,unspecified,,,,Datasets/Availability Unspecified/Six public industrial image datasets.md
Datasets/Availability Unspecified/SQuAD v1.1,Datasets,SQuAD v1.1,Stanford Question Answering Dataset v1.1,,,,unspecified,,,,Datasets/Availability Unspecified/SQuAD v1.1.md
Datasets/Availability Unspecified/SQuAD v2.0,Datasets,SQuAD v2.0,Stanford Question Answering Dataset v2.0,,,,unspecified,,,,Datasets/Availability Unspecified/SQuAD v2.0.md
Datasets/Availability Unspecified/Surface defect limited-data benchmark datasets,Datasets,Surface defect limited-data benchmark datasets,Surface defect limited-data benchmark datasets,,,,unspecified,,,,Datasets/Availability Unspecified/Surface defect limited-data benchmark datasets.md
Datasets/Availability Unspecified/SWAG,Datasets,SWAG,Situations With Adversarial Generations,,,,unspecified,,,,Datasets/Availability Unspecified/SWAG.md
Datasets/Availability Unspecified/Synthetic steel defect dataset,Datasets,Synthetic steel defect dataset,Synthetic steel defect dataset,,,,unspecified,,,,Datasets/Availability Unspecified/Synthetic steel defect dataset.md
Datasets/Availability Unspecified/Synthetic turbocharger housing defect dataset,Datasets,Synthetic turbocharger housing defect dataset,,stable,,,unspecified,,,,Datasets/Availability Unspecified/Synthetic turbocharger housing defect dataset.md
Datasets/Availability Unspecified/Taiwan company 21-defect wafer map dataset,Datasets,Taiwan company 21-defect wafer map dataset,,,,,unspecified,,,,Datasets/Availability Unspecified/Taiwan company 21-defect wafer map dataset.md
Datasets/Availability Unspecified/Tobin geometric object localization dataset,Datasets,Tobin geometric object localization dataset,,,,,unspecified,,,,Datasets/Availability Unspecified/Tobin geometric object localization dataset.md
Datasets/Availability Unspecified/UCI classification benchmarks,Datasets,UCI classification benchmarks,UCI repository classification datasets,,,,unspecified,,,,Datasets/Availability Unspecified/UCI classification benchmarks.md
Datasets/Availability Unspecified/UnityEyes,Datasets,UnityEyes,,,,,unspecified,,,,Datasets/Availability Unspecified/UnityEyes.md
Datasets/Availability Unspecified/Urban LabelMe,Datasets,Urban LabelMe,,,,,unspecified,,,,Datasets/Availability Unspecified/Urban LabelMe.md
Datasets/Availability Unspecified/WAAM metallic surface defect dataset,Datasets,WAAM metallic surface defect dataset,Wire and arc additive manufacturing surface defect dataset,,,,unspecified,,,,Datasets/Availability Unspecified/WAAM metallic surface defect dataset.md
Datasets/Availability Unspecified/WMT 2014 English-French,Datasets,WMT 2014 English-French,WMT 2014 English-to-French,,,,unspecified,,,,Datasets/Availability Unspecified/WMT 2014 English-French.md
Datasets/Availability Unspecified/WMT 2014 English-German,Datasets,WMT 2014 English-German,WMT 2014 English-to-German,,,,unspecified,,,,Datasets/Availability Unspecified/WMT 2014 English-German.md
Datasets/Availability Unspecified/Woven fabric defect dataset,Datasets,Woven fabric defect dataset,Woven fabric defect dataset,,,,unspecified,,,,Datasets/Availability Unspecified/Woven fabric defect dataset.md
Datasets/Dataset Source Links,Datasets,Dataset Source Links,,,,,not reported,,,,Datasets/Dataset Source Links.md
Datasets/Private/AuGD,Datasets,AuGD,Automotive Glass Defects | Automotive glass defect dataset,,,,private,,,https://github.com/FisherYuuri/GSDNet,Datasets/Private/AuGD.md
Datasets/Private/Demirci custom EL dataset,Datasets,Demirci custom EL dataset,custom real-world EL dataset,,,,private,,,,Datasets/Private/Demirci custom EL dataset.md
Datasets/Public/AGDD,Datasets,AGDD,Aircraft Glass Defect Dataset | Aircraft glass canopy defect dataset,,,,public,,,https://github.com/core128/AGDD,Datasets/Public/AGDD.md
Datasets/Public/AITEX,Datasets,AITEX,AITEX | AITEX AFID | Public fabric defect database,,,,public,,,https://www.aitex.es/afid/,Datasets/Public/AITEX.md
Datasets/Public/APDDD,Datasets,APDDD,Aluminum Profile Surface Defect Detection Dataset | Aluminum Profile Surface Detection Database,,,,public,,,https://tianchi.aliyun.com/dataset/148297,Datasets/Public/APDDD.md
Datasets/Public/AutoVI,Datasets,AutoVI,AutoVI | Automotive Visual Inspection Dataset | The Automotive Visual Inspection Dataset,,,,public,,10.5281/zenodo.10459003,https://zenodo.org/records/10459003,Datasets/Public/AutoVI.md
Datasets/Public/Batavia and Sarga woven fabric images,Datasets,Batavia and Sarga woven fabric images,Original and processed dataset of Batavia and Sarga woven fabric images | Batavia and Sarga fabric defect dataset,,,,public,,,https://doi.org/10.36443/10259/9965,Datasets/Public/Batavia and Sarga woven fabric images.md
Datasets/Public/BenchmarkELimages,Datasets,BenchmarkELimages,Benchmark datasets for defect detection in EL images of solar cells using semantic segmentation | Benchmark dataset of solar PV EL images and ground truth masks | PV EL semantic segmentation benchmark,,,,public,,,https://github.com/TheMakiran/BenchmarkELimages,Datasets/Public/BenchmarkELimages.md
Datasets/Public/Bosch Production Line Performance,Datasets,Bosch Production Line Performance,Bosch Production Line Performance | Bosch Production Line Performance dataset | Bosch assembly line fault detection dataset,,,,public,,,https://www.kaggle.com/c/bosch-production-line-performance,Datasets/Public/Bosch Production Line Performance.md
Datasets/Public/Bosch Surface Defect Inspection Dataset,Datasets,Bosch Surface Defect Inspection Dataset,Bosch Surface Defect Inspection Dataset | Bosch industrial dataset | Surface Defect Inspection | SDI,,,,public,,,https://github.com/boschresearch/The-Surface-Defect-Inspection-Dataset,Datasets/Public/Bosch Surface Defect Inspection Dataset.md
Datasets/Public/Bottle-Cap Dataset,Datasets,Bottle-Cap Dataset,Bottle-Cap Dataset | BottleCap | BC defects | Bottle-Cap,,,,public,,,https://github.com/zhg-SZPT/MeDetection/tree/master/dataset/BC%20defects,Datasets/Public/Bottle-Cap Dataset.md
Datasets/Public/BSData,Datasets,BSData,Industrial Machine Tool Component Surface Defect Dataset | Industrial Machine Tool Element Surface Defect Dataset | Ball Screw Drive Surface Defect Dataset,stable,,,public,,10.5445/IR/1000129520,https://github.com/2Obe/BSData,Datasets/Public/BSData.md
Datasets/Public/BTAD,Datasets,BTAD,BTAD | BeanTech | BeanTech Anomaly Detection | BeanTech AD,,,,public,,,http://avires.dimi.uniud.it/papers/btad/btad.zip,Datasets/Public/BTAD.md
Datasets/Public/CarDD,Datasets,CarDD,Car Damage Detection | CarDD dataset | Car Damage Detection dataset,,,,public,,,https://cardd-ustc.github.io/,Datasets/Public/CarDD.md
Datasets/Public/COCO,Datasets,COCO,MS COCO | COCO detection,,,,public,,,http://mscoco.org/dataset/#detections-challenge2015,Datasets/Public/COCO.md
Datasets/Public/CODEBRIM,Datasets,CODEBRIM,,stable,,,public,,,https://doi.org/10.5281/zenodo.2620293,Datasets/Public/CODEBRIM.md
Datasets/Public/Compressor blade borescope images,Datasets,Compressor blade borescope images,Stage 4 high-pressure compressor blade images from borescope inspection video,stable,,,public,,,https://www.youtube.com/watch?v=eO6GRU4RfC4,Datasets/Public/Compressor blade borescope images.md
Datasets/Public/CottonSFDG,Datasets,CottonSFDG,CottonSFDG | Cotton-Fabric | Standard Fabric Defect Glossary | Cotton Incorporated fabric defect glossary,,,,public,,,https://www.cottoninc.com/quality-products/textile-resources/fabric-defect-glossary,Datasets/Public/CottonSFDG.md
Datasets/Public/CSDD,Datasets,CSDD,Casting Surface Defect Dataset | CSDD benchmark dataset,,,,public,,,https://github.com/Kerio99/CSDD,Datasets/Public/CSDD.md
Datasets/Public/DAGM2007,Datasets,DAGM2007,DAGM2007 | DAGM 2007 | Weakly supervised learning for industrial optical inspection,,,,public,,10.5281/zenodo.8086136,https://zenodo.org/records/8086136,Datasets/Public/DAGM2007.md
Datasets/Public/Dataset of Solar Cells Defect Segmentation,Datasets,Dataset of Solar Cells Defect Segmentation,Dataset_of_solar_cells-defect_segmentation | SolarCells | SolarCells-S | PVEL-S | xiaoyunchen666 dataset-of-solar-cells-defect-segmentation,,,,public,,,https://www.kaggle.com/datasets/xiaoyunchen666/dataset-of-solar-cells-defect-segmentation,Datasets/Public/Dataset of Solar Cells Defect Segmentation.md
Datasets/Public/DeepPCB,Datasets,DeepPCB,,,,,public,,,https://github.com/tangsanli5201/DeepPCB,Datasets/Public/DeepPCB.md
Datasets/Public/Defect Spectrum,Datasets,Defect Spectrum,Defect Spectrum | Defect Spectrum benchmark,,,,public,,,https://envision-research.github.io/Defect_Spectrum/,Datasets/Public/Defect Spectrum.md
Datasets/Public/DME Fabric Defect Detection Dataset,Datasets,DME Fabric Defect Detection Dataset,20250129_Fabric_defects | DME Fabric Defect Detection Dataset | 4fcvnr77sb,,,,public,,10.17632/4fcvnr77sb.1,https://data.mendeley.com/datasets/4fcvnr77sb/1,Datasets/Public/DME Fabric Defect Detection Dataset.md
Datasets/Public/Driving synthetic scene flow dataset,Datasets,Driving synthetic scene flow dataset,Driving dataset,,,,public,,,http://lmb.informatik.uni-freiburg.de/resources/datasets/,Datasets/Public/Driving synthetic scene flow dataset.md
Datasets/Public/DsPCBSD+,Datasets,DsPCBSD+,DsPCBSD+,,,,public,,10.6084/m9.figshare.24970329,https://doi.org/10.6084/m9.figshare.24970329,Datasets/Public/DsPCBSD+.md
Datasets/Public/EL-2019,Datasets,EL-2019,EL-2019,,,,public,,,https://github.com/binyisu/EL-2019,Datasets/Public/EL-2019.md
Datasets/Public/ELPV Dataset,Datasets,ELPV Dataset,elpv-dataset | A Benchmark for Visual Identification of Defective Solar Cells in Electroluminescence Imagery | Defective solar cells in electroluminescence imagery,,,,public,,,https://github.com/zae-bayern/elpv-dataset,Datasets/Public/ELPV Dataset.md
Datasets/Public/FabricSpotDefect,Datasets,FabricSpotDefect,FabricSpotDefect dataset | FabricSpotDefect: An Annotated Dataset for Identifying Spot Defects in Different Fabric Types,,,,public,,,https://data.mendeley.com/datasets/6574nhzm8x/1,Datasets/Public/FabricSpotDefect.md
Datasets/Public/FD_Dataset,Datasets,FD_Dataset,FD_Dataset | FD_Dataset.7z | Fabric Defects Object Detection Dataset,,,,public,,10.6084/m9.figshare.25546465.v2,https://figshare.com/articles/dataset/FD_Dataset_7z/25546465,Datasets/Public/FD_Dataset.md
Datasets/Public/FlyingThings3D,Datasets,FlyingThings3D,Flying Things 3D,,,,public,,,http://lmb.informatik.uni-freiburg.de/resources/datasets/,Datasets/Public/FlyingThings3D.md
Datasets/Public/GC10-DET,Datasets,GC10-DET,GC10-DET Metallic Surface Defect Dataset | Defects location for metal surface,,,,public,,,https://github.com/lvxiaoming2019/GC10-DET-Metallic-Surface-Defect-Datasets,Datasets/Public/GC10-DET.md
Datasets/Public/Gearbox components remanufacturing inspection dataset,Datasets,Gearbox components remanufacturing inspection dataset,gearboxcomponents-remanufacturing-inspection | Gearbox components remanufacturing inspection | Remanufacturing gearbox component dataset,,,,public,,,https://www.kaggle.com/datasets/jhnnsbr/gearboxcomponents-remanufacturing-inspection,Datasets/Public/Gearbox components remanufacturing inspection dataset.md
Datasets/Public/Glass Bangle Defect Detection Classification,Datasets,Glass Bangle Defect Detection Classification,Kaggle glass bangle defect dataset | Glass bangle defect classification dataset,,,,public,,,https://www.kaggle.com/datasets/almique/glass-bangle-defect-detection-classification,Datasets/Public/Glass Bangle Defect Detection Classification.md
Datasets/Public/Glass Defects,Datasets,Glass Defects,Kaggle glass-defect | Laminated glass defect dataset | Annotated dataset for training and testing defect detection in laminated glass,,,,public,,,https://www.kaggle.com/datasets/pedrocanoas/glass-defect,Datasets/Public/Glass Defects.md
Datasets/Public/Heat Sink Surface Defect Dataset,Datasets,Heat Sink Surface Defect Dataset,Heat sink surface defect dataset | kaifengyang/heat-sink-surface-defect-dataset,,,,public,,,https://www.kaggle.com/datasets/kaifengyang/heat-sink-surface-defect-dataset,Datasets/Public/Heat Sink Surface Defect Dataset.md
Datasets/Public/HRIPCB,Datasets,HRIPCB,PKU-Market-PCB | PKU-PCB | Peking University PCB dataset | Printed circuit board (PCB) defect dataset | A PCB Dataset for Defects Detection and Classification dataset,,,,public,,,https://robotics.pkusz.edu.cn/resources/datasetENG/,Datasets/Public/HRIPCB.md
Datasets/Public/HSS-IAD,Datasets,HSS-IAD,HSS-IAD,stable,,,public,,,https://github.com/Qiqigeww/HSS-IAD-Dataset,Datasets/Public/HSS-IAD.md
Datasets/Public/ImageNet,Datasets,ImageNet,ImageNet | ILSVRC,,,,public,,10.1109/CVPR.2009.5206848,https://www.image-net.org/,Datasets/Public/ImageNet.md
Datasets/Public/Industrial-5i,Datasets,Industrial-5i,Industrial 5i | A Data Set For Few-Shot Segmentation on Industrial Surface Defect Detation,stable,,,public,,10.57760/sciencedb.06908,https://www.scidb.cn/en/detail?dataSetId=e1c585f563ff47c58bbacd832bac12ba,Datasets/Public/Industrial-5i.md
Datasets/Public/InfraredSolarModules,Datasets,InfraredSolarModules,Infrared Solar Modules | Infrared Solar Module Dataset | InfraredSolarModules dataset,,,,public,,,https://github.com/RaptorMaps/InfraredSolarModules,Datasets/Public/InfraredSolarModules.md
Datasets/Public/KolektorSDD,Datasets,KolektorSDD,KolektorSDD,stable,,,public,,,https://www.vicos.si/resources/kolektorsdd/,Datasets/Public/KolektorSDD.md
Datasets/Public/KolektorSDD2,Datasets,KolektorSDD2,KolektorSDD2,stable,,,public,,,https://www.vicos.si/Downloads/KolektorSDD2,Datasets/Public/KolektorSDD2.md
Datasets/Public/LoHi-WELD,Datasets,LoHi-WELD,LoHi-WELD,,,,public,,10.1109/ACCESS.2024.3407019,https://github.com/SylvioBlock/LoHi-Weld,Datasets/Public/LoHi-WELD.md
Datasets/Public/Lusitano,Datasets,Lusitano,Lusitano dataset | Projeto Lusitano fabric defect dataset,,,,public,,,https://kailashhambarde.github.io/Lusitano/,Datasets/Public/Lusitano.md
Datasets/Public/Magnetic Tile Defects,Datasets,Magnetic Tile Defects,Magnetic Tile Defects | Magnetic Tile Defect Dataset | Magnetic tile defect datasets | Magnetic tile surface defects,,,,public,,,https://github.com/abin24/Magnetic-tile-defect-datasets.,Datasets/Public/Magnetic Tile Defects.md
Datasets/Public/Metal Surface Defects Dataset,Datasets,Metal Surface Defects Dataset,C5Data2 | c5data2 | niclinn/c5data2,subset,,,public,,,https://www.kaggle.com/datasets/niclinn/c5data2,Datasets/Public/Metal Surface Defects Dataset.md
Datasets/Public/MixedWM38,Datasets,MixedWM38,MixedWM38 wafer map dataset,,,,public,,,https://github.com/Junliangwangdhu/WaferMap,Datasets/Public/MixedWM38.md
Datasets/Public/MNIST,Datasets,MNIST,MNIST dataset,,,,public,,,http://www.research.att.com/~yann/ocr/mnist,Datasets/Public/MNIST.md
Datasets/Public/Monkaa,Datasets,Monkaa,,,,,public,,,http://lmb.informatik.uni-freiburg.de/resources/datasets/,Datasets/Public/Monkaa.md
Datasets/Public/MPDD,Datasets,MPDD,MPDD,,,,public,,,https://github.com/stepanje/MPDD,Datasets/Public/MPDD.md
Datasets/Public/MPDD2,Datasets,MPDD2,MPDD2 | Metal Parts Defect Detection Dataset 2 | Real-world industrial anomaly benchmark dataset | metal parts fabrication anomaly benchmark,,,,public,,,https://github.com/stepanje/MPDD2,Datasets/Public/MPDD2.md
Datasets/Public/MSD,Datasets,MSD,Mobile Phone Screen Surface Defect Dataset | MSD smartphone screen defect dataset | Mobile phone screen Surface Defect dataset,,,,public,,,https://github.com/jianzhang96/MSD,Datasets/Public/MSD.md
Datasets/Public/MSDD,Datasets,MSDD,Metal Surface Defect Dataset | MSDD | Photometric stereo complex structured parts dataset | Complex structured parts surface defect dataset,,,,public,,,https://doi.org/10.57760/sciencedb.10794,Datasets/Public/MSDD.md
Datasets/Public/MVEP,Datasets,MVEP,MVEP version1 | Multi-View Evaluation Protocol for Glass Container Inspection,,,,public,,,https://datasets.projet.liris.cnrs.fr/mvep-version1,Datasets/Public/MVEP.md
Datasets/Public/MVTec AD,Datasets,MVTec AD,MVTec2D,,,,public,,,https://www.mvtec.com/research-teaching/datasets/mvtec-ad,Datasets/Public/MVTec AD.md
Datasets/Public/MVTec AD 2,Datasets,MVTec AD 2,MVTec AD 2 Dataset,,,,public,,,https://www.mvtec.com/research-teaching/datasets/mvtec-ad-2,Datasets/Public/MVTec AD 2.md
Datasets/Public/MVTec Caption,Datasets,MVTec Caption,MVTec Caption,,,,public,,,https://github.com/hujiecpp/MVTec-Caption,Datasets/Public/MVTec Caption.md
Datasets/Public/MVTec LOCO AD,Datasets,MVTec LOCO AD,MVTec LOCO AD,,,,public,,,https://www.mvtec.com/research-teaching/datasets/mvtec-loco-ad,Datasets/Public/MVTec LOCO AD.md
Datasets/Public/MVTec3D,Datasets,MVTec3D,MVTec 3D,,,,public,,,https://www.mvtec.com/research-teaching/datasets/mvtec-3d-ad,Datasets/Public/MVTec3D.md
Datasets/Public/NEU-CLS,Datasets,Northeastern University (NEU) surface defect database,Northeastern University surface defect database | NEU surface defect database | NEU-CLS | NEU classification dataset,,,,public,,,https://faculty.neu.edu.cn/songkechen/zh_CN/zdylm/263270/list/index.htm,Datasets/Public/NEU-CLS.md
Datasets/Public/NEU-DET,Datasets,NEU-DET,Northeastern University surface defect dataset,,,,public,,,https://faculty.neu.edu.cn/songkechen/zh_CN/zdylm/263270/list/index.htm,Datasets/Public/NEU-DET.md
Datasets/Public/NEU-SEG,Datasets,NEU-SEG,NEU-SEG | NEU-Seg | NEU Seg,,,,public,,,http://faculty.neu.edu.cn/songkechen/zh_CN/zdylm/263270/list/index.htm,Datasets/Public/NEU-SEG.md
Datasets/Public/Open Stamped Parts Dataset,Datasets,Open Stamped Parts Dataset,OSPD | Open Stamped Parts Dataset | Synthetic-OSPD,,,,public,,10.48550/arXiv.2403.10369,https://214557p1st.blob.core.windows.net/public/case2024.ZIP,Datasets/Public/Open Stamped Parts Dataset.md
Datasets/Public/Pharmaceutical bag thermal sealing defect dataset,Datasets,Pharmaceutical bag thermal sealing defect dataset,Thermal imaging pharmaceutical bag sealing defect dataset,,,,public,,,https://doi.org/10.5281/zenodo.18616983,Datasets/Public/Pharmaceutical bag thermal sealing defect dataset.md
Datasets/Public/PV Panel Defect Dataset,Datasets,PV Panel Defect Dataset,PV panel defect dataset | Alicja Lenarczyk PV Panel Defect Dataset | Solar PV panel defect dataset,,,,public,,,https://www.kaggle.com/datasets/alicjalena/pv-panel-defect-dataset,Datasets/Public/PV Panel Defect Dataset.md
Datasets/Public/PV-IV-EL,Datasets,PV-IV-EL,Photovoltaic Module Current-Voltage and Electroluminescence Image Data | Photovoltaic Module Current-Voltage and Electroluminescence Image Data (PV-IV-EL),,,,public,,,https://data.openei.org/submissions/8378,Datasets/Public/PV-IV-EL.md
Datasets/Public/PV-Multi-Defect,Datasets,PV-Multi-Defect,PV Multi-Defect dataset | PV panel surface-defect detection dataset,,,,public,,,https://github.com/CCNUZFW/PV-Multi-Defect,Datasets/Public/PV-Multi-Defect.md
Datasets/Public/PVEL-AD,Datasets,PVEL-AD,PV EL Anomaly Detection dataset | PVEL-AD-2021 | PVEL-AD-2019 | PV Panel EL,,,,public,,,https://github.com/binyisu/PVEL-AD,Datasets/Public/PVEL-AD.md
Datasets/Public/rCXR,Datasets,rCXR,re-curated chest X-ray,,,,public,,,,Datasets/Public/rCXR.md
Datasets/Public/Real-IAD,Datasets,Real-IAD,Real-IAD,,,,public,,,https://realiad4ad.github.io/Real-IAD,Datasets/Public/Real-IAD.md
Datasets/Public/RSW gun fault prediction benchmark dataset,Datasets,RSW gun fault prediction benchmark dataset,RSW gun fault prediction benchmark data set | Resistance spot welding gun fault prediction benchmark dataset | Welding gun fault prediction benchmark dataset,,,,public,,10.5281/zenodo.7655193,https://zenodo.org/records/7655193,Datasets/Public/RSW gun fault prediction benchmark dataset.md
Datasets/Public/SCAN,Datasets,SCAN,Simplified CommAI Navigation tasks,,,,public,,,https://github.com/brendenlake/SCAN,Datasets/Public/SCAN.md
Datasets/Public/Severstal Steel Defect Dataset,Datasets,Severstal Steel Defect Dataset,Severstal Steel defect dataset | Severstal Steel,stable,,,public,,,https://www.kaggle.com/c/severstal-steel-defect-detection,Datasets/Public/Severstal Steel Defect Dataset.md
Datasets/Public/SolarDK,Datasets,SolarDK,SolarDK dataset | SolarDK: A high-resolution urban solar panel image classification and localisation dataset,,,,public,,,https://osf.io/aj539/overview,Datasets/Public/SolarDK.md
Datasets/Public/SSGD,Datasets,SSGD,Smartphone Screen Glass Dataset | Smartphone screen glass defect dataset,,,,public,,,https://github.com/VincentHancoder/SSGD,Datasets/Public/SSGD.md
Datasets/Public/Structural Adhesive Defects Dataset,Datasets,Structural Adhesive Defects Dataset,GAN_Synth_Adhesive | GAN Structural Adhesive Dataset | Structural adhesive GAN dataset | Structural Adhesive Defects | adhesive1024,stable,,,public,,,https://github.com/RicardoSPeres/GAN_Synth_Adhesive/releases/tag/v1.0,Datasets/Public/Structural Adhesive Defects Dataset.md
Datasets/Public/SYNTHIA,Datasets,SYNTHIA,SYNTHIA dataset,,,,public,,,http://adas.cvc.uab.es/synthia,Datasets/Public/SYNTHIA.md
Datasets/Public/Thermal PV Panel Detection and Fault Detection Dataset for UAV-Based Inspection,Datasets,Thermal PV Panel Detection and Fault Detection Dataset for UAV-Based Inspection,Thermal PV Panel Detection Dataset for UAV Inspection | Synthetic PV fault dataset | UAV thermal PV panel detection dataset,,,,public,,10.5281/zenodo.16420123,https://zenodo.org/records/16420123,Datasets/Public/Thermal PV Panel Detection and Fault Detection Dataset for UAV-Based Inspection.md
Datasets/Public/Tianchi aluminium profile surface defect dataset,Datasets,Tianchi aluminium profile surface defect dataset,Tianchi aluminum profile surface defect dataset | Tianchi aluminium profile defect dataset,,,,public,,,,Datasets/Public/Tianchi aluminium profile surface defect dataset.md
Datasets/Public/Tianchi-TILE,Datasets,Tianchi-TILE,Aliyun Tianchi ceramic tile defect detection dataset,,,,public,,,,Datasets/Public/Tianchi-TILE.md
Datasets/Public/TILDA,Datasets,TILDA,TILDA Textile Texture Database | TILDA Textile Texture-Database,,,,public,,,https://lmb.informatik.uni-freiburg.de/resources/datasets/tilda.en.html,Datasets/Public/TILDA.md
Datasets/Public/VisA,Datasets,VisA,VisA,,,,public,,,https://github.com/amazon-science/spot-diff,Datasets/Public/VisA.md
Datasets/Public/WM-811K,Datasets,WM-811K,WM811K | WM-811k,,,,public,,,https://www.kaggle.com/datasets/qingyi/wm811k-wafer-map/data,Datasets/Public/WM-811K.md
Datasets/Public/Workpiece surface defect dataset,Datasets,Workpiece surface defect dataset,Workpiece surface defect dataset,,,,public,,,https://gitcode.com/open-source-toolkit/fa031,Datasets/Public/Workpiece surface defect dataset.md
Datasets/Public/X-SDD,Datasets,X-SDD,Xsteel Surface Defect Dataset | X-SDD Database | strip steel surface defect dataset,,,,public,,,https://www.kaggle.com/datasets/sayelabualigah/x-sdd,Datasets/Public/X-SDD.md
Datasets/Public/ZJU-Leaper,Datasets,ZJU-Leaper,ZJU-Leaper dataset | ZJU-Leaper fabric dataset,,,,public,,,http://www.qaas.zju.edu.cn/zju-leaper,Datasets/Public/ZJU-Leaper.md
Domains/Automotive/Automotive damage assessment,Domains,Automotive damage assessment,,,,,,,,,Domains/Automotive/Automotive damage assessment.md
Domains/Automotive/Automotive manufacturing,Domains,Automotive manufacturing,,,,,,,,,Domains/Automotive/Automotive manufacturing.md
Domains/Automotive/Autonomous driving,Domains,Autonomous driving,,,,,,,,,Domains/Automotive/Autonomous driving.md
Domains/Emerging Domains/Aerospace and composite manufacturing,Domains,Aerospace and composite manufacturing,,emerging,,,,,,,Domains/Emerging Domains/Aerospace and composite manufacturing.md
Domains/Emerging Domains/Aircraft maintenance,Domains,Aircraft maintenance,,emerging,,,,,,,Domains/Emerging Domains/Aircraft maintenance.md
Domains/Emerging Domains/Animal tracking,Domains,Animal tracking,,emerging,,,,,,,Domains/Emerging Domains/Animal tracking.md
Domains/Emerging Domains/Construction inspection,Domains,Construction inspection,,emerging,,,,,,,Domains/Emerging Domains/Construction inspection.md
Domains/Emerging Domains/Document analysis,Domains,Document analysis,,emerging,,,,,,,Domains/Emerging Domains/Document analysis.md
Domains/Emerging Domains/Electrical power equipment inspection,Domains,Electrical power equipment inspection,Insulation partition defect inspection,emerging,,,,,,,Domains/Emerging Domains/Electrical power equipment inspection.md
Domains/Emerging Domains/Emerging Domains,Domains,Emerging Domains,,,,,,,,,Domains/Emerging Domains/Emerging Domains.md
Domains/Emerging Domains/General computer vision,Domains,General computer vision,,emerging,,,,,,,Domains/Emerging Domains/General computer vision.md
Domains/Emerging Domains/Human-computer interaction,Domains,Human-computer interaction,,emerging,,,,,,,Domains/Emerging Domains/Human-computer interaction.md
Domains/Emerging Domains/Medical imaging,Domains,Medical imaging,,emerging,,,,,,,Domains/Emerging Domains/Medical imaging.md
Domains/Emerging Domains/Natural language processing,Domains,Natural language processing,,emerging,,,,,,,Domains/Emerging Domains/Natural language processing.md
Domains/Emerging Domains/Nondestructive testing,Domains,Nondestructive testing,Industrial CT | Computed tomography inspection,emerging,,,,,,,Domains/Emerging Domains/Nondestructive testing.md
Domains/Emerging Domains/Parking lot vehicle monitoring,Domains,Parking lot vehicle monitoring,,emerging,,,,,,,Domains/Emerging Domains/Parking lot vehicle monitoring.md
Domains/Emerging Domains/Pharmaceutical packaging inspection,Domains,Pharmaceutical packaging inspection,,emerging,,,,,,,Domains/Emerging Domains/Pharmaceutical packaging inspection.md
Domains/Emerging Domains/Remanufacturing inspection,Domains,Remanufacturing inspection,Remanufacturing visual inspection | Remanufacturing quality inspection,emerging,,,,,,,Domains/Emerging Domains/Remanufacturing inspection.md
Domains/Emerging Domains/Robotic manipulation,Domains,Robotic manipulation,,emerging,,,,,,,Domains/Emerging Domains/Robotic manipulation.md
Domains/Emerging Domains/Scientific imaging,Domains,Scientific imaging,scientific images | scientific imagery,emerging,,,,,,,Domains/Emerging Domains/Scientific imaging.md
Domains/Emerging Domains/Smart manufacturing,Domains,Smart manufacturing,Intelligent manufacturing | Edge-cloud manufacturing,emerging,,,,,,,Domains/Emerging Domains/Smart manufacturing.md
Domains/Emerging Domains/Underwater object detection,Domains,Underwater object detection,,emerging,,,,,,,Domains/Emerging Domains/Underwater object detection.md
Domains/Glass/Glass inspection,Domains,Glass inspection,Screen glass inspection | Smartphone screen glass inspection | Touch-screen glass inspection,,,,,,,,Domains/Glass/Glass inspection.md
Domains/Metals/Metal inspection,Domains,Metal inspection,,,,,,,,,Domains/Metals/Metal inspection.md
Domains/Multi-Industry Anomaly Detection/Multi-industry anomaly detection,Domains,Multi-industry anomaly detection,,,,,,,,,Domains/Multi-Industry Anomaly Detection/Multi-industry anomaly detection.md
Domains/Semiconductor and Electronics/Semiconductor and electronics,Domains,Semiconductor and electronics,,,,,,,,,Domains/Semiconductor and Electronics/Semiconductor and electronics.md
Domains/Solar Cells and Photovoltaic/Solar cells and photovoltaic,Domains,Solar cells and photovoltaic,,,,,,,,,Domains/Solar Cells and Photovoltaic/Solar cells and photovoltaic.md
Domains/Textiles/Textile and fiber inspection,Domains,Textile and fiber inspection,,,,,,,,,Domains/Textiles/Textile and fiber inspection.md
Learning Paradigms/Active Learning/Active learning,Learning Paradigms,Active learning,,,,,,,,,Learning Paradigms/Active Learning/Active learning.md
Learning Paradigms/Emerging Learning Paradigms/Emerging Learning Paradigms,Learning Paradigms,Emerging Learning Paradigms,,,,,,,,,Learning Paradigms/Emerging Learning Paradigms/Emerging Learning Paradigms.md
Learning Paradigms/Emerging Learning Paradigms/Fully unsupervised industrial anomaly detection,Learning Paradigms,Fully unsupervised industrial anomaly detection,FUIAD,emerging,,,,,,,Learning Paradigms/Emerging Learning Paradigms/Fully unsupervised industrial anomaly detection.md
Learning Paradigms/Few-Shot Zero-Shot Learning/Few-shot zero-shot learning,Learning Paradigms,Few-shot / zero-shot learning,Few-shot learning | Zero-shot learning,,,,,,,,Learning Paradigms/Few-Shot Zero-Shot Learning/Few-shot zero-shot learning.md
Learning Paradigms/Learning Paradigms,Learning Paradigms,Learning Paradigms,,,,,,,,,Learning Paradigms/Learning Paradigms.md
Learning Paradigms/Reinforcement Learning/Reinforcement learning,Learning Paradigms,Reinforcement learning,,,,,,,,,Learning Paradigms/Reinforcement Learning/Reinforcement learning.md
Learning Paradigms/Self-Supervised Learning/Language model pretraining,Learning Paradigms,Language model pretraining,LM pretraining,,,,,,,,Learning Paradigms/Self-Supervised Learning/Language model pretraining.md
Learning Paradigms/Self-Supervised Learning/Self-supervised learning,Learning Paradigms,Self-supervised learning,,,,,,,,,Learning Paradigms/Self-Supervised Learning/Self-supervised learning.md
Learning Paradigms/Semi-Supervised Learning/Semi-supervised learning,Learning Paradigms,Semi-supervised learning,,,,,,,,,Learning Paradigms/Semi-Supervised Learning/Semi-supervised learning.md
Learning Paradigms/Supervised Learning/Supervised learning,Learning Paradigms,Supervised learning,,,,,,,,,Learning Paradigms/Supervised Learning/Supervised learning.md
Learning Paradigms/Transfer Learning/Transfer learning,Learning Paradigms,Transfer learning,Transfer learning paradigm,,,,,,,,Learning Paradigms/Transfer Learning/Transfer learning.md
Learning Paradigms/Unsupervised Learning/Unsupervised learning,Learning Paradigms,Unsupervised learning,,,,,,,,,Learning Paradigms/Unsupervised Learning/Unsupervised learning.md
Learning Paradigms/Weakly Supervised Learning/Weakly supervised learning,Learning Paradigms,Weakly supervised learning,,,,,,,,,Learning Paradigms/Weakly Supervised Learning/Weakly supervised learning.md
Methods/Data Augmentation/ALADA,Methods,ALADA,A Lite Automatic Data Augmentation | Lite automatic data augmentation,,,,,,,,Methods/Data Augmentation/ALADA.md
Methods/Data Augmentation/Autoencoder-decoder data augmentation,Methods,Autoencoder-decoder data augmentation,,,,,,,,,Methods/Data Augmentation/Autoencoder-decoder data augmentation.md
Methods/Data Augmentation/Automatic data augmentation,Methods,Automatic data augmentation,AutoDA,,,,,,,,Methods/Data Augmentation/Automatic data augmentation.md
Methods/Data Augmentation/Data augmentation,Methods,Data augmentation,,,,,,,,,Methods/Data Augmentation/Data augmentation.md
Methods/Data Augmentation/GT-CutMix,Methods,GT-CutMix,Ground-truth CutMix | GT CutMix,,,,,,,,Methods/Data Augmentation/GT-CutMix.md
Methods/Data Augmentation/Parametric wafer map synthesis,Methods,Parametric wafer map synthesis,,,,,,,,,Methods/Data Augmentation/Parametric wafer map synthesis.md
Methods/Data Augmentation/Poisson defect image augmentation,Methods,Poisson defect image augmentation,segmented defect fusion | Poisson image editing defect augmentation,,,,,,,,Methods/Data Augmentation/Poisson defect image augmentation.md
Methods/Data Augmentation/Policy gradient sampling,Methods,Policy gradient sampling,,,,,,,,,Methods/Data Augmentation/Policy gradient sampling.md
Methods/Data Augmentation/Super-resolution data augmentation,Methods,Super-resolution data augmentation,Blind super-resolution augmentation,emerging,,,,,,,Methods/Data Augmentation/Super-resolution data augmentation.md
Methods/Deployment/Edge intelligence,Methods,Edge intelligence,,,,,,,,,Methods/Deployment/Edge intelligence.md
Methods/Emerging Methods/Adaptive Receptive Field Attention Module,Methods,Adaptive Receptive Field Attention Module,ARFAM,emerging,,,,,,,Methods/Emerging Methods/Adaptive Receptive Field Attention Module.md
Methods/Emerging Methods/ALGAN,Methods,ALGAN,Anomaly Detection by Generating Pseudo Anomalous Data via Latent Variables,emerging,,,,,,,Methods/Emerging Methods/ALGAN.md
Methods/Emerging Methods/AnomalyControl,Methods,AnomalyControl,AnomalyControl,emerging,,,,,,,Methods/Emerging Methods/AnomalyControl.md
Methods/Emerging Methods/AnomalyDiffusion,Methods,AnomalyDiffusion,AnomalyDiffusion,emerging,,,,,,,Methods/Emerging Methods/AnomalyDiffusion.md
Methods/Emerging Methods/AnomalyXFusion,Methods,AnomalyXFusion,AnomalyXFusion,emerging,,,,,,,Methods/Emerging Methods/AnomalyXFusion.md
Methods/Emerging Methods/AttenCGAN,Methods,AttenCGAN,AttenCGAN,emerging,,,,,,,Methods/Emerging Methods/AttenCGAN.md
Methods/Emerging Methods/Bagging ensemble classifier,Methods,Bagging ensemble classifier,Bootstrap aggregating | Bagging,emerging,,,,,,,Methods/Emerging Methods/Bagging ensemble classifier.md
Methods/Emerging Methods/CAGen,Methods,CAGen,CAGen,emerging,,,,,,,Methods/Emerging Methods/CAGen.md
Methods/Emerging Methods/Clustering-based image quality evaluation,Methods,Clustering-based image quality evaluation,IQE module | image quality evaluation module,emerging,,,,,,,Methods/Emerging Methods/Clustering-based image quality evaluation.md
Methods/Emerging Methods/Color Channel Separation convolution,Methods,Color Channel Separation convolution,CCS convolution,emerging,,,,,,,Methods/Emerging Methods/Color Channel Separation convolution.md
Methods/Emerging Methods/Contrastive GAN,Methods,Contrastive GAN,Contrastive GAN,emerging,,,,,,,Methods/Emerging Methods/Contrastive GAN.md
Methods/Emerging Methods/Contrastive learning,Methods,Contrastive learning,Contrastive representation learning,emerging,,,,,,,Methods/Emerging Methods/Contrastive learning.md
Methods/Emerging Methods/Contrastive regularization loss,Methods,Contrastive regularization loss,Contrastive regularization | Soft-nearest-neighbor regularization,emerging,,,,,,,Methods/Emerging Methods/Contrastive regularization loss.md
Methods/Emerging Methods/Convolutional Block Attention Module,Methods,Convolutional Block Attention Module,CBAM,emerging,,,,,,,Methods/Emerging Methods/Convolutional Block Attention Module.md
Methods/Emerging Methods/Coordinate attention,Methods,Coordinate attention,Coordinate Attention | CA mechanism,emerging,,,,,,,Methods/Emerging Methods/Coordinate attention.md
Methods/Emerging Methods/cTransGAN,Methods,cTransGAN,conditional TransGAN | Conditional TransGAN,emerging,,,,,,,Methods/Emerging Methods/cTransGAN.md
Methods/Emerging Methods/DBSCAN wafer-map denoising,Methods,DBSCAN wafer-map denoising,DBSCAN denoising | density-based wafer-map denoising,emerging,,,,,,,Methods/Emerging Methods/DBSCAN wafer-map denoising.md
Methods/Emerging Methods/DC-Net,Methods,DC-Net,Deformable convolutional network,emerging,,,,,,,Methods/Emerging Methods/DC-Net.md
Methods/Emerging Methods/DCGAN wafer map augmentation,Methods,DCGAN wafer map augmentation,DCGAN wafer map augmentation,emerging,,,,,,,Methods/Emerging Methods/DCGAN wafer map augmentation.md
Methods/Emerging Methods/DE-SSD,Methods,DE-SSD,DE-SSD,emerging,,,,,,,Methods/Emerging Methods/DE-SSD.md
Methods/Emerging Methods/Defect Transfer GAN,Methods,Defect Transfer GAN,Defect Transfer GAN,emerging,,,,,,,Methods/Emerging Methods/Defect Transfer GAN.md
Methods/Emerging Methods/Defect-aware feature manipulation,Methods,Defect-aware feature manipulation,Defect-aware feature manipulation,emerging,,,,,,,Methods/Emerging Methods/Defect-aware feature manipulation.md
Methods/Emerging Methods/Defect-IoU loss,Methods,Defect-IoU loss,Defect-IoU Loss,emerging,,,,,,,Methods/Emerging Methods/Defect-IoU loss.md
Methods/Emerging Methods/Deformable convolution,Methods,Deformable convolution,deformable convolutional unit,emerging,,,,,,,Methods/Emerging Methods/Deformable convolution.md
Methods/Emerging Methods/DFMGAN,Methods,DFMGAN,DFMGAN,emerging,,,,,,,Methods/Emerging Methods/DFMGAN.md
Methods/Emerging Methods/DG-GAN,Methods,DG-GAN,DG-GAN,emerging,,,,,,,Methods/Emerging Methods/DG-GAN.md
Methods/Emerging Methods/DiffDD,Methods,DiffDD,DiffDD,emerging,,,,,,,Methods/Emerging Methods/DiffDD.md
Methods/Emerging Methods/Diversified controllable defect synthesis,Methods,Diversified controllable defect synthesis,Diversified controllable defect synthesis | DCDGANc,emerging,,,,,,,Methods/Emerging Methods/Diversified controllable defect synthesis.md
Methods/Emerging Methods/Double uncertainty weighting technique,Methods,Double uncertainty weighting technique,DUW,emerging,,,,,,,Methods/Emerging Methods/Double uncertainty weighting technique.md
Methods/Emerging Methods/DPG-DT,Methods,DPG-DT,,emerging,,,,,,,Methods/Emerging Methods/DPG-DT.md
Methods/Emerging Methods/Dual-discriminator GAN regularization,Methods,Dual-discriminator GAN regularization,dual discriminator GAN | dual-discriminator GAN | GAN with dual discriminators and regularization,emerging,,,,,,,Methods/Emerging Methods/Dual-discriminator GAN regularization.md
Methods/Emerging Methods/Dual-modal illumination for transparent material inspection,Methods,Dual-modal illumination for transparent material inspection,dual-modal illumination | forward and backward lighting,emerging,,,,,,,Methods/Emerging Methods/Dual-modal illumination for transparent material inspection.md
Methods/Emerging Methods/DualAnoDiff,Methods,DualAnoDiff,DualAnoDiff,emerging,,,,,,,Methods/Emerging Methods/DualAnoDiff.md
Methods/Emerging Methods/Dynamic Local Augmentation,Methods,Dynamic Local Augmentation,Dynamic Local Augmentation,emerging,,,,,,,Methods/Emerging Methods/Dynamic Local Augmentation.md
Methods/Emerging Methods/EDCGAN,Methods,EDCGAN,Enhanced DCGAN,emerging,,,,,,,Methods/Emerging Methods/EDCGAN.md
Methods/Emerging Methods/EID-GAN,Methods,EID-GAN,EID-GAN,emerging,,,,,,,Methods/Emerging Methods/EID-GAN.md
Methods/Emerging Methods/Elastic distortion augmentation,Methods,Elastic distortion augmentation,,emerging,,,,,,,Methods/Emerging Methods/Elastic distortion augmentation.md
Methods/Emerging Methods/Emerging Methods,Methods,Emerging Methods,,,,,,,,,Methods/Emerging Methods/Emerging Methods.md
Methods/Emerging Methods/F-labelImg,Methods,F-labelImg,fine-tuning labelImg,emerging,,,,,,,Methods/Emerging Methods/F-labelImg.md
Methods/Emerging Methods/FEGAN,Methods,FEGAN,FEGAN,emerging,,,,,,,Methods/Emerging Methods/FEGAN.md
Methods/Emerging Methods/Few-shot anomaly detection,Methods,Few-shot anomaly detection,Few-shot anomaly detection,emerging,,,,,,,Methods/Emerging Methods/Few-shot anomaly detection.md
Methods/Emerging Methods/Focal loss,Methods,Focal loss,,emerging,,,,,,,Methods/Emerging Methods/Focal loss.md
Methods/Emerging Methods/G2LGAN,Methods,G2LGAN,Global-to-local generative adversarial network | global-to-local GAN,emerging,,,,,,,Methods/Emerging Methods/G2LGAN.md
Methods/Emerging Methods/Gabor filters,Methods,Gabor filters,Gabor filter,emerging,,,,,,,Methods/Emerging Methods/Gabor filters.md
Methods/Emerging Methods/GAN-based surface defect augmentation,Methods,GAN-based surface defect augmentation,GAN-based surface defect augmentation,emerging,,,,,,,Methods/Emerging Methods/GAN-based surface defect augmentation.md
Methods/Emerging Methods/Ghost module,Methods,Ghost module,GhostConv | Ghost convolution,emerging,,,,,,,Methods/Emerging Methods/Ghost module.md
Methods/Emerging Methods/GiPL,Methods,GiPL,Generative augmented iterative Pseudo-Labeling | GiPL-Grounding,emerging,,,,,,,Methods/Emerging Methods/GiPL.md
Methods/Emerging Methods/GLASS,Methods,GLASS,GLASS,emerging,,,,,,,Methods/Emerging Methods/GLASS.md
Methods/Emerging Methods/Global Context Anomaly Detection,Methods,Global Context Anomaly Detection,GCAD,emerging,,,,,,,Methods/Emerging Methods/Global Context Anomaly Detection.md
Methods/Emerging Methods/Graph transformer network,Methods,Graph transformer network,,emerging,,,,,,,Methods/Emerging Methods/Graph transformer network.md
Methods/Emerging Methods/Image synthesis model,Methods,Image synthesis model,ISM | strip surface defect image synthesis model,emerging,,,,,,,Methods/Emerging Methods/Image synthesis model.md
Methods/Emerging Methods/Image-to-image cGAN fabric defect augmentation,Methods,Image-to-image cGAN fabric defect augmentation,conditional image-to-image translation cGAN for fabric defect augmentation | fabric defect cGAN augmentation,emerging,,,,,,,Methods/Emerging Methods/Image-to-image cGAN fabric defect augmentation.md
Methods/Emerging Methods/Infrared thermography,Methods,Infrared thermography,thermal imaging | infrared imaging | aerial thermography,emerging,,,,,,,Methods/Emerging Methods/Infrared thermography.md
Methods/Emerging Methods/Integrated Gradients,Methods,Integrated Gradients,IG,emerging,,,,,,,Methods/Emerging Methods/Integrated Gradients.md
Methods/Emerging Methods/Interactive engagement,Methods,Interactive engagement,interactive-engagement | IE methods,emerging,,,,,,,Methods/Emerging Methods/Interactive engagement.md
Methods/Emerging Methods/ISU-GAN,Methods,ISU-GAN,Involution-SE-U GAN | Involution-SE-U-shaped GAN,emerging,,,,,,,Methods/Emerging Methods/ISU-GAN.md
Methods/Emerging Methods/JRGAN,Methods,JRGAN,Jacobian Regularized Generative Adversarial Network | Jacobi regularized generative adversarial network,emerging,,,,,,,Methods/Emerging Methods/JRGAN.md
Methods/Emerging Methods/K-means clustering,Methods,K-means clustering,K-means | K-means algorithm,emerging,,,,,,,Methods/Emerging Methods/K-means clustering.md
Methods/Emerging Methods/LafitE,Methods,LafitE,Latent Diffusion Model with Feature Editing,emerging,,,,,,,Methods/Emerging Methods/LafitE.md
Methods/Emerging Methods/LGB-Net,Methods,LGB-Net,Local-Global Backbone Feature Extraction Network,emerging,,,,,,,Methods/Emerging Methods/LGB-Net.md
Methods/Emerging Methods/LIME,Methods,LIME,Local Interpretable Model-agnostic Explanations,emerging,,,,,,,Methods/Emerging Methods/LIME.md
Methods/Emerging Methods/Magna-Defect-GAN,Methods,Magna-Defect-GAN,Magna-Defect-GAN,emerging,,,,,,,Methods/Emerging Methods/Magna-Defect-GAN.md
Methods/Emerging Methods/MDGAN,Methods,MDGAN,MDGAN,emerging,,,,,,,Methods/Emerging Methods/MDGAN.md
Methods/Emerging Methods/Monte Carlo dropout uncertainty scoring,Methods,Monte Carlo dropout uncertainty scoring,MC dropout uncertainty scoring | Monte Carlo Dropout uncertainty,emerging,,,,,,,Methods/Emerging Methods/Monte Carlo dropout uncertainty scoring.md
Methods/Emerging Methods/Multi-scale feature fusion,Methods,Multi-scale feature fusion,M-SFF | multi-scale feature-fusion module,emerging,,,,,,,Methods/Emerging Methods/Multi-scale feature fusion.md
Methods/Emerging Methods/Multi-scale learning,Methods,Multi-scale learning,,emerging,,,,,,,Methods/Emerging Methods/Multi-scale learning.md
Methods/Emerging Methods/Natural Synthetic Anomalies,Methods,Natural Synthetic Anomalies,Natural Synthetic Anomalies,emerging,,,,,,,Methods/Emerging Methods/Natural Synthetic Anomalies.md
Methods/Emerging Methods/NHD-YOLO,Methods,NHD-YOLO,,emerging,,,,,,,Methods/Emerging Methods/NHD-YOLO.md
Methods/Emerging Methods/Occlusion sensitivity,Methods,Occlusion sensitivity,occlusion sensitivity analysis,emerging,,,,,,,Methods/Emerging Methods/Occlusion sensitivity.md
Methods/Emerging Methods/One-hot multi-label wafer defect decoding,Methods,One-hot multi-label wafer defect decoding,,emerging,,,,,,,Methods/Emerging Methods/One-hot multi-label wafer defect decoding.md
Methods/Emerging Methods/Out-of-bag estimation,Methods,Out-of-bag estimation,OOB estimation | out-of-bag error,emerging,,,,,,,Methods/Emerging Methods/Out-of-bag estimation.md
Methods/Emerging Methods/Patch-based anomaly detection,Methods,Patch-based anomaly detection,Patch-based methods,emerging,,,,,,,Methods/Emerging Methods/Patch-based anomaly detection.md
Methods/Emerging Methods/PatchMatch,Methods,PatchMatch,PatchMatch nearest-neighbor field,emerging,,,,,,,Methods/Emerging Methods/PatchMatch.md
Methods/Emerging Methods/PBAS,Methods,PBAS,PBAS,emerging,,,,,,,Methods/Emerging Methods/PBAS.md
Methods/Emerging Methods/PreCaCycleGAN,Methods,PreCaCycleGAN,Perceptual Capsule CycleGAN | Perceptual Capsule Cyclic Generative Adversarial Network,emerging,,,,,,,Methods/Emerging Methods/PreCaCycleGAN.md
Methods/Emerging Methods/Principal Component Analysis,Methods,Principal Component Analysis,PCA,emerging,,,,,,,Methods/Emerging Methods/Principal Component Analysis.md
Methods/Emerging Methods/Procedural steel defect synthesis,Methods,Procedural steel defect synthesis,Procedural steel defect synthesis,emerging,,,,,,,Methods/Emerging Methods/Procedural steel defect synthesis.md
Methods/Emerging Methods/PromptAD,Methods,PromptAD,PromptAD,emerging,,,,,,,Methods/Emerging Methods/PromptAD.md
Methods/Emerging Methods/Pseudo-labeling,Methods,Pseudo-labeling,pseudo-label generation | pseudo-labeled data,emerging,,,,,,,Methods/Emerging Methods/Pseudo-labeling.md
Methods/Emerging Methods/RealNet,Methods,RealNet,RealNet,emerging,,,,,,,Methods/Emerging Methods/RealNet.md
Methods/Emerging Methods/Reference dataset construction,Methods,Reference dataset construction,Reference dataset design | Benchmark dataset construction,emerging,,,,,,,Methods/Emerging Methods/Reference dataset construction.md
Methods/Emerging Methods/Regression-error anomaly scoring,Methods,Regression-error anomaly scoring,Feature-map regression error | Regression error anomaly score,emerging,,,,,,,Methods/Emerging Methods/Regression-error anomaly scoring.md
Methods/Emerging Methods/RGB Channel Fusion,Methods,RGB Channel Fusion,RGB channel fusion,emerging,,,,,,,Methods/Emerging Methods/RGB Channel Fusion.md
Methods/Emerging Methods/SA-GAN,Methods,SA-GAN,Self-attention GAN | Self-Attention Generative Adversarial Network,emerging,,,,,,,Methods/Emerging Methods/SA-GAN.md
Methods/Emerging Methods/SCAPS 1D,Methods,SCAPS 1D,Solar Cell Capacitance Simulator,emerging,,,,,,,Methods/Emerging Methods/SCAPS 1D.md
Methods/Emerging Methods/Scarcity-GAN,Methods,Scarcity-GAN,Scarcity-GAN,emerging,,,,,,,Methods/Emerging Methods/Scarcity-GAN.md
Methods/Emerging Methods/SDGAN,Methods,SDGAN,SDGAN,emerging,,,,,,,Methods/Emerging Methods/SDGAN.md
Methods/Emerging Methods/Self-organizing map,Methods,Self-organizing map,SOM | self-organized map,emerging,,,,,,,Methods/Emerging Methods/Self-organizing map.md
Methods/Emerging Methods/Semantic defect annotation,Methods,Semantic defect annotation,Rich semantic defect labels,emerging,,,,,,,Methods/Emerging Methods/Semantic defect annotation.md
Methods/Emerging Methods/SEODI,Methods,SEODI,,emerging,,,,,,,Methods/Emerging Methods/SEODI.md
Methods/Emerging Methods/SIGAN,Methods,SIGAN,Strong Identity GAN | strong identity GAN,emerging,,,,,,,Methods/Emerging Methods/SIGAN.md
Methods/Emerging Methods/SmoothBlend,Methods,SmoothBlend,SmoothBlend,emerging,,,,,,,Methods/Emerging Methods/SmoothBlend.md
Methods/Emerging Methods/Spatial-aware Graph Reasoning Module,Methods,Spatial-aware Graph Reasoning Module,SGRM | Spatial-aware Graph Attention Network | SGAT,emerging,,,,,,,Methods/Emerging Methods/Spatial-aware Graph Reasoning Module.md
Methods/Emerging Methods/TFLA-Net,Methods,TFLA-Net,TLFA-Net | Three-Layer Feature Aggregation Network,emerging,,,,,,,Methods/Emerging Methods/TFLA-Net.md
Methods/Emerging Methods/ToCoAD,Methods,ToCoAD,Two-Stage Contrastive Learning for Industrial Anomaly Detection,emerging,,,,,,,Methods/Emerging Methods/ToCoAD.md
Methods/Emerging Methods/Total reflection grazing incidence combined lighting,Methods,Total reflection grazing incidence combined lighting,TR-OD combined light source | total reflection-grazing incidence lighting,emerging,,,,,,,Methods/Emerging Methods/Total reflection grazing incidence combined lighting.md
Methods/Emerging Methods/Video-based two-stage defect detection,Methods,Video-based two-stage defect detection,coarse-to-fine video defect detection,emerging,,,,,,,Methods/Emerging Methods/Video-based two-stage defect detection.md
Methods/Emerging Methods/ViT-based wafer map augmentation,Methods,ViT-based wafer map augmentation,ViT-based wafer map augmentation,emerging,,,,,,,Methods/Emerging Methods/ViT-based wafer map augmentation.md
Methods/Emerging Methods/WaferCaps,Methods,WaferCaps,,emerging,,,,,,,Methods/Emerging Methods/WaferCaps.md
Methods/Emerging Methods/WaPIRL,Methods,WaPIRL,WaPIRL,emerging,,,,,,,Methods/Emerging Methods/WaPIRL.md
Methods/Emerging Methods/Weibull texture features,Methods,Weibull texture features,Weibull image statistics | Weibull features,emerging,,,,,,,Methods/Emerging Methods/Weibull texture features.md
Methods/Emerging Methods/WGAN-GP solar cell augmentation,Methods,WGAN-GP solar cell augmentation,,emerging,,,,,,,Methods/Emerging Methods/WGAN-GP solar cell augmentation.md
Methods/Emerging Methods/YOLOv11-RKNN edge deployment,Methods,YOLOv11-RKNN edge deployment,YOLOv11-RKNN | RKNN YOLOv11 deployment,emerging,,,,,,,Methods/Emerging Methods/YOLOv11-RKNN edge deployment.md
Methods/Feature Extraction/Adjacent evaluation completed local binary patterns,Methods,Adjacent evaluation completed local binary patterns,AECLBP | AECLBPs | adjacent evaluation CLBP | adjacent evaluation completed local binary pattern,stable,,,,,,,Methods/Feature Extraction/Adjacent evaluation completed local binary patterns.md
Methods/Feature Extraction/Crossmodal Feature Mapping,Methods,Crossmodal Feature Mapping,Crossmodal Feature Mapping,emerging,,,,,,,Methods/Feature Extraction/Crossmodal Feature Mapping.md
Methods/Feature Extraction/Feature extraction,Methods,Feature extraction,Feature extraction,,,,,,,,Methods/Feature Extraction/Feature extraction.md
Methods/Feature Extraction/Global Context Upsampling,Methods,Global Context Upsampling,GCU | GCU module,,,,,,,,Methods/Feature Extraction/Global Context Upsampling.md
Methods/Feature Extraction/Group pyramid pooling,Methods,Group pyramid pooling,GPP,,,,,,,,Methods/Feature Extraction/Group pyramid pooling.md
Methods/Feature Extraction/Hard negative mining,Methods,Hard negative mining,,,,,,,,,Methods/Feature Extraction/Hard negative mining.md
Methods/Feature Extraction/Multilevel feature fusion network,Methods,Multilevel feature fusion network,MFN | multilevel-feature fusion network | multi-level feature fusion network,,,,,,,,Methods/Feature Extraction/Multilevel feature fusion network.md
Methods/Feature Extraction/NCA-ReliefF Matched Index feature selection,Methods,NCA-ReliefF Matched Index feature selection,NRMI | NCA-ReliefF Matched Index,stable,,,,,,,Methods/Feature Extraction/NCA-ReliefF Matched Index feature selection.md
Methods/Feature Extraction/Phase-Invariant Feature Module,Methods,Phase-Invariant Feature Module,PIFM,,,,,,,,Methods/Feature Extraction/Phase-Invariant Feature Module.md
Methods/Feature Extraction/Photometric stereo,Methods,Photometric stereo,photometric-stereo imaging,,,,,,,,Methods/Feature Extraction/Photometric stereo.md
Methods/Feature Extraction/Reference-based PCB inspection,Methods,Reference-based PCB inspection,,,,,,,,,Methods/Feature Extraction/Reference-based PCB inspection.md
Methods/Feature Extraction/Rotation and scale invariant wafer map features,Methods,Rotation and scale invariant wafer map features,,,,,,,,,Methods/Feature Extraction/Rotation and scale invariant wafer map features.md
Methods/Feature Extraction/Stroboscopic Illuminant Image Acquisition,Methods,Stroboscopic Illuminant Image Acquisition,SIIA | Strobe Illuminant Imaging Method,,,,,,,,Methods/Feature Extraction/Stroboscopic Illuminant Image Acquisition.md
Methods/Feature Extraction/Taylor Series Channel Mixer,Methods,Taylor Series Channel Mixer,TSCM,,,,,,,,Methods/Feature Extraction/Taylor Series Channel Mixer.md
Methods/Models/Anomaly Detection Models/3DSR,Methods,3DSR,3DSR,emerging,,,,,,,Methods/Models/Anomaly Detection Models/3DSR.md
Methods/Models/Anomaly Detection Models/Anomaly Detection Models,Methods,Anomaly Detection Models,,,,,,,,,Methods/Models/Anomaly Detection Models/Anomaly Detection Models.md
Methods/Models/Anomaly Detection Models/CDO,Methods,CDO,Collaborative Discrepancy Optimization | Collaborative Discrepancy Optimization for image anomaly localization,stable,,,,,,,Methods/Models/Anomaly Detection Models/CDO.md
Methods/Models/Anomaly Detection Models/DBFAD,Methods,DBFAD,Distillation-Based Fabric Anomaly Detection | Distillation-based fabric anomaly detection,emerging,,,,,,,Methods/Models/Anomaly Detection Models/DBFAD.md
Methods/Models/Anomaly Detection Models/DiAD,Methods,DiAD,DiAD,emerging,,,,,,,Methods/Models/Anomaly Detection Models/DiAD.md
Methods/Models/Anomaly Detection Models/FastFlow,Methods,FastFlow,FastFlow,emerging,,,,,,,Methods/Models/Anomaly Detection Models/FastFlow.md
Methods/Models/Anomaly Detection Models/FMR-Net,Methods,FMR-Net,Feature Memory Rearrangement Network | Feature Memory Rearrangement Network for textured surface defects,stable,,,,,,,Methods/Models/Anomaly Detection Models/FMR-Net.md
Methods/Models/Anomaly Detection Models/MSFlow,Methods,MSFlow,MSFlow,emerging,,,,,,,Methods/Models/Anomaly Detection Models/MSFlow.md
Methods/Models/Anomaly Detection Models/Multi-3D-Memory,Methods,Multi-3D-Memory,Multi-3D-Memory,emerging,,,,,,,Methods/Models/Anomaly Detection Models/Multi-3D-Memory.md
Methods/Models/Anomaly Detection Models/OmniAL,Methods,OmniAL,OmniAL,emerging,,,,,,,Methods/Models/Anomaly Detection Models/OmniAL.md
Methods/Models/Anomaly Detection Models/RD4AD,Methods,RD4AD,Reverse Distillation from One-Class Embedding for Anomaly Detection | Reverse Distillation for Anomaly Detection,emerging,,,,,,,Methods/Models/Anomaly Detection Models/RD4AD.md
Methods/Models/Anomaly Detection Models/STDAN,Methods,STDAN,Self-Supervised Texture-Decomposition and Defect Amplification Network | Texture Conditioned GAN Based Self Supervised Framework,,,,,,,,Methods/Models/Anomaly Detection Models/STDAN.md
Methods/Models/Anomaly Detection Models/Unsupervised anomaly detection,Methods,Unsupervised anomaly detection,,,,,,,,,Methods/Models/Anomaly Detection Models/Unsupervised anomaly detection.md
Methods/Models/Anomaly Detection Models/Unsupervised anomaly localization,Methods,Unsupervised anomaly localization,,,,,,,,,Methods/Models/Anomaly Detection Models/Unsupervised anomaly localization.md
Methods/Models/Classical ML/Classical ML,Methods,Classical ML,,,,,,,,,Methods/Models/Classical ML/Classical ML.md
Methods/Models/Classical ML/Decision tree,Methods,Decision tree,tree-structured classifier,,,,,,,,Methods/Models/Classical ML/Decision tree.md
Methods/Models/Classical ML/Random forest,Methods,Random forest,random forest | Random Forest,,,,,,,,Methods/Models/Classical ML/Random forest.md
Methods/Models/Classical ML/Support vector machine,Methods,Support vector machine,SVM,,,,,,,,Methods/Models/Classical ML/Support vector machine.md
Methods/Models/Classical ML/XGBoost,Methods,XGBoost,Extreme Gradient Boosting,,,,,,,,Methods/Models/Classical ML/XGBoost.md
Methods/Models/Computer Vision Models/ADMF-Net,Methods,ADMF-Net,Attention-based Dual-Branch Modal Fusion Network,,,,,,,,Methods/Models/Computer Vision Models/ADMF-Net.md
Methods/Models/Computer Vision Models/CE-SGNet,Methods,CE-SGNet,Context-Enhanced Network with Spatial-Aware Graph | CE-SG defect detection network,,,,,,,,Methods/Models/Computer Vision Models/CE-SGNet.md
Methods/Models/Computer Vision Models/Co-DETR,Methods,Co-DETR,Collaborative Hybrid Assignments Training for DETR | Co-DETR,,,,,,,,Methods/Models/Computer Vision Models/Co-DETR.md
Methods/Models/Computer Vision Models/Computer Vision Models,Methods,Computer Vision Models,,,,,,,,,Methods/Models/Computer Vision Models/Computer Vision Models.md
Methods/Models/Computer Vision Models/ConvNeXt,Methods,ConvNeXt,,,,,,,,,Methods/Models/Computer Vision Models/ConvNeXt.md
Methods/Models/Computer Vision Models/DCN+,Methods,DCN+,improved DCN | CarDD DCN+,,,,,,,,Methods/Models/Computer Vision Models/DCN+.md
Methods/Models/Computer Vision Models/Deep convolutional neural network,Methods,Deep convolutional neural network,DCNN,,,,,,,,Methods/Models/Computer Vision Models/Deep convolutional neural network.md
Methods/Models/Computer Vision Models/Defect Detection Network,Methods,Defect Detection Network,DDN | defect detection network,,,,,,,,Methods/Models/Computer Vision Models/Defect Detection Network.md
Methods/Models/Computer Vision Models/DispNet,Methods,DispNet,,,,,,,,,Methods/Models/Computer Vision Models/DispNet.md
Methods/Models/Computer Vision Models/DY-YOLO,Methods,DY-YOLO,Dynamic YOLO for smartphone screen surface defect detection,,,,,,,,Methods/Models/Computer Vision Models/DY-YOLO.md
Methods/Models/Computer Vision Models/EDDN,Methods,EDDN,end-to-end defect detection network,,,,,,,,Methods/Models/Computer Vision Models/EDDN.md
Methods/Models/Computer Vision Models/EfficientNet,Methods,EfficientNet,EfficientNetB0 | EfficientNet-B0,,,,,,,,Methods/Models/Computer Vision Models/EfficientNet.md
Methods/Models/Computer Vision Models/Faster R-CNN,Methods,Faster R-CNN,Faster RCNN,,,,,,,,Methods/Models/Computer Vision Models/Faster R-CNN.md
Methods/Models/Computer Vision Models/FCOS,Methods,FCOS,Fully Convolutional One-Stage Object Detection,,,,,,,,Methods/Models/Computer Vision Models/FCOS.md
Methods/Models/Computer Vision Models/GBH-YOLOv5,Methods,GBH-YOLOv5,Ghost convolution with BottleneckCSP and tiny target prediction head YOLOv5,,,,,,,,Methods/Models/Computer Vision Models/GBH-YOLOv5.md
Methods/Models/Computer Vision Models/GLIP,Methods,GLIP,Grounded Language-Image Pre-training,,,,,,,,Methods/Models/Computer Vision Models/GLIP.md
Methods/Models/Computer Vision Models/GroundingDINO,Methods,GroundingDINO,Grounding DINO,,,,,,,,Methods/Models/Computer Vision Models/GroundingDINO.md
Methods/Models/Computer Vision Models/IDD-Net,Methods,IDD-Net,Industrial Defect Detection Network,,,,,,,,Methods/Models/Computer Vision Models/IDD-Net.md
Methods/Models/Computer Vision Models/InceptionV3,Methods,InceptionV3,Inception V3 | Inception-v3,,,,,,,,Methods/Models/Computer Vision Models/InceptionV3.md
Methods/Models/Computer Vision Models/IncepViTH-Net,Methods,IncepViTH-Net,Inception Vision Transformer and Harmonic fusion Network | Inception Vision Transformer and Harmonic Fusion Network,,,,,,,,Methods/Models/Computer Vision Models/IncepViTH-Net.md
Methods/Models/Computer Vision Models/LeNet-5,Methods,LeNet-5,,,,,,,,,Methods/Models/Computer Vision Models/LeNet-5.md
Methods/Models/Computer Vision Models/Mask R-CNN,Methods,Mask R-CNN,Mask RCNN,,,,,,,,Methods/Models/Computer Vision Models/Mask R-CNN.md
Methods/Models/Computer Vision Models/MobileNet,Methods,MobileNet,MobileNetV1 | MobileNetV2,,,,,,,,Methods/Models/Computer Vision Models/MobileNet.md
Methods/Models/Computer Vision Models/MSFT-YOLO,Methods,MSFT-YOLO,MSFT-YOLO,emerging,,,,,,,Methods/Models/Computer Vision Models/MSFT-YOLO.md
Methods/Models/Computer Vision Models/Multi-scale feature fusion and CRA block,Methods,Multi-scale feature fusion and CRA block,Multi-scale feature fusion and CRA block,emerging,,,,,,,Methods/Models/Computer Vision Models/Multi-scale feature fusion and CRA block.md
Methods/Models/Computer Vision Models/Multipath VGG19,Methods,Multipath VGG19,MVGG19,,,,,,,,Methods/Models/Computer Vision Models/Multipath VGG19.md
Methods/Models/Computer Vision Models/Parallel attention-residual CNN,Methods,Parallel attention-residual CNN,PAR-CNN | Parallel Attention Residual-Convolutional Neural Network,stable,,,,,,,Methods/Models/Computer Vision Models/Parallel attention-residual CNN.md
Methods/Models/Computer Vision Models/PSRT50,Methods,PSRT50,PSO based ResNet50 | PSO-ResNet50,,,,,,,,Methods/Models/Computer Vision Models/PSRT50.md
Methods/Models/Computer Vision Models/RBCNN,Methods,RBCNN,reference-based convolutional neural network,,,,,,,,Methods/Models/Computer Vision Models/RBCNN.md
Methods/Models/Computer Vision Models/RepVGG+SA,Methods,RepVGG+SA,RepVGG_B3g4+SA | RepVGG with spatial attention,emerging,,,,,,,Methods/Models/Computer Vision Models/RepVGG+SA.md
Methods/Models/Computer Vision Models/Residual network,Methods,Residual network,ResNet | Residual neural network | residual learning framework,,,,,,,,Methods/Models/Computer Vision Models/Residual network.md
Methods/Models/Computer Vision Models/ResNet-18,Methods,ResNet-18,ResNet18 | 18-layer ResNet,,,,,,,,Methods/Models/Computer Vision Models/ResNet-18.md
Methods/Models/Computer Vision Models/ResNet152V2,Methods,ResNet152V2,ResNet-152V2 | ResNet152 V2,,,,,,,,Methods/Models/Computer Vision Models/ResNet152V2.md
Methods/Models/Computer Vision Models/ResNet50,Methods,ResNet50,ResNet-50,,,,,,,,Methods/Models/Computer Vision Models/ResNet50.md
Methods/Models/Computer Vision Models/RT-DETR,Methods,RT-DETR,Real-Time Detection Transformer,,,,,,,,Methods/Models/Computer Vision Models/RT-DETR.md
Methods/Models/Computer Vision Models/SceneFlowNet,Methods,SceneFlowNet,,,,,,,,,Methods/Models/Computer Vision Models/SceneFlowNet.md
Methods/Models/Computer Vision Models/Single Shot MultiBox Detector,Methods,Single Shot MultiBox Detector,SSD,,,,,,,,Methods/Models/Computer Vision Models/Single Shot MultiBox Detector.md
Methods/Models/Computer Vision Models/TMFFNet,Methods,TMFFNet,Temporal Multi-Feature Fusion Network | Thermal-Sequence Guided Dual-Branch Network,,,,,,,,Methods/Models/Computer Vision Models/TMFFNet.md
Methods/Models/Computer Vision Models/VGG-16,Methods,VGG-16,VGG16 | VGG-16 network,stable,,,,,,,Methods/Models/Computer Vision Models/VGG-16.md
Methods/Models/Computer Vision Models/VGG19,Methods,VGG19,,,,,,,,,Methods/Models/Computer Vision Models/VGG19.md
Methods/Models/Computer Vision Models/Vision-language object detection,Methods,Vision-language object detection,grounded object detection | open-vocabulary object detection,,,,,,,,Methods/Models/Computer Vision Models/Vision-language object detection.md
Methods/Models/Computer Vision Models/WM-PeleeNet,Methods,WM-PeleeNet,Wafer Map PeleeNet | WM PeleeNet,,,,,,,,Methods/Models/Computer Vision Models/WM-PeleeNet.md
Methods/Models/Computer Vision Models/Xception,Methods,Xception,,,,,,,,,Methods/Models/Computer Vision Models/Xception.md
Methods/Models/Computer Vision Models/YOLO-ACF,Methods,YOLO-ACF,YOLO adaptive complementary fusion | Adaptive Complementary Fusion YOLO,,,,,,,,Methods/Models/Computer Vision Models/YOLO-ACF.md
Methods/Models/Computer Vision Models/YOLO-AL,Methods,YOLO-AL,You Only Look Once-Aluminum,,,,,,,,Methods/Models/Computer Vision Models/YOLO-AL.md
Methods/Models/Computer Vision Models/YOLO-attention,Methods,YOLO-attention,YOLO-attention,emerging,,,,,,,Methods/Models/Computer Vision Models/YOLO-attention.md
Methods/Models/Computer Vision Models/YOLO-DSC,Methods,YOLO-DSC,YOLO with distribution shifting convolution,,,,,,,,Methods/Models/Computer Vision Models/YOLO-DSC.md
Methods/Models/Computer Vision Models/YOLOv10,Methods,YOLOv10,YOLO v10,,,,,,,,Methods/Models/Computer Vision Models/YOLOv10.md
Methods/Models/Computer Vision Models/YOLOv11,Methods,YOLOv11,YOLOv11,,,,,,,,Methods/Models/Computer Vision Models/YOLOv11.md
Methods/Models/Computer Vision Models/YOLOv4,Methods,YOLOv4,YOLO v4,,,,,,,,Methods/Models/Computer Vision Models/YOLOv4.md
Methods/Models/Computer Vision Models/YOLOv5,Methods,YOLOv5,YOLO v5,,,,,,,,Methods/Models/Computer Vision Models/YOLOv5.md
Methods/Models/Computer Vision Models/YOLOv5 with global attention and partial convolution,Methods,YOLOv5 with global attention and partial convolution,YOLOv5-GAM-PConv | CSDD proposed detector,,,,,,,,Methods/Models/Computer Vision Models/YOLOv5 with global attention and partial convolution.md
Methods/Models/Computer Vision Models/YOLOv5_zc,Methods,YOLOv5_zc,YOLOv5-zc | Improved YOLOv5 with CBAM and data augmentation,,,,,,,,Methods/Models/Computer Vision Models/YOLOv5_zc.md
Methods/Models/Computer Vision Models/YOLOv6-L6,Methods,YOLOv6-L6,YOLOv6-L6 | YOLOv6,,,,,,,,Methods/Models/Computer Vision Models/YOLOv6-L6.md
Methods/Models/Computer Vision Models/YOLOv7,Methods,YOLOv7,YOLO v7,,,,,,,,Methods/Models/Computer Vision Models/YOLOv7.md
Methods/Models/Computer Vision Models/YOLOv8,Methods,YOLOv8,YOLO v8,,,,,,,,Methods/Models/Computer Vision Models/YOLOv8.md
Methods/Models/Generative Models/ControlNet,Methods,ControlNet,,,,,,,,,Methods/Models/Generative Models/ControlNet.md
Methods/Models/Generative Models/DCGAN,Methods,DCGAN,Deep convolutional GAN,,,,,,,,Methods/Models/Generative Models/DCGAN.md
Methods/Models/Generative Models/Diffusion models,Methods,Diffusion models,Diffusion models,promoted,,,,,,,Methods/Models/Generative Models/Diffusion models.md
Methods/Models/Generative Models/GAN,Methods,GAN,Generative adversarial network | Generative adversarial networks,,,,,,,,Methods/Models/Generative Models/GAN.md
Methods/Models/Generative Models/Generative Models,Methods,Generative Models,,,,,,,,,Methods/Models/Generative Models/Generative Models.md
Methods/Models/Generative Models/Multiple Granularities Generative Adversarial Network,Methods,Multiple Granularities Generative Adversarial Network,Multiple Granularities Generative Adversarial Network,emerging,,,,,,,Methods/Models/Generative Models/Multiple Granularities Generative Adversarial Network.md
Methods/Models/Generative Models/OCR-GAN,Methods,OCR-GAN,OCR-GAN | Omni-Frequency Channel-Selection Reconstruction | Omni-frequency Channel-selection Reconstruction,emerging,,,,,,,Methods/Models/Generative Models/OCR-GAN.md
Methods/Models/Generative Models/Pix2Pix,Methods,Pix2Pix,Pix2Pix GAN,,,,,,,,Methods/Models/Generative Models/Pix2Pix.md
Methods/Models/Generative Models/StyleGAN2,Methods,StyleGAN2,,,,,,,,,Methods/Models/Generative Models/StyleGAN2.md
Methods/Models/Generative Models/Variational Autoencoder,Methods,Variational Autoencoder,VAE | Variational Autoencoders,,,,,,,,Methods/Models/Generative Models/Variational Autoencoder.md
Methods/Models/Models,Methods,Models,,,,,,,,,Methods/Models/Models.md
Methods/Models/Neural Networks/Depthwise separable convolution,Methods,Depthwise separable convolution,,,,,,,,,Methods/Models/Neural Networks/Depthwise separable convolution.md
Methods/Models/Neural Networks/Neural Networks,Methods,Neural Networks,,,,,,,,,Methods/Models/Neural Networks/Neural Networks.md
Methods/Models/Segmentation Models/DeepLabV3+,Methods,DeepLabV3+,DeepLabV3Plus | DeepLab V3+,,,,,,,,Methods/Models/Segmentation Models/DeepLabV3+.md
Methods/Models/Segmentation Models/FDSNet,Methods,FDSNet,Fast surface Defect Segmentation Network | FDSNet,,,,,,,,Methods/Models/Segmentation Models/FDSNet.md
Methods/Models/Segmentation Models/FPN,Methods,FPN,Feature Pyramid Network,,,,,,,,Methods/Models/Segmentation Models/FPN.md
Methods/Models/Segmentation Models/GSLU-Net,Methods,GSLU-Net,Ghost-SE light U-Net | Ghost-SE Light U-Net,,,,,,,,Methods/Models/Segmentation Models/GSLU-Net.md
Methods/Models/Segmentation Models/IndustrialNet,Methods,IndustrialNet,IndustrialNet-L2 | IndustrialNet-Cosine | IndustrialNet-Proto | IndustrialNet-Merge,stable,,,,,,,Methods/Models/Segmentation Models/IndustrialNet.md
Methods/Models/Segmentation Models/LMFF,Methods,LMFF,Lightweight Multiscale Feature Fusion Network | Lightweight Multi-scale Feature Fusion Network,,,,,,,,Methods/Models/Segmentation Models/LMFF.md
Methods/Models/Segmentation Models/MCuePush U-Net,Methods,MCuePush U-Net,MCuePushU | MCue Push U-Net,,,,,,,,Methods/Models/Segmentation Models/MCuePush U-Net.md
Methods/Models/Segmentation Models/PGA-Net,Methods,PGA-Net,Pyramid Feature Fusion and Global Context Attention Network,stable,,,,,,,Methods/Models/Segmentation Models/PGA-Net.md
Methods/Models/Segmentation Models/PSPNet,Methods,PSPNet,Pyramid Scene Parsing Network,,,,,,,,Methods/Models/Segmentation Models/PSPNet.md
Methods/Models/Segmentation Models/Segmentation Models,Methods,Segmentation Models,,,,,,,,,Methods/Models/Segmentation Models/Segmentation Models.md
Methods/Models/Segmentation Models/Segmentation-decision network,Methods,Segmentation-decision network,segmentation and decision network | two-stage segmentation decision network,,,,,,,,Methods/Models/Segmentation Models/Segmentation-decision network.md
Methods/Models/Segmentation Models/U-Net,Methods,U-Net,3D U-Net,,,,,,,,Methods/Models/Segmentation Models/U-Net.md
Methods/Models/Sequence and Language Models/Sequence and Language Models,Methods,Sequence and Language Models,,,,,,,,,Methods/Models/Sequence and Language Models/Sequence and Language Models.md
Methods/Models/Sequence and Language Models/Sequence-to-sequence recurrent network,Methods,Sequence-to-sequence recurrent network,Seq2seq recurrent network | Seq2seq RNN,,,,,,,,Methods/Models/Sequence and Language Models/Sequence-to-sequence recurrent network.md
Methods/Models/Sequence and Language Models/Vision-language prompt learning,Methods,Vision-language prompt learning,Vision-language prompt learning,emerging,,,,,,,Methods/Models/Sequence and Language Models/Vision-language prompt learning.md
Methods/Models/Transformers/BERT,Methods,BERT,Bidirectional Encoder Representations from Transformers | BERTBASE | BERTLARGE,,,,,,,,Methods/Models/Transformers/BERT.md
Methods/Models/Transformers/Masked language modeling,Methods,Masked language modeling,MLM | masked LM,,,,,,,,Methods/Models/Transformers/Masked language modeling.md
Methods/Models/Transformers/Multi-head attention,Methods,Multi-head attention,multi-headed self-attention | scaled dot-product multi-head attention,,,,,,,,Methods/Models/Transformers/Multi-head attention.md
Methods/Models/Transformers/Next sentence prediction,Methods,Next sentence prediction,NSP,,,,,,,,Methods/Models/Transformers/Next sentence prediction.md
Methods/Models/Transformers/Positional encoding,Methods,Positional encoding,sinusoidal positional encoding | positional embeddings,,,,,,,,Methods/Models/Transformers/Positional encoding.md
Methods/Models/Transformers/Self-attention,Methods,Self-attention,intra-attention,,,,,,,,Methods/Models/Transformers/Self-attention.md
Methods/Models/Transformers/Swin Transformer,Methods,Swin Transformer,SwinV2-B | SWin transformer,,,,,,,,Methods/Models/Transformers/Swin Transformer.md
Methods/Models/Transformers/Transformer,Methods,Transformer,The Transformer | Transformer architecture,,,,,,,,Methods/Models/Transformers/Transformer.md
Methods/Models/Transformers/Transformers,Methods,Transformers,,,,,,,,,Methods/Models/Transformers/Transformers.md
Methods/Models/Transformers/Vision Transformer,Methods,Vision Transformer,,,,,,,,,Methods/Models/Transformers/Vision Transformer.md
Methods/Optimizers/AdaGrad,Methods,AdaGrad,Adaptive Gradient,,,,,,,,Methods/Optimizers/AdaGrad.md
Methods/Optimizers/Adam,Methods,Adam,Adaptive Moment Estimation | Adam optimizer,,,,,,,,Methods/Optimizers/Adam.md
Methods/Optimizers/AdaMax,Methods,AdaMax,AdaMax optimizer,,,,,,,,Methods/Optimizers/AdaMax.md
Methods/Optimizers/AdamW,Methods,AdamW,AdamW optimizer,,,,,,,,Methods/Optimizers/AdamW.md
Methods/Optimizers/Optimizers,Methods,Optimizers,Optimization algorithms | Training optimizers,,,,,,,,Methods/Optimizers/Optimizers.md
Methods/Optimizers/Particle Swarm Optimization,Methods,Particle Swarm Optimization,PSO,,,,,,,,Methods/Optimizers/Particle Swarm Optimization.md
Methods/Optimizers/RMSProp,Methods,RMSProp,RMSProp optimizer,,,,,,,,Methods/Optimizers/RMSProp.md
Methods/Optimizers/Stochastic gradient descent,Methods,Stochastic gradient descent,SGD | SGD with momentum | Nesterov momentum,,,,,,,,Methods/Optimizers/Stochastic gradient descent.md
Methods/Synthetic Data Generation/Defect synthesis,Methods,Defect synthesis,Synthetic defect generation | Synthetic anomalies,,,,,,,,Methods/Synthetic Data Generation/Defect synthesis.md
Methods/Synthetic Data Generation/Hybrid Generative-Procedural Synthesis/Hybrid generative-procedural synthesis,Methods,Hybrid generative-procedural synthesis,Hybrid synthetic data generation | Hybrid generative and procedural synthesis | Neuro-procedural data synthesis,,,,,,,,Methods/Synthetic Data Generation/Hybrid Generative-Procedural Synthesis/Hybrid generative-procedural synthesis.md
Methods/Synthetic Data Generation/Hybrid Generative-Procedural Synthesis/RenderGAN,Methods,RenderGAN,RenderGAN synthetic labeled data,,,,,,,,Methods/Synthetic Data Generation/Hybrid Generative-Procedural Synthesis/RenderGAN.md
Methods/Synthetic Data Generation/Hybrid Generative-Procedural Synthesis/SimGAN,Methods,SimGAN,Simulated+Unsupervised learning,,,,,,,,Methods/Synthetic Data Generation/Hybrid Generative-Procedural Synthesis/SimGAN.md
Methods/Synthetic Data Generation/Learned Generative Synthesis/Contrastive unpaired translation,Methods,Contrastive unpaired translation,CUT | Contrastive Unpaired Translation,,,,,,,,Methods/Synthetic Data Generation/Learned Generative Synthesis/Contrastive unpaired translation.md
Methods/Synthetic Data Generation/Learned Generative Synthesis/CycleGAN,Methods,CycleGAN,Cycle-consistent adversarial networks | Cycle-consistent GAN,,,,,,,,Methods/Synthetic Data Generation/Learned Generative Synthesis/CycleGAN.md
Methods/Synthetic Data Generation/Learned Generative Synthesis/DDPM-CSD,Methods,DDPM-CSD,Cross-Scale Diffusion | Cross-Scale Diffusion for steel defect generation,,,,,,,,Methods/Synthetic Data Generation/Learned Generative Synthesis/DDPM-CSD.md
Methods/Synthetic Data Generation/Learned Generative Synthesis/Defect-Gen,Methods,Defect-Gen,Defect Gen | two-stage diffusion-based defect generator,,,,,,,,Methods/Synthetic Data Generation/Learned Generative Synthesis/Defect-Gen.md
Methods/Synthetic Data Generation/Learned Generative Synthesis/Image-mask aligned diffusion synthesis,Methods,Image-mask aligned diffusion synthesis,Alignment-regularized anomaly diffusion | Image-mask alignment regularization,emerging,,,,,,,Methods/Synthetic Data Generation/Learned Generative Synthesis/Image-mask aligned diffusion synthesis.md
Methods/Synthetic Data Generation/Learned Generative Synthesis/Learned generative synthesis,Methods,Learned generative synthesis,ML-generated synthetic data | Model-generated synthetic data,,,,,,,,Methods/Synthetic Data Generation/Learned Generative Synthesis/Learned generative synthesis.md
Methods/Synthetic Data Generation/Learned Generative Synthesis/LoRA-adapted diffusion augmentation,Methods,LoRA-adapted diffusion augmentation,LoRA diffusion augmentation | LoRA-adapted text-to-image augmentation,,,,,,,,Methods/Synthetic Data Generation/Learned Generative Synthesis/LoRA-adapted diffusion augmentation.md
Methods/Synthetic Data Generation/Learned Generative Synthesis/PSGAN,Methods,PSGAN,Periodic spatial GAN | Periodic spatial generative adversarial network,,,,,,,,Methods/Synthetic Data Generation/Learned Generative Synthesis/PSGAN.md
Methods/Synthetic Data Generation/Learned Generative Synthesis/Qwen-Image generative augmentation,Methods,Qwen-Image generative augmentation,Qwen-Image-2.0-pro augmentation | LVLM-based generative data augmentation,emerging,,,,,,,Methods/Synthetic Data Generation/Learned Generative Synthesis/Qwen-Image generative augmentation.md
Methods/Synthetic Data Generation/Physics-guided thermal defect synthesis,Methods,Physics-guided thermal defect synthesis,Thermal diffusion defect synthesis,,,,,,,,Methods/Synthetic Data Generation/Physics-guided thermal defect synthesis.md
Methods/Synthetic Data Generation/Procedural and Simulation-Based Synthesis/Affine anomaly insertion,Methods,Affine anomaly insertion,AA insertion | Affine pseudo-anomaly insertion,emerging,,,,,,,Methods/Synthetic Data Generation/Procedural and Simulation-Based Synthesis/Affine anomaly insertion.md
Methods/Synthetic Data Generation/Procedural and Simulation-Based Synthesis/Depth simulation,Methods,Depth simulation,Depth simulation,emerging,,,,,,,Methods/Synthetic Data Generation/Procedural and Simulation-Based Synthesis/Depth simulation.md
Methods/Synthetic Data Generation/Procedural and Simulation-Based Synthesis/Domain randomization,Methods,Domain randomization,,,,,,,,,Methods/Synthetic Data Generation/Procedural and Simulation-Based Synthesis/Domain randomization.md
Methods/Synthetic Data Generation/Procedural and Simulation-Based Synthesis/PatchAnomaly,Methods,PatchAnomaly,Patch-wise anomaly augmentation | Patch-wise augmentation,emerging,,,,,,,Methods/Synthetic Data Generation/Procedural and Simulation-Based Synthesis/PatchAnomaly.md
Methods/Synthetic Data Generation/Procedural and Simulation-Based Synthesis/Physically based rendering,Methods,Physically based rendering,PBR,,,,,,,,Methods/Synthetic Data Generation/Procedural and Simulation-Based Synthesis/Physically based rendering.md
Methods/Synthetic Data Generation/Procedural and Simulation-Based Synthesis/Procedural and simulation-based synthesis,Methods,Procedural and simulation-based synthesis,Rule-based synthetic data | Simulation-based synthetic data,,,,,,,,Methods/Synthetic Data Generation/Procedural and Simulation-Based Synthesis/Procedural and simulation-based synthesis.md
Methods/Synthetic Data Generation/Procedural and Simulation-Based Synthesis/Procedural generation,Methods,Procedural generation,Procedural synthetic data generation,,,,,,,,Methods/Synthetic Data Generation/Procedural and Simulation-Based Synthesis/Procedural generation.md
Methods/Synthetic Data Generation/Procedural and Simulation-Based Synthesis/Rule-based data synthesis,Methods,Rule-based data synthesis,Rule-based synthetic data | Rule-based synthetic data generation | Rule-based data generation,,,,,,,,Methods/Synthetic Data Generation/Procedural and Simulation-Based Synthesis/Rule-based data synthesis.md
Methods/Synthetic Data Generation/Procedural and Simulation-Based Synthesis/Simulation-based data augmentation,Methods,Simulation-based data augmentation,Simulated training data,,,,,,,,Methods/Synthetic Data Generation/Procedural and Simulation-Based Synthesis/Simulation-based data augmentation.md
Methods/Synthetic Data Generation/Procedural and Simulation-Based Synthesis/Spline-based wafer dicing fault synthesis,Methods,Spline-based wafer dicing fault synthesis,wafer dicing fault synthesis | semiconductor wafer dicing fault simulation,stable,,,,,,,Methods/Synthetic Data Generation/Procedural and Simulation-Based Synthesis/Spline-based wafer dicing fault synthesis.md
Methods/Synthetic Data Generation/Procedural and Simulation-Based Synthesis/Structured domain randomization,Methods,Structured domain randomization,SDR,,,,,,,,Methods/Synthetic Data Generation/Procedural and Simulation-Based Synthesis/Structured domain randomization.md
Methods/Synthetic Data Generation/Synthetic data generation,Methods,Synthetic data generation,Synthetic training data | Synthetic image generation | Data synthesis,,,,,,,,Methods/Synthetic Data Generation/Synthetic data generation.md
Metrics/Anomaly Detection/Anomaly detection metrics,Metrics,Anomaly detection metrics,,,,,,,,,Metrics/Anomaly Detection/Anomaly detection metrics.md
Metrics/Anomaly Detection/AU-PR,Metrics,AU-PR,AU-PR,,,,,,,,Metrics/Anomaly Detection/AU-PR.md
Metrics/Anomaly Detection/AU-PRO,Metrics,AU-PRO,Area under per-region overlap,,,,,,,,Metrics/Anomaly Detection/AU-PRO.md
Metrics/Anomaly Detection/AU-ROC,Metrics,AU-ROC,AUC ROC | AUROC | AUC-ROC,,,,,,,,Metrics/Anomaly Detection/AU-ROC.md
Metrics/Anomaly Detection/Localization precision,Metrics,Localization precision,Anomaly localization precision,,,,,,,,Metrics/Anomaly Detection/Localization precision.md
Metrics/Classification/Accuracy,Metrics,Accuracy,classification accuracy,,,,,,,,Metrics/Classification/Accuracy.md
Metrics/Classification/Average classification precision,Metrics,Average classification precision,APc | average precision rate,,,,,,,,Metrics/Classification/Average classification precision.md
Metrics/Classification/Classification metrics,Metrics,Classification metrics,,,,,,,,,Metrics/Classification/Classification metrics.md
Metrics/Classification/Cohen's kappa,Metrics,Cohen's kappa,Cohen kappa | Cohen's κ | Cohens kappa,,,,,,,,Metrics/Classification/Cohen's kappa.md
Metrics/Classification/Error rate,Metrics,Error rate,recognition error rate,,,,,,,,Metrics/Classification/Error rate.md
Metrics/Classification/F1-score,Metrics,F1-score,F1-measure | F1 measure,,,,,,,,Metrics/Classification/F1-score.md
Metrics/Classification/G-mean,Metrics,G-mean,geometric mean,,,,,,,,Metrics/Classification/G-mean.md
Metrics/Classification/Matthews correlation coefficient,Metrics,Matthews correlation coefficient,MCC | Matthews correlation,,,,,,,,Metrics/Classification/Matthews correlation coefficient.md
Metrics/Classification/Precision,Metrics,Precision,,,,,,,,,Metrics/Classification/Precision.md
Metrics/Classification/Recall,Metrics,Recall,Sensitivity | True Positive Rate | TPR,,,,,,,,Metrics/Classification/Recall.md
Metrics/Classification/Relative improvement,Metrics,Relative improvement,IMP,,,,,,,,Metrics/Classification/Relative improvement.md
Metrics/Classification/Specificity,Metrics,Specificity,True Negative Rate | TNR,,,,,,,,Metrics/Classification/Specificity.md
Metrics/Classification/Top-1 error,Metrics,Top-1 error,top-1 error rate,,,,,,,,Metrics/Classification/Top-1 error.md
Metrics/Classification/Top-5 error,Metrics,Top-5 error,top-5 error rate,,,,,,,,Metrics/Classification/Top-5 error.md
Metrics/Detection/AP@0.7 IoU,Metrics,AP@0.7 IoU,AP@0.7 | AP at 0.7 IoU,,,,,,,,Metrics/Detection/AP@0.7 IoU.md
Metrics/Detection/Average precision,Metrics,Average precision,AP,,,,,,,,Metrics/Detection/Average precision.md
Metrics/Detection/Defect detection error rate,Metrics,Defect detection error rate,Pd,,,,,,,,Metrics/Detection/Defect detection error rate.md
Metrics/Detection/Detection metrics,Metrics,Detection metrics,,,,,,,,,Metrics/Detection/Detection metrics.md
Metrics/Detection/Detection rate,Metrics,Detection rate,DR | sensitivity,,,,,,,,Metrics/Detection/Detection rate.md
Metrics/Detection/Detection success rate,Metrics,Detection success rate,DSR | detection accuracy,,,,,,,,Metrics/Detection/Detection success rate.md
Metrics/Detection/False acceptance rate,Metrics,False acceptance rate,FAR,,,,,,,,Metrics/Detection/False acceptance rate.md
Metrics/Detection/False alarm rate,Metrics,False alarm rate,FAR,,,,,,,,Metrics/Detection/False alarm rate.md
Metrics/Detection/False rejection rate,Metrics,False rejection rate,FRR,,,,,,,,Metrics/Detection/False rejection rate.md
Metrics/Detection/mAP,Metrics,mAP,mean average precision,,,,,,,,Metrics/Detection/mAP.md
Metrics/Detection/mAP@0.15,Metrics,mAP@0.15,mean average precision at IoU 0.15,,,,,,,,Metrics/Detection/mAP@0.15.md
Metrics/Detection/mAP@0.25,Metrics,mAP@0.25,AP@0.25 | average precision at IoU 0.25,,,,,,,,Metrics/Detection/mAP@0.25.md
Metrics/Detection/mAP@0.30,Metrics,mAP@0.30,mean average precision at IoU 0.30,,,,,,,,Metrics/Detection/mAP@0.30.md
Metrics/Detection/mAP@0.50,Metrics,mAP@0.50,mean average precision at IoU 0.50,,,,,,,,Metrics/Detection/mAP@0.50.md
Metrics/Detection/mAP@0.50-0.95,Metrics,mAP@0.50-0.95,mAP@0.5:0.95 | mean average precision at IoU 0.50 to 0.95,,,,,,,,Metrics/Detection/mAP@0.50-0.95.md
Metrics/Detection/mAP@0.75,Metrics,mAP@0.75,AP@0.75 | average precision at IoU 0.75,,,,,,,,Metrics/Detection/mAP@0.75.md
Metrics/Detection/Modified F0.9 score,Metrics,Modified F0.9 score,Modified F0.9 | Modified F0.9-score,,,,,,,,Metrics/Detection/Modified F0.9 score.md
Metrics/Detection/Modified recall,Metrics,Modified recall,average modified recall | AMR,,,,,,,,Metrics/Detection/Modified recall.md
Metrics/Detection/Probability of detection,Metrics,Probability of detection,POD,,,,,,,,Metrics/Detection/Probability of detection.md
Metrics/Efficiency/Detection time,Metrics,Detection time,,,,,,,,,Metrics/Efficiency/Detection time.md
Metrics/Efficiency/Efficiency metrics,Metrics,Efficiency metrics,,,,,,,,,Metrics/Efficiency/Efficiency metrics.md
Metrics/Efficiency/FPS,Metrics,FPS,frames per second,,,,,,,,Metrics/Efficiency/FPS.md
Metrics/Efficiency/GFLOPs,Metrics,GFLOPs,giga floating point operations,,,,,,,,Metrics/Efficiency/GFLOPs.md
Metrics/Efficiency/Inference time,Metrics,Inference time,average inference time,,,,,,,,Metrics/Efficiency/Inference time.md
Metrics/Efficiency/Parameter count,Metrics,Parameter count,parameters | model parameters | Param,,,,,,,,Metrics/Efficiency/Parameter count.md
Metrics/Emerging Metrics/Area Under Saturated Per-Region Overlap,Metrics,Area Under Saturated Per-Region Overlap,AUsPRO,emerging,,,,,,,Metrics/Emerging Metrics/Area Under Saturated Per-Region Overlap.md
Metrics/Emerging Metrics/BLEU,Metrics,BLEU,BLEU score,emerging,,,,,,,Metrics/Emerging Metrics/BLEU.md
Metrics/Emerging Metrics/D1-all,Metrics,D1-all,,emerging,,,,,,,Metrics/Emerging Metrics/D1-all.md
Metrics/Emerging Metrics/Defect sensitivity,Metrics,Defect sensitivity,,emerging,,,,,,,Metrics/Emerging Metrics/Defect sensitivity.md
Metrics/Emerging Metrics/Emerging Metrics,Metrics,Emerging Metrics,,,,,,,,,Metrics/Emerging Metrics/Emerging Metrics.md
Metrics/Emerging Metrics/Endpoint error,Metrics,Endpoint error,,emerging,,,,,,,Metrics/Emerging Metrics/Endpoint error.md
Metrics/Emerging Metrics/Exact match,Metrics,Exact match,EM,emerging,,,,,,,Metrics/Emerging Metrics/Exact match.md
Metrics/Emerging Metrics/Exact-match accuracy,Metrics,Exact-match accuracy,,emerging,,,,,,,Metrics/Emerging Metrics/Exact-match accuracy.md
Metrics/Emerging Metrics/Faithfulness gap,Metrics,Faithfulness gap,Deletion-insertion faithfulness gap,emerging,,,,,,,Metrics/Emerging Metrics/Faithfulness gap.md
Metrics/Emerging Metrics/Feature embedding separation,Metrics,Feature embedding separation,,emerging,,,,,,,Metrics/Emerging Metrics/Feature embedding separation.md
Metrics/Emerging Metrics/Fill factor,Metrics,Fill factor,FF,emerging,,,,,,,Metrics/Emerging Metrics/Fill factor.md
Metrics/Emerging Metrics/Gaze estimation error,Metrics,Gaze estimation error,,emerging,,,,,,,Metrics/Emerging Metrics/Gaze estimation error.md
Metrics/Emerging Metrics/Grasp success rate,Metrics,Grasp success rate,,emerging,,,,,,,Metrics/Emerging Metrics/Grasp success rate.md
Metrics/Emerging Metrics/Hand pose threshold accuracy,Metrics,Hand pose threshold accuracy,,emerging,,,,,,,Metrics/Emerging Metrics/Hand pose threshold accuracy.md
Metrics/Emerging Metrics/Hoyer sparsity,Metrics,Hoyer sparsity,Hoyer,emerging,,,,,,,Metrics/Emerging Metrics/Hoyer sparsity.md
Metrics/Emerging Metrics/IoU@Top10%,Metrics,IoU@Top10%,IoU at Top 10 percent,emerging,,,,,,,Metrics/Emerging Metrics/IoU@Top10%.md
Metrics/Emerging Metrics/LIME surrogate fidelity,Metrics,LIME surrogate fidelity,kernel-weighted surrogate fidelity | R2w,emerging,,,,,,,Metrics/Emerging Metrics/LIME surrogate fidelity.md
Metrics/Emerging Metrics/Maximum power point,Metrics,Maximum power point,MPP,emerging,,,,,,,Metrics/Emerging Metrics/Maximum power point.md
Metrics/Emerging Metrics/Mean Absolute Error,Metrics,Mean Absolute Error,MAE,emerging,,,,,,,Metrics/Emerging Metrics/Mean Absolute Error.md
Metrics/Emerging Metrics/Mean Absolute Percentage Error,Metrics,Mean Absolute Percentage Error,MAPE,emerging,,,,,,,Metrics/Emerging Metrics/Mean Absolute Percentage Error.md
Metrics/Emerging Metrics/Mean Absolute Ranged Relative Error,Metrics,Mean Absolute Ranged Relative Error,MARRE,emerging,,,,,,,Metrics/Emerging Metrics/Mean Absolute Ranged Relative Error.md
Metrics/Emerging Metrics/Mean Hamming distance,Metrics,Mean Hamming distance,MHD,emerging,,,,,,,Metrics/Emerging Metrics/Mean Hamming distance.md
Metrics/Emerging Metrics/Mean localization error,Metrics,Mean localization error,,emerging,,,,,,,Metrics/Emerging Metrics/Mean localization error.md
Metrics/Emerging Metrics/Mean Squared Error,Metrics,Mean Squared Error,MSE,emerging,,,,,,,Metrics/Emerging Metrics/Mean Squared Error.md
Metrics/Emerging Metrics/Normalized change,Metrics,Normalized change,normalized change | c,emerging,,,,,,,Metrics/Emerging Metrics/Normalized change.md
Metrics/Emerging Metrics/Normalized gain,Metrics,Normalized gain,average normalized gain | <g>,emerging,,,,,,,Metrics/Emerging Metrics/Normalized gain.md
Metrics/Emerging Metrics/Occlusion entropy,Metrics,Occlusion entropy,occlusion-map entropy | Shannon entropy,emerging,,,,,,,Metrics/Emerging Metrics/Occlusion entropy.md
Metrics/Emerging Metrics/Open-circuit voltage,Metrics,Open-circuit voltage,VOC,emerging,,,,,,,Metrics/Emerging Metrics/Open-circuit voltage.md
Metrics/Emerging Metrics/Power conversion efficiency,Metrics,Power conversion efficiency,PCE,emerging,,,,,,,Metrics/Emerging Metrics/Power conversion efficiency.md
Metrics/Emerging Metrics/Quantum efficiency,Metrics,Quantum efficiency,QE,emerging,,,,,,,Metrics/Emerging Metrics/Quantum efficiency.md
Metrics/Emerging Metrics/Short-circuit current,Metrics,Short-circuit current,Isc | I_sc,emerging,,,,,,,Metrics/Emerging Metrics/Short-circuit current.md
Metrics/Emerging Metrics/Short-circuit current density,Metrics,Short-circuit current density,JSC,emerging,,,,,,,Metrics/Emerging Metrics/Short-circuit current density.md
Metrics/Emerging Metrics/Texture robustness,Metrics,Texture robustness,,emerging,,,,,,,Metrics/Emerging Metrics/Texture robustness.md
Metrics/Generative Quality/Bits per dimension,Metrics,Bits per dimension,bits/dim | bits per dim | negative log likelihood in bits per dimension,,,,,,,,Metrics/Generative Quality/Bits per dimension.md
Metrics/Generative Quality/CLIPScore,Metrics,CLIPScore,CLIP Score,,,,,,,,Metrics/Generative Quality/CLIPScore.md
Metrics/Generative Quality/FID,Metrics,FID,Frechet Inception Distance | Frechet Inception Distance,,,,,,,,Metrics/Generative Quality/FID.md
Metrics/Generative Quality/GAN-Train GAN-Test,Metrics,GAN-Train GAN-Test,GAN-Train | GAN-Test,,,,,,,,Metrics/Generative Quality/GAN-Train GAN-Test.md
Metrics/Generative Quality/Generative quality metrics,Metrics,Generative quality metrics,,,,,,,,,Metrics/Generative Quality/Generative quality metrics.md
Metrics/Generative Quality/Inception Score,Metrics,Inception Score,,,,,,,,,Metrics/Generative Quality/Inception Score.md
Metrics/Generative Quality/KID,Metrics,KID,Kernel Inception Distance,,,,,,,,Metrics/Generative Quality/KID.md
Metrics/Generative Quality/Log likelihood,Metrics,Log likelihood,Model log likelihood | Likelihood,,,,,,,,Metrics/Generative Quality/Log likelihood.md
Metrics/Generative Quality/LPIPS,Metrics,LPIPS,,,,,,,,,Metrics/Generative Quality/LPIPS.md
Metrics/Generative Quality/MMD,Metrics,MMD,maximum mean discrepancy,,,,,,,,Metrics/Generative Quality/MMD.md
Metrics/Generative Quality/Parzen window log-likelihood,Metrics,Parzen window log-likelihood,Parzen-window log-likelihood | Parzen density estimate log-likelihood,,,,,,,,Metrics/Generative Quality/Parzen window log-likelihood.md
Metrics/Generative Quality/PGI,Metrics,PGI,Polymorphic Generative Index | polymorphic generative index,,,,,,,,Metrics/Generative Quality/PGI.md
Metrics/Generative Quality/PSNR,Metrics,PSNR,Peak signal-to-noise ratio,,,,,,,,Metrics/Generative Quality/PSNR.md
Metrics/Generative Quality/SSIM,Metrics,SSIM,Structural Similarity Index | Structural Similarity Index Measure,,,,,,,,Metrics/Generative Quality/SSIM.md
Metrics/Generative Quality/Surface Defect Score,Metrics,Surface Defect Score,SDS,,,,,,,,Metrics/Generative Quality/Surface Defect Score.md
Metrics/Metrics,Metrics,Metrics,,,,,,,,,Metrics/Metrics.md
Metrics/Segmentation/Background pixel accuracy,Metrics,Background pixel accuracy,BPA,,,,,,,,Metrics/Segmentation/Background pixel accuracy.md
Metrics/Segmentation/Dice score,Metrics,Dice score,,,,,,,,,Metrics/Segmentation/Dice score.md
Metrics/Segmentation/E-measure,Metrics,E-measure,Em | enhanced-alignment measure,,,,,,,,Metrics/Segmentation/E-measure.md
Metrics/Segmentation/F-measure,Metrics,F-measure,Fβ,,,,,,,,Metrics/Segmentation/F-measure.md
Metrics/Segmentation/FB-IoU,Metrics,FB-IoU,Foreground-background IoU | Foreground-background Intersection over Union,,,,,,,,Metrics/Segmentation/FB-IoU.md
Metrics/Segmentation/Foreground pixel accuracy,Metrics,Foreground pixel accuracy,FPA,,,,,,,,Metrics/Segmentation/Foreground pixel accuracy.md
Metrics/Segmentation/Global accuracy,Metrics,Global accuracy,,,,,,,,,Metrics/Segmentation/Global accuracy.md
Metrics/Segmentation/IoU,Metrics,IoU,Intersection over union | intersection over union,,,,,,,,Metrics/Segmentation/IoU.md
Metrics/Segmentation/Mean Absolute Error,Metrics,Mean Absolute Error,MAE,,,,,,,,Metrics/Segmentation/Mean Absolute Error.md
Metrics/Segmentation/Mean pixel accuracy,Metrics,Mean pixel accuracy,MPA,,,,,,,,Metrics/Segmentation/Mean pixel accuracy.md
Metrics/Segmentation/mIoU,Metrics,mIoU,mean Intersection over Union | mean IoU,,,,,,,,Metrics/Segmentation/mIoU.md
Metrics/Segmentation/Per-class accuracy,Metrics,Per-class accuracy,,,,,,,,,Metrics/Segmentation/Per-class accuracy.md
Metrics/Segmentation/S-measure,Metrics,S-measure,Sm | structure measure,,,,,,,,Metrics/Segmentation/S-measure.md
Metrics/Segmentation/Segmentation metrics,Metrics,Segmentation metrics,,,,,,,,,Metrics/Segmentation/Segmentation metrics.md
Metrics/Segmentation/Weighted F-measure,Metrics,Weighted F-measure,weighted Fβ | Fβw,,,,,,,,Metrics/Segmentation/Weighted F-measure.md
Papers/Benchmark/2021 - Deep Learning-Based Defect Detection of Metal Parts Evaluating Current Methods in Complex Conditions,Papers,Deep Learning-Based Defect Detection of Metal Parts: Evaluating Current Methods in Complex Conditions,Deep Learning-Based Defect Detection of Metal Parts: Evaluating Current Methods in Complex Conditions,processed,2021,benchmark,,doi:10.1109/icumt54235.2021.9631567,10.1109/icumt54235.2021.9631567,https://doi.org/10.1109/ICUMT54235.2021.9631567,Papers/Benchmark/2021 - Deep Learning-Based Defect Detection of Metal Parts Evaluating Current Methods in Complex Conditions.md
Papers/Benchmark/2022 - Anomaly Detection for Real-World Industrial Applications Benchmarking Recent Self-Supervised and Pretrained Methods,Papers,Anomaly Detection for Real-World Industrial Applications: Benchmarking Recent Self-Supervised and Pretrained Methods,Anomaly Detection for Real-World Industrial Applications: Benchmarking Recent Self-Supervised and Pretrained Methods,processed,2022,benchmark,,doi:10.1109/icumt57764.2022.9943437,10.1109/icumt57764.2022.9943437,https://doi.org/10.1109/ICUMT57764.2022.9943437,Papers/Benchmark/2022 - Anomaly Detection for Real-World Industrial Applications Benchmarking Recent Self-Supervised and Pretrained Methods.md
Papers/Benchmark/2024 - Defect Spectrum A Granular Look of Large-Scale Defect Datasets with Rich Semantics,Papers,Defect Spectrum: A Granular Look of Large-Scale Defect Datasets with Rich Semantics,Defect Spectrum: A Granular Look of Large-Scale Defect Datasets with Rich Semantics,processed,2024,benchmark,,arxiv:2310.17316,,https://envision-research.github.io/Defect_Spectrum/,Papers/Benchmark/2024 - Defect Spectrum A Granular Look of Large-Scale Defect Datasets with Rich Semantics.md
Papers/Benchmark/2024 - Detecting Visual Anomalies in an Industrial Environment Unsupervised Methods Put to the Test on the AutoVI Dataset,Papers,Detecting Visual Anomalies in an Industrial Environment: Unsupervised Methods Put to the Test on the AutoVI Dataset,Detecting Visual Anomalies in an Industrial Environment | Unsupervised Methods Put to the Test on the AutoVI Dataset,processed,2024,benchmark,,sha256:42ee3d267166f3013d302993ef409f584cf0d8ff609668d48a56d90c22eb666f,10.1016/j.compind.2024.104151,https://doi.org/10.1016/j.compind.2024.104151,Papers/Benchmark/2024 - Detecting Visual Anomalies in an Industrial Environment Unsupervised Methods Put to the Test on the AutoVI Dataset.md
Papers/Dataset/2013 - A Noise Robust Method Based on Completed Local Binary Patterns for Hot-Rolled Steel Strip Surface Defects,Papers,A noise robust method based on completed local binary patterns for hot-rolled steel strip surface defects,A Noise Robust Method Based on Completed Local Binary Patterns for Hot-Rolled Steel Strip Surface Defects,processed,2013,dataset,,doi:10.1016/j.apsusc.2013.09.002,10.1016/j.apsusc.2013.09.002,https://doi.org/10.1016/j.apsusc.2013.09.002,Papers/Dataset/2013 - A Noise Robust Method Based on Completed Local Binary Patterns for Hot-Rolled Steel Strip Surface Defects.md
Papers/Dataset/2015 - Wafer Map Failure Pattern Recognition and Similarity Ranking for Large-Scale Data Sets,Papers,Wafer Map Failure Pattern Recognition and Similarity Ranking for Large-Scale Data Sets,,processed,2015,dataset,,doi:10.1109/tsm.2014.2364237,10.1109/TSM.2014.2364237,https://doi.org/10.1109/TSM.2014.2364237,Papers/Dataset/2015 - Wafer Map Failure Pattern Recognition and Similarity Ranking for Large-Scale Data Sets.md
Papers/Dataset/2016 - A Large Dataset to Train Convolutional Networks for Disparity Optical Flow and Scene Flow Estimation,Papers,"A Large Dataset to Train Convolutional Networks for Disparity, Optical Flow, and Scene Flow Estimation",Scene Flow synthetic dataset paper | FlyingThings3D dataset paper,processed,2016,dataset,,arxiv:1002.18000,,http://lmb.informatik.uni-freiburg.de/resources/datasets/,Papers/Dataset/2016 - A Large Dataset to Train Convolutional Networks for Disparity Optical Flow and Scene Flow Estimation.md
Papers/Dataset/2016 - The SYNTHIA Dataset A Large Collection of Synthetic Images for Semantic Segmentation of Urban Scenes,Papers,The SYNTHIA Dataset: A Large Collection of Synthetic Images for Semantic Segmentation of Urban Scenes,The SYNTHIA Dataset | SYNTHIA dataset paper,processed,2016,dataset,,arxiv:4748.68000,,http://adas.cvc.uab.es/synthia,Papers/Dataset/2016 - The SYNTHIA Dataset A Large Collection of Synthetic Images for Semantic Segmentation of Urban Scenes.md
Papers/Dataset/2019 - A Public Fabric Database for Defect Detection Methods and Results,Papers,A Public Fabric Database for Defect Detection Methods and Results,A Public Fabric Database for Defect Detection Methods and Results,processed,2019,dataset,,sha256:dd562ebbe12ad3676e28b5c81e82237a67cd8ff3bf57494fb9388d9b0e6f1d70,10.2478/aut-2019-0035,https://doi.org/10.2478/aut-2019-0035,Papers/Dataset/2019 - A Public Fabric Database for Defect Detection Methods and Results.md
Papers/Dataset/2019 - Online PCB Defect Detector on a New PCB Defect Dataset,Papers,Online PCB Defect Detector on a New PCB Defect Dataset,,processed,2019,dataset,,sha256:0ccaa125d5cbfb8845ef22c1a2811275d98554ed37e64b5d819341181484fb96,,https://arxiv.org/abs/1902.06197,Papers/Dataset/2019 - Online PCB Defect Detector on a New PCB Defect Dataset.md
Papers/Dataset/2020 - An End-to-End Steel Surface Defect Detection Approach via Fusing Multiple Hierarchical Features,Papers,An End-to-End Steel Surface Defect Detection Approach via Fusing Multiple Hierarchical Features,An End-to-End Steel Surface Defect Detection Approach | DDN NEU-DET paper,processed,2020,dataset,,doi:10.1109/tim.2019.2915404,10.1109/TIM.2019.2915404,https://doi.org/10.1109/TIM.2019.2915404,Papers/Dataset/2020 - An End-to-End Steel Surface Defect Detection Approach via Fusing Multiple Hierarchical Features.md
Papers/Dataset/2020 - Deep Metallic Surface Defect Detection The New Benchmark and Detection Network,Papers,Deep Metallic Surface Defect Detection: The New Benchmark and Detection Network,Deep Metallic Surface Defect Detection,processed,2020,dataset,,sha256:330bf36b67008058389ec82b0a477610a9e1197bf87d1048a76870430e091ba6,,https://doi.org/10.3390/s20061562,Papers/Dataset/2020 - Deep Metallic Surface Defect Detection The New Benchmark and Detection Network.md
Papers/Dataset/2020 - HRIPCB a Challenging Dataset for PCB Defects Detection and Classification,Papers,HRIPCB: a Challenging Dataset for PCB Defects Detection and Classification,HRIPCB | A PCB Dataset for Defects Detection and Classification | PKU-Market-PCB introducing paper,processed,2020,dataset,,doi:10.1049/joe.2019.1183,10.1049/joe.2019.1183,https://doi.org/10.1049/joe.2019.1183,Papers/Dataset/2020 - HRIPCB a Challenging Dataset for PCB Defects Detection and Classification.md
Papers/Dataset/2020 - Infrared Solar Module Dataset for Anomaly Detection,Papers,Infrared Solar Module Dataset for Anomaly Detection,InfraredSolarModules paper,processed,2020,dataset,,sha256:3ef9bb50acd5bfdf44ae18f850572b4c60608582a3f2ce7eb3863c330d093402,,,Papers/Dataset/2020 - Infrared Solar Module Dataset for Anomaly Detection.md
Papers/Dataset/2020 - Segmentation-Based Deep-Learning Approach for Surface-Defect Detection,Papers,Segmentation-Based Deep-Learning Approach for Surface-Defect Detection,Segmentation-based deep-learning approach for surface-defect detection,processed,2020,dataset,,doi:10.1007/s10845-019-01476-x,10.1007/s10845-019-01476-x,https://doi.org/10.1007/s10845-019-01476-x,Papers/Dataset/2020 - Segmentation-Based Deep-Learning Approach for Surface-Defect Detection.md
Papers/Dataset/2020 - Surface Defect Saliency of Magnetic Tile,Papers,Surface Defect Saliency of Magnetic Tile,Saliency of magnetic tile surface defects,processed,2020,dataset,,doi:10.1007/s00371-018-1588-5,10.1007/s00371-018-1588-5,https://doi.org/10.1007/s00371-018-1588-5,Papers/Dataset/2020 - Surface Defect Saliency of Magnetic Tile.md
Papers/Dataset/2021 - Industrial Machine Tool Component Surface Defect Dataset,Papers,Industrial Machine Tool Component Surface Defect Dataset,Industrial Machine Tool Element Surface Defect Dataset | BSData paper,processed,2021,dataset,,arxiv:2103.13003,,https://arxiv.org/abs/2103.13003,Papers/Dataset/2021 - Industrial Machine Tool Component Surface Defect Dataset.md
Papers/Dataset/2021 - The MVTec 3D-AD Dataset for Unsupervised 3D Anomaly Detection and Localization,Papers,The MVTec 3D-AD Dataset for Unsupervised 3D Anomaly Detection and Localization,The MVTec 3D-AD Dataset for Unsupervised 3D Anomaly Detection and Localization,processed,2021,dataset,,arxiv:2112.09045,,https://www.mvtec.com/company/research/datasets,Papers/Dataset/2021 - The MVTec 3D-AD Dataset for Unsupervised 3D Anomaly Detection and Localization.md
Papers/Dataset/2021 - The MVTec Anomaly Detection Dataset,Papers,The MVTec Anomaly Detection Dataset: A Comprehensive Real-World Dataset for Unsupervised Anomaly Detection,The MVTec Anomaly Detection Dataset,processed,2021,dataset,,doi:10.1007/s11263-020-01400-4,10.1007/s11263-020-01400-4,https://doi.org/10.1007/s11263-020-01400-4,Papers/Dataset/2021 - The MVTec Anomaly Detection Dataset.md
Papers/Dataset/2021 - X-SDD A New Benchmark for Hot Rolled Steel Strip Surface Defects Detection,Papers,X-SDD: A New Benchmark for Hot Rolled Steel Strip Surface Defects Detection,X-SDD: A New Benchmark for Hot Rolled Steel Strip Surface Defects Detection,processed,2021,dataset,,doi:10.3390/sym13040706,10.3390/sym13040706,https://doi.org/10.3390/sym13040706,Papers/Dataset/2021 - X-SDD A New Benchmark for Hot Rolled Steel Strip Surface Defects Detection.md
Papers/Dataset/2021 - ZJU-Leaper A Benchmark Dataset for Fabric Defect Detection and a Comparative Study,Papers,ZJU-Leaper: A Benchmark Dataset for Fabric Defect Detection and a Comparative Study,ZJU-Leaper | ZJU-Leaper benchmark dataset,processed,2021,dataset,,doi:10.1109/tai.2021.3057027,10.1109/TAI.2021.3057027,https://doi.org/10.1109/TAI.2021.3057027,Papers/Dataset/2021 - ZJU-Leaper A Benchmark Dataset for Fabric Defect Detection and a Comparative Study.md
Papers/Dataset/2022 - Beyond Dents and Scratches Logical Constraints in Unsupervised Anomaly Detection and Localization,Papers,Beyond Dents and Scratches: Logical Constraints in Unsupervised Anomaly Detection and Localization,Beyond Dents and Scratches: Logical Constraints in Unsupervised Anomaly Detection and Localization,processed,2022,dataset,,doi:10.1007/s11263-022-01578-9,10.1007/s11263-022-01578-9,https://doi.org/10.1007/s11263-022-01578-9,Papers/Dataset/2022 - Beyond Dents and Scratches Logical Constraints in Unsupervised Anomaly Detection and Localization.md
Papers/Dataset/2022 - SolarDK A high-resolution urban solar panel image classification and localization dataset,Papers,SolarDK: A high-resolution urban solar panel image classification and localization dataset,SolarDK | SolarDK paper | SolarDK: A high-resolution urban solar panel image classification and localisation dataset,processed,2022,dataset,,sha256:12fae438f8e138b106917e3059bac1588e2da97e8824b53a7e1963a7c9ef80b7,,https://arxiv.org/abs/2212.01260,Papers/Dataset/2022 - SolarDK A high-resolution urban solar panel image classification and localization dataset.md
Papers/Dataset/2023 - A benchmark dataset for defect detection and classification in electroluminescence images of PV modules using semantic segmentation,Papers,A benchmark dataset for defect detection and classification in electroluminescence images of PV modules using semantic segmentation,Benchmark dataset for defect detection and classification in EL images of PV modules,processed,2023,dataset,,sha256:51e13055e62ae617098591374e2be639ef0e1498d7cc36fb3c3ee00e4d87a83d,10.1016/j.sasc.2023.200048,https://doi.org/10.1016/j.sasc.2023.200048,Papers/Dataset/2023 - A benchmark dataset for defect detection and classification in electroluminescence images of PV modules using semantic segmentation.md
Papers/Dataset/2023 - CarDD A New Dataset for Vision-Based Car Damage Detection,Papers,CarDD: A New Dataset for Vision-Based Car Damage Detection,CarDD paper,processed,2023,dataset,,doi:10.1109/tits.2023.3258480,10.1109/tits.2023.3258480,https://doi.org/10.1109/TITS.2023.3258480,Papers/Dataset/2023 - CarDD A New Dataset for Vision-Based Car Damage Detection.md
Papers/Dataset/2023 - Few-shot semantic segmentation for industrial defect recognition,Papers,Few-shot semantic segmentation for industrial defect recognition,IndustrialNet paper,processed,2023,dataset,,doi:10.1016/j.compind.2023.103901,10.1016/j.compind.2023.103901,https://doi.org/10.1016/j.compind.2023.103901,Papers/Dataset/2023 - Few-shot semantic segmentation for industrial defect recognition.md
Papers/Dataset/2023 - PVEL-AD A Large-Scale Open-World Dataset for Photovoltaic Cell Anomaly Detection,Papers,PVEL-AD: A Large-Scale Open-World Dataset for Photovoltaic Cell Anomaly Detection,PVEL-AD,processed,2023,dataset,,doi:10.1109/tii.2022.3162846,10.1109/tii.2022.3162846,https://doi.org/10.1109/TII.2022.3162846,Papers/Dataset/2023 - PVEL-AD A Large-Scale Open-World Dataset for Photovoltaic Cell Anomaly Detection.md
Papers/Dataset/2023 - SSGD A Smartphone Screen Glass Dataset for Defect Detection,Papers,SSGD: A Smartphone Screen Glass Dataset for Defect Detection,SSGD paper,processed,2023,dataset,,arxiv:2303.06673,,https://arxiv.org/abs/2303.06673,Papers/Dataset/2023 - SSGD A Smartphone Screen Glass Dataset for Defect Detection.md
Papers/Dataset/2024 - A Dataset for Deep Learning Based Detection of Printed Circuit Board Surface Defect,Papers,A Dataset for Deep Learning Based Detection of Printed Circuit Board Surface Defect,A Dataset for Deep Learning Based Detection of Printed Circuit Board Surface Defect | DsPCBSD+ paper,processed,2024,dataset,,doi:10.1038/s41597-024-03656-8,10.1038/s41597-024-03656-8,https://doi.org/10.1038/s41597-024-03656-8,Papers/Dataset/2024 - A Dataset for Deep Learning Based Detection of Printed Circuit Board Surface Defect.md
Papers/Dataset/2024 - A Novel Dataset for Fabric Defect Detection Bridging Gaps in Anomaly Detection,Papers,A Novel Dataset for Fabric Defect Detection: Bridging Gaps in Anomaly Detection,A Novel Dataset for Fabric Defect Detection | Lusitano dataset paper,processed,2024,dataset,,sha256:a70b9c18d4e2d72ce127d13a58a1e0fd54443ab290d220fb4e4718579cd22254,10.3390/app14125298,https://doi.org/10.3390/app14125298,Papers/Dataset/2024 - A Novel Dataset for Fabric Defect Detection Bridging Gaps in Anomaly Detection.md
Papers/Dataset/2024 - Benchmark for Welding Gun Fault Prediction with Multivariate Time Series Data,Papers,Benchmark for Welding Gun Fault Prediction with Multivariate Time Series Data,Benchmark for welding gun fault prediction with multivariate time series data,processed,2024,dataset,,doi:10.1038/s41597-024-02914-z)/producer(itext,10.1038/s41597-024-02914-z,https://doi.org/10.1038/s41597-024-02914-z,Papers/Dataset/2024 - Benchmark for Welding Gun Fault Prediction with Multivariate Time Series Data.md
Papers/Dataset/2024 - FabricSpotDefect An Annotated Dataset for Identifying Spot Defects in Different Fabric Types,Papers,FabricSpotDefect: An annotated dataset for identifying spot defects in different fabric types,FabricSpotDefect dataset paper,processed,2024,dataset,,doi:10.17632/6574nhzm8x.1,10.1016/j.dib.2024.111165,https://doi.org/10.1016/j.dib.2024.111165,Papers/Dataset/2024 - FabricSpotDefect An Annotated Dataset for Identifying Spot Defects in Different Fabric Types.md
"Papers/Dataset/2024 - LoHi-WELD A Novel Industrial Dataset for Weld Defect Detection and Classification, a Deep Learning Study, and Future Perspectives",Papers,"LoHi-WELD: A Novel Industrial Dataset for Weld Defect Detection and Classification, a Deep Learning Study, and Future Perspectives",LoHi-WELD,processed,2024,dataset,,doi:10.1109/access.2024.3407019,10.1109/ACCESS.2024.3407019,https://doi.org/10.1109/ACCESS.2024.3407019,"Papers/Dataset/2024 - LoHi-WELD A Novel Industrial Dataset for Weld Defect Detection and Classification, a Deep Learning Study, and Future Perspectives.md"
Papers/Dataset/2024 - Open Stamped Parts Dataset,Papers,Open Stamped Parts Dataset,OSPD paper | Open Stamped Parts Dataset,processed,2024,dataset,,arxiv:2403.10369,,https://arxiv.org/abs/2403.10369,Papers/Dataset/2024 - Open Stamped Parts Dataset.md
Papers/Dataset/2024 - Real-IAD A Real-World Multi-View Dataset for Benchmarking Versatile Industrial Anomaly Detection,Papers,Real-IAD: A Real-World Multi-View Dataset for Benchmarking Versatile Industrial Anomaly Detection,Real-IAD,processed,2024,dataset,,doi:10.1109/cvpr52733.2024.02159,10.1109/cvpr52733.2024.02159,https://realiad4ad.github.io/Real-IAD,Papers/Dataset/2024 - Real-IAD A Real-World Multi-View Dataset for Benchmarking Versatile Industrial Anomaly Detection.md
Papers/Dataset/2025 - A Dataset and Baseline for Deep Learning-Based Visual Quality Inspection in Remanufacturing,Papers,A Dataset and Baseline for Deep Learning-Based Visual Quality Inspection in Remanufacturing,Gearbox components remanufacturing inspection dataset paper,processed,2025,dataset,,arxiv:2511.15440,10.1109/ETFA65518.2025.11205777,https://doi.org/10.1109/ETFA65518.2025.11205777,Papers/Dataset/2025 - A Dataset and Baseline for Deep Learning-Based Visual Quality Inspection in Remanufacturing.md
Papers/Dataset/2025 - A Dataset for Surface Defect Detection on Complex Structured Parts Based on Photometric Stereo,Papers,A Dataset for Surface Defect Detection on Complex Structured Parts Based on Photometric Stereo,A Dataset for Surface Defect Detection on Complex Structured Parts Based on Photometric Stereo,processed,2025,dataset,,doi:10.1038/s41597-025-04454-6,10.1038/s41597-025-04454-6,https://doi.org/10.1038/s41597-025-04454-6,Papers/Dataset/2025 - A Dataset for Surface Defect Detection on Complex Structured Parts Based on Photometric Stereo.md
Papers/Dataset/2025 - CSDD A Benchmark Dataset for Casting Surface Defect Detection and Segmentation,Papers,CSDD: A Benchmark Dataset for Casting Surface Defect Detection and Segmentation,CSDD | CSDD benchmark dataset,processed,2025,dataset,,doi:10.1109/jas.2025.125228,10.1109/JAS.2025.125228,https://doi.org/10.1109/JAS.2025.125228,Papers/Dataset/2025 - CSDD A Benchmark Dataset for Casting Surface Defect Detection and Segmentation.md
Papers/Dataset/2025 - Dataset for Defect Detection in Textile Manufacturing,Papers,Dataset for defect detection in textile manufacturing,Batavia and Sarga woven fabric dataset paper,processed,2025,dataset,,doi:10.36443/10259/9965,10.1016/j.dib.2025.111451,https://doi.org/10.1016/j.dib.2025.111451,Papers/Dataset/2025 - Dataset for Defect Detection in Textile Manufacturing.md
Papers/Dataset/2025 - HSS-IAD A Heterogeneous Same-Sort Industrial Anomaly Detection Dataset,Papers,HSS-IAD: A Heterogeneous Same-Sort Industrial Anomaly Detection Dataset,HSS-IAD: A Heterogeneous Same-Sort Industrial Anomaly Detection Dataset,processed,2025,dataset,,doi:10.1109/icme59968.2025.11208914,10.1109/icme59968.2025.11208914,,Papers/Dataset/2025 - HSS-IAD A Heterogeneous Same-Sort Industrial Anomaly Detection Dataset.md
Papers/Dataset/2025 - Real-IAD D3 A Real-World 2D Pseudo-3D 3D Dataset for Industrial Anomaly Detection,Papers,Real-IAD D3: A Real-World 2D/Pseudo-3D/3D Dataset for Industrial Anomaly Detection,Real-IAD D3 | Real-IAD D³,processed,2025,dataset,,sha256:f88f5bc6bb3b92ec6e8e59324f5b7bc31c71be8d3c4c1adc43ad437be0a1aac6,,,Papers/Dataset/2025 - Real-IAD D3 A Real-World 2D Pseudo-3D 3D Dataset for Industrial Anomaly Detection.md
Papers/Dataset/2025 - The MVTec AD 2 Dataset Advanced Scenarios for Unsupervised Anomaly Detection,Papers,The MVTec AD 2 Dataset Advanced Scenarios for Unsupervised Anomaly Detection,The MVTec AD 2 Dataset Advanced Scenarios for Unsupervised Anomaly Detection,processed,2025,dataset,,sha256:bf9df9d7f71e2775647952b36cdea2431f48e33ec20aa254fca82029791479a9,,,Papers/Dataset/2025 - The MVTec AD 2 Dataset Advanced Scenarios for Unsupervised Anomaly Detection.md
Papers/Other/1996 - TILDA Reference Dataset Report,Papers,TILDA Reference Dataset Report,Ein Referenzdatensatz zur Evaluierung von Sichtpruefungsverfahren fuer Textiloberflaechen | TILDA-ein Referenzdatensatz zur Evaluierung von Sichtpruefungsverfahren fuer Textiloberflaechen,processed,1996,other,,sha256:01f65f1d75a4b6522335c0417886d64ee517acda2d4fc0934aa0142919b56f55,,https://lmb.informatik.uni-freiburg.de/resources/datasets/tilda.en.html,Papers/Other/1996 - TILDA Reference Dataset Report.md
Papers/Other/1998 - Interactive-engagement versus Traditional Methods,Papers,Interactive-engagement versus traditional methods: A six-thousand-student survey of mechanics test data for introductory physics courses,Interactive-engagement versus traditional methods | Hake 1998 interactive engagement,processed,1998,other,,hake1998interactive,10.1119/1.18809,http://dx.doi.org/10.1119/1.18809,Papers/Other/1998 - Interactive-engagement versus Traditional Methods.md
Papers/Other/2007 - Normalized Change,Papers,Normalized change,Normalized Change,processed,2007,other,,marx2007normalized,10.1119/1.2372468,http://dx.doi.org/10.1119/1.2372468,Papers/Other/2007 - Normalized Change.md
Papers/Research/1998 - Gradient-Based Learning Applied to Document Recognition,Papers,Gradient-Based Learning Applied to Document Recognition,LeNet-5 paper,processed,1998,research,,doi:10.1109/5.726791,10.1109/5.726791,http://www.research.att.com/~yann/ocr/mnist,Papers/Research/1998 - Gradient-Based Learning Applied to Document Recognition.md
Papers/Research/2001 - Random Forests,Papers,Random Forests,,processed,2001,research,,sha256:3ad0f6182280e8c0f763527be85d41bce08f6e4d1de3f8c674098f0de31138ce,,,Papers/Research/2001 - Random Forests.md
Papers/Research/2003 - Best Practices for Convolutional Neural Networks Applied to Visual Document Analysis,Papers,Best Practices for Convolutional Neural Networks Applied to Visual Document Analysis,Best Practices for CNNs Applied to Visual Document Analysis,processed,2003,research,,sha256:810398ec32975a2bc86f9e06a1e639967c540a49de1e4774f63c1e862a7fe0bb,,,Papers/Research/2003 - Best Practices for Convolutional Neural Networks Applied to Visual Document Analysis.md
Papers/Research/2011 - Non-parametric Texture Defect Detection Using Weibull Features,Papers,Non-parametric texture defect detection using Weibull features,Non-parametric texture defect detection using Weibull features,processed,2011,research,,sha256:01828060a9391e2dcf9162f58d23552135344327e64cf15437d445093c46d119,,,Papers/Research/2011 - Non-parametric Texture Defect Detection Using Weibull Features.md
Papers/Research/2014 - Generative Adversarial Nets,Papers,Generative Adversarial Nets,Goodfellow et al. 2014 GAN | Original GAN paper,processed,2014,research,,arxiv:1406.2661,10.48550/arXiv.1406.2661,https://arxiv.org/abs/1406.2661,Papers/Research/2014 - Generative Adversarial Nets.md
Papers/Research/2015 - Adam A Method for Stochastic Optimization,Papers,Adam: A Method for Stochastic Optimization,Adam A Method for Stochastic Optimization,processed,2015,research,,arxiv:1412.6980,,https://arxiv.org/abs/1412.6980,Papers/Research/2015 - Adam A Method for Stochastic Optimization.md
Papers/Research/2015 - Deep Unsupervised Learning using Nonequilibrium Thermodynamics,Papers,Deep Unsupervised Learning using Nonequilibrium Thermodynamics,Deep Unsupervised Learning using Nonequilibrium Thermodynamics | Diffusion Probabilistic Models,processed,2015,research,,sha256:29131f03cd4688d25283b805c91f801948f2a93187c6f058512d84c3b672ba54,10.48550/arxiv.1503.03585,http://arxiv.org/abs/1503.03585,Papers/Research/2015 - Deep Unsupervised Learning using Nonequilibrium Thermodynamics.md
Papers/Research/2016 - Deep Residual Learning for Image Recognition,Papers,Deep Residual Learning for Image Recognition,,processed,2016,research,,arxiv:2250.01000,,,Papers/Research/2016 - Deep Residual Learning for Image Recognition.md
Papers/Research/2016 - Predict Failures in Production Lines A Two-stage Approach with Clustering and Supervised Learning,Papers,Predict Failures in Production Lines: A Two-stage Approach with Clustering and Supervised Learning,Predict Failures in Production Lines | A Two-stage Approach with Clustering and Supervised Learning,processed,2016,research,,doi:10.1109/bigdata.2016.7840832,10.1109/bigdata.2016.7840832,https://doi.org/10.1109/bigdata.2016.7840832,Papers/Research/2016 - Predict Failures in Production Lines A Two-stage Approach with Clustering and Supervised Learning.md
Papers/Research/2017 - Attention Is All You Need,Papers,Attention Is All You Need,,processed,2017,research,,arxiv:1222.20000,,,Papers/Research/2017 - Attention Is All You Need.md
Papers/Research/2017 - Domain Randomization for Transferring Deep Neural Networks from Simulation to the Real World,Papers,Domain Randomization for Transferring Deep Neural Networks from Simulation to the Real World,Domain Randomization for Sim-to-Real Transfer,processed,2017,research,,sha256:a4fdac3d13d95201c141f138e812f197984cf2b96ac86ea1a08c2df753e4d6ce,,,Papers/Research/2017 - Domain Randomization for Transferring Deep Neural Networks from Simulation to the Real World.md
Papers/Research/2017 - Learning from Simulated and Unsupervised Images through Adversarial Training,Papers,Learning from Simulated and Unsupervised Images through Adversarial Training,Simulated+Unsupervised learning | SimGAN,processed,2017,research,,arxiv:1024.02000,,,Papers/Research/2017 - Learning from Simulated and Unsupervised Images through Adversarial Training.md
Papers/Research/2017 - Unpaired Image-to-Image Translation using Cycle-Consistent Adversarial Networks,Papers,Unpaired Image-to-Image Translation using Cycle-Consistent Adversarial Networks,CycleGAN paper,processed,2017,research,,arxiv:2863.01000,,https://arxiv.org/abs/1703.10593,Papers/Research/2017 - Unpaired Image-to-Image Translation using Cycle-Consistent Adversarial Networks.md
Papers/Research/2018 - Generalization without Systematicity On the Compositional Skills of Sequence-to-Sequence Recurrent Networks,Papers,Generalization without Systematicity: On the Compositional Skills of Sequence-to-Sequence Recurrent Networks,Generalization without Systematicity | SCAN paper,processed,2018,research,,arxiv:1705.03122,,https://github.com/brendenlake/SCAN,Papers/Research/2018 - Generalization without Systematicity On the Compositional Skills of Sequence-to-Sequence Recurrent Networks.md
Papers/Research/2018 - Object Detection using Domain Randomization and Generative Adversarial Refinement of Synthetic Images,Papers,Object Detection using Domain Randomization and Generative Adversarial Refinement of Synthetic Images,,processed,2018,research,,arxiv:1805.11778,,https://arxiv.org/abs/1805.11778,Papers/Research/2018 - Object Detection using Domain Randomization and Generative Adversarial Refinement of Synthetic Images.md
Papers/Research/2018 - RenderGAN Generating Realistic Labeled Data,Papers,RenderGAN: Generating Realistic Labeled Data,RenderGAN Generating Realistic Labeled Data,processed,2018,research,,doi:10.3389/frobt.2018.00066,10.3389/frobt.2018.00066,https://doi.org/10.3389/frobt.2018.00066,Papers/Research/2018 - RenderGAN Generating Realistic Labeled Data.md
Papers/Research/2018 - Training Deep Networks with Synthetic Data Bridging the Reality Gap by Domain Randomization,Papers,Training Deep Networks with Synthetic Data: Bridging the Reality Gap by Domain Randomization,Training Deep Networks with Synthetic Data,processed,2018,research,,sha256:ca6ab579854a235332f5691b8271953d9a13f88ba596d5a387c91da3332ac2cf,,,Papers/Research/2018 - Training Deep Networks with Synthetic Data Bridging the Reality Gap by Domain Randomization.md
Papers/Research/2019 - BERT Pre-training of Deep Bidirectional Transformers for Language Understanding,Papers,BERT: Pre-training of Deep Bidirectional Transformers for Language Understanding,BERT Pre-training of Deep Bidirectional Transformers for Language Understanding,processed,2019,research,,doi:10.18653/v1/s17-2001,,https://arxiv.org/abs/1810.04805,Papers/Research/2019 - BERT Pre-training of Deep Bidirectional Transformers for Language Understanding.md
Papers/Research/2019 - Classification of Wafer Maps Defect Based on Deep Learning Methods With Small Amount of Data,Papers,Classification of Wafer Maps Defect Based on Deep Learning Methods With Small Amount of Data,,processed,2019,research,,doi:10.1109/ent47717.2019.9030550,10.1109/ent47717.2019.9030550,https://doi.org/10.1109/ent47717.2019.9030550,Papers/Research/2019 - Classification of Wafer Maps Defect Based on Deep Learning Methods With Small Amount of Data.md
Papers/Research/2019 - Structured Domain Randomization Bridging the Reality Gap by Context-Aware Synthetic Data,Papers,Structured Domain Randomization: Bridging the Reality Gap by Context-Aware Synthetic Data,Structured Domain Randomization | SDR,processed,2019,research,,sha256:b074dfc56bd6f325dd96157fca19476502f3030b0dcaf2881f6c2badbba4d872,,,Papers/Research/2019 - Structured Domain Randomization Bridging the Reality Gap by Context-Aware Synthetic Data.md
Papers/Research/2020 - A Light-Weight Neural Network for Wafer Map Classification Based on Data Augmentation,Papers,A Light-Weight Neural Network for Wafer Map Classification Based on Data Augmentation,,processed,2020,research,,doi:10.1109/tsm.2020.3013004,10.1109/TSM.2020.3013004,https://doi.org/10.1109/TSM.2020.3013004,Papers/Research/2020 - A Light-Weight Neural Network for Wafer Map Classification Based on Data Augmentation.md
Papers/Research/2020 - Defect Image Sample Generation With GAN for Improving Defect Recognition,Papers,Defect Image Sample Generation With GAN for Improving Defect Recognition,Defect Image Sample Generation With GAN for Improving Defect Recognition,processed,2020,research,,doi:10.1109/tase.2020.2967415,10.1109/tase.2020.2967415,https://doi.org/10.1109/TASE.2020.2967415,Papers/Research/2020 - Defect Image Sample Generation With GAN for Improving Defect Recognition.md
Papers/Research/2020 - Deformable Convolutional Networks for Efficient Mixed-Type Wafer Defect Pattern Recognition,Papers,Deformable Convolutional Networks for Efficient Mixed-Type Wafer Defect Pattern Recognition,Deformable Convolutional Networks for Efficient Mixed-Type Wafer Defect Pattern Recognition,processed,2020,research,,doi:10.1109/tsm.2020.3020985,10.1109/tsm.2020.3020985,https://doi.org/10.1109/TSM.2020.3020985,Papers/Research/2020 - Deformable Convolutional Networks for Efficient Mixed-Type Wafer Defect Pattern Recognition.md
Papers/Research/2020 - Denoising Diffusion Probabilistic Models,Papers,Denoising Diffusion Probabilistic Models,DDPM | Denoising Diffusion Probabilistic Models,processed,2020,research,,sha256:cb471d4c0063cad56f8d74b6a72fa7dad1677f8423a0a81349487a63bb58d3de,10.48550/arxiv.2006.11239,http://arxiv.org/abs/2006.11239,Papers/Research/2020 - Denoising Diffusion Probabilistic Models.md
Papers/Research/2020 - PGA-Net Pyramid Feature Fusion and Global Context Attention Network for Automated Surface Defect Detection,Papers,PGA-Net: Pyramid Feature Fusion and Global Context Attention Network for Automated Surface Defect Detection,PGA-Net,processed,2020,research,,doi:10.1109/tii.2019.2958826,10.1109/tii.2019.2958826,https://doi.org/10.1109/TII.2019.2958826,Papers/Research/2020 - PGA-Net Pyramid Feature Fusion and Global Context Attention Network for Automated Surface Defect Detection.md
Papers/Research/2020 - Self-Supervised Representation Learning for Wafer Bin Map Defect Pattern Classification,Papers,Self-Supervised Representation Learning for Wafer Bin Map Defect Pattern Classification,WaPIRL,processed,2020,research,,doi:10.1109/tsm.2020.3038165,10.1109/TSM.2020.3038165,https://doi.org/10.1109/TSM.2020.3038165,Papers/Research/2020 - Self-Supervised Representation Learning for Wafer Bin Map Defect Pattern Classification.md
Papers/Research/2020 - Using GAN to Improve CNN Performance of Wafer Map Defect Type Classification,Papers,Using GAN to Improve CNN Performance of Wafer Map Defect Type Classification: Yield Enhancement,Using GAN to Improve CNN Performance of Wafer Map Defect Type Classification,processed,2020,research,,sha256:e6d97def995c62d0b1f55a748532dc460faeb718f73f36f24325368063932a24,10.1109/ASMC49169.2020.9185193,https://doi.org/10.1109/ASMC49169.2020.9185193,Papers/Research/2020 - Using GAN to Improve CNN Performance of Wafer Map Defect Type Classification.md
Papers/Research/2020 - Weakly-Supervised Defect Segmentation on Periodic Textures Using CycleGAN,Papers,Weakly-Supervised Defect Segmentation on Periodic Textures Using CycleGAN,Weakly-Supervised Defect Segmentation on Periodic Textures Using CycleGAN,processed,2020,research,,doi:10.1109/access.2020.3024554,10.1109/access.2020.3024554,https://doi.org/10.1109/ACCESS.2020.3024554,Papers/Research/2020 - Weakly-Supervised Defect Segmentation on Periodic Textures Using CycleGAN.md
Papers/Research/2021 - Comprehensive Device Modelling and Performance Analysis of MASnI3 Based Perovskite Solar Cells,Papers,"Comprehensive Device Modelling and Performance Analysis of MASnI3 Based Perovskite Solar Cells with Diverse ETM, HTM and Back Metal Contacts",MASnI3 Based Perovskite Solar Cells with Diverse ETM HTM and Back Metal Contacts,processed,2021,research,,sha256:a23ad9f7051c2d33737c3d6b5fa881a9ca9430f3ad3901716d352445970e82d4,10.1016/j.solener.2021.01.058,https://doi.org/10.1016/j.solener.2021.01.058,Papers/Research/2021 - Comprehensive Device Modelling and Performance Analysis of MASnI3 Based Perovskite Solar Cells.md
Papers/Research/2021 - CutPaste Self-Supervised Learning for Anomaly Detection and Localization,Papers,CutPaste: Self-Supervised Learning for Anomaly Detection and Localization,CutPaste: Self-Supervised Learning for Anomaly Detection and Localization,processed,2021,research,,arxiv:2104.04015,,https://arxiv.org/abs/2104.04015,Papers/Research/2021 - CutPaste Self-Supervised Learning for Anomaly Detection and Localization.md
Papers/Research/2021 - Defect Detection in CT Scans of Cast Aluminum Parts,Papers,Defect detection in CT scans of cast aluminum parts: A machine vision perspective,Defect detection in CT scans of cast aluminum parts,processed,2021,research,,sha256:d156e2f050ef05c18b83269be18f52cde19796faf0e023c3d04bc6f37d330b99,,https://doi.org/10.1016/j.neucom.2021.04.094,Papers/Research/2021 - Defect Detection in CT Scans of Cast Aluminum Parts.md
Papers/Research/2021 - Defect-GAN High-Fidelity Defect Synthesis for Automated Defect Inspection,Papers,Defect-GAN: High-Fidelity Defect Synthesis for Automated Defect Inspection,Defect-GAN,processed,2021,research,,sha256:1babf23e0b2b520e4f08ce2b39eac2d3f6b6f1c8572f02d30503b34d80ec22e3,,,Papers/Research/2021 - Defect-GAN High-Fidelity Defect Synthesis for Automated Defect Inspection.md
Papers/Research/2021 - FastFlow Unsupervised Anomaly Detection and Localization via 2D Normalizing Flows,Papers,FastFlow: Unsupervised Anomaly Detection and Localization via 2D Normalizing Flows,FastFlow,processed,2021,research,,arxiv:2111.07677,,https://arxiv.org/abs/2111.07677,Papers/Research/2021 - FastFlow Unsupervised Anomaly Detection and Localization via 2D Normalizing Flows.md
Papers/Research/2021 - Generative Adversarial Networks for Data Augmentation in Structural Adhesive Inspection,Papers,Generative Adversarial Networks for Data Augmentation in Structural Adhesive Inspection,GANs for Data Augmentation in Structural Adhesive Inspection,processed,2021,research,,sha256:130a402382d6f28756db7bd320aa38d95cfacc37e733fdc6566bba05c6a932bf,10.3390/app11073086,https://www.mdpi.com/2076-3417/11/7/3086,Papers/Research/2021 - Generative Adversarial Networks for Data Augmentation in Structural Adhesive Inspection.md
Papers/Research/2021 - Mixed Supervision for Surface-Defect Detection From Weakly to Fully Supervised Learning,Papers,Mixed Supervision for Surface-Defect Detection: From Weakly to Fully Supervised Learning,Mixed Supervision for Surface-Defect Detection,processed,2021,research,,arxiv:2104.06064,,https://arxiv.org/abs/2104.06064,Papers/Research/2021 - Mixed Supervision for Surface-Defect Detection From Weakly to Fully Supervised Learning.md
Papers/Research/2021 - Multiple Granularities Generative Adversarial Network for Recognition of Wafer Map Defects,Papers,Multiple Granularities Generative Adversarial Network for Recognition of Wafer Map Defects,MGGAN | MG-GAN,processed,2021,research,,doi:10.1109/tii.2021.3092372,10.1109/TII.2021.3092372,https://doi.org/10.1109/TII.2021.3092372,Papers/Research/2021 - Multiple Granularities Generative Adversarial Network for Recognition of Wafer Map Defects.md
Papers/Research/2021 - Self-Supervised Learning for Anomaly Detection With Dynamic Local Augmentation,Papers,Self-Supervised Learning for Anomaly Detection With Dynamic Local Augmentation,Self-Supervised Learning for Anomaly Detection With Dynamic Local Augmentation,processed,2021,research,,doi:10.1109/access.2021.3124525,10.1109/access.2021.3124525,https://doi.org/10.1109/access.2021.3124525,Papers/Research/2021 - Self-Supervised Learning for Anomaly Detection With Dynamic Local Augmentation.md
Papers/Research/2021 - SIGAN A Novel Image Generation Method for Solar Cell Defect Segmentation and Augmentation,Papers,SIGAN: A Novel Image Generation Method for Solar Cell Defect Segmentation and Augmentation,SIGAN: A Novel Image Generation Method for Solar Cell Defect Segmentation and Augmentation,processed,2021,research,,arxiv:2104.04953,,https://arxiv.org/abs/2104.04953,Papers/Research/2021 - SIGAN A Novel Image Generation Method for Solar Cell Defect Segmentation and Augmentation.md
Papers/Research/2021 - Simulation-Based Data Augmentation for Quality Inspection of Structural Adhesive,Papers,Simulation-Based Data Augmentation for the Quality Inspection of Structural Adhesive With Deep Learning,Simulation-Based Data Augmentation for Structural Adhesive Inspection,processed,2021,research,,doi:10.1109/access.2021.3082690,10.1109/ACCESS.2021.3082690,https://doi.org/10.1109/ACCESS.2021.3082690,Papers/Research/2021 - Simulation-Based Data Augmentation for Quality Inspection of Structural Adhesive.md
Papers/Research/2021 - Synthetic Data Generation for Steel Defect Detection and Classification Using Deep Learning,Papers,Synthetic Data Generation for Steel Defect Detection and Classification Using Deep Learning,Synthetic Data Generation for Steel Defect Detection and Classification Using Deep Learning,processed,2021,research,,sha256:9b7bdc5bc7142edfb4c9aef06d2508b05a4af423f38fa101878ba7fbe3c3a560,10.3390/sym13071176,https://doi.org/10.3390/sym13071176,Papers/Research/2021 - Synthetic Data Generation for Steel Defect Detection and Classification Using Deep Learning.md
Papers/Research/2021 - Synthetic Image Data Augmentation for Fibre Layup Inspection Processes,Papers,Synthetic image data augmentation for fibre layup inspection processes: Techniques to enhance the data set,Synthetic image data augmentation for fibre layup inspection processes,processed,2021,research,,doi:10.1007/s10845-021-01738-7,10.1007/s10845-021-01738-7,https://doi.org/10.1007/s10845-021-01738-7,Papers/Research/2021 - Synthetic Image Data Augmentation for Fibre Layup Inspection Processes.md
Papers/Research/2022 - A Model for Surface Defect Detection of Industrial Products Based on Attention Augmentation,Papers,A Model for Surface Defect Detection of Industrial Products Based on Attention Augmentation,A Model for Surface Defect Detection of Industrial Products Based on Attention Augmentation,processed,2022,research,,doi:10.1155/2022/9577096,10.1155/2022/9577096,https://doi.org/10.1155/2022/9577096,Papers/Research/2022 - A Model for Surface Defect Detection of Industrial Products Based on Attention Augmentation.md
Papers/Research/2022 - A New Cycle-Consistent Adversarial Networks With Attention Mechanism for Surface Defect Classification With Small Samples,Papers,A New Cycle-consistent Adversarial Networks With Attention Mechanism for Surface Defect Classification With Small Samples,A New Cycle-consistent Adversarial Networks With Attention Mechanism for Surface Defect Classification With Small Samples,processed,2022,research,,doi:10.1109/tii.2022.3168432,10.1109/tii.2022.3168432,https://doi.org/10.1109/TII.2022.3168432,Papers/Research/2022 - A New Cycle-Consistent Adversarial Networks With Attention Mechanism for Surface Defect Classification With Small Samples.md
Papers/Research/2022 - ALGAN Anomaly Detection by Generating Pseudo Anomalous Data via Latent Variables,Papers,ALGAN: Anomaly Detection by Generating Pseudo Anomalous Data via Latent Variables,ALGAN,processed,2022,research,,doi:10.1109/access.2022.3169594,10.1109/access.2022.3169594,https://doi.org/10.1109/access.2022.3169594,Papers/Research/2022 - ALGAN Anomaly Detection by Generating Pseudo Anomalous Data via Latent Variables.md
Papers/Research/2022 - Data Augmentation Method for Fabric Defect Detection,Papers,Data Augmentation Method For Fabric Defect Detection,Data Augmentation Method for Fabric Defect Detection,processed,2022,research,,doi:10.1109/icce-taiwan55306.2022.9869278,10.1109/icce-taiwan55306.2022.9869278,https://doi.org/10.1109/ICCE-TAIWAN55306.2022.9869278,Papers/Research/2022 - Data Augmentation Method for Fabric Defect Detection.md
Papers/Research/2022 - Deep Adversarial Data Augmentation for Fabric Defect Classification With Scarce Defect Data,Papers,Deep Adversarial Data Augmentation for Fabric Defect Classification With Scarce Defect Data,Deep Adversarial Data Augmentation for Fabric Defect Classification With Scarce Defect Data,processed,2022,research,,doi:10.1109/TIM.2022.3185609,10.1109/TIM.2022.3185609,https://doi.org/10.1109/TIM.2022.3185609,Papers/Research/2022 - Deep Adversarial Data Augmentation for Fabric Defect Classification With Scarce Defect Data.md
Papers/Research/2022 - Defect Transfer GAN Diverse Defect Synthesis for Data Augmentation,Papers,Defect Transfer GAN: Diverse Defect Synthesis for Data Augmentation,Defect Transfer GAN: Diverse Defect Synthesis for Data Augmentation,processed,2022,research,,arxiv:1066.69090,,,Papers/Research/2022 - Defect Transfer GAN Diverse Defect Synthesis for Data Augmentation.md
Papers/Research/2022 - Fabric Defect Segmentation System Based on a Lightweight GAN for Industrial Internet of Things,Papers,Fabric Defect Segmentation System Based on a Lightweight GAN for Industrial Internet of Things,Fabric Defect Segmentation System Based on a Lightweight GAN for IIoT,processed,2022,research,,doi:10.1155/2022/9680519,10.1155/2022/9680519,https://doi.org/10.1155/2022/9680519,Papers/Research/2022 - Fabric Defect Segmentation System Based on a Lightweight GAN for Industrial Internet of Things.md
Papers/Research/2022 - FDSNet An Accurate Real-Time Surface Defect Segmentation Network,Papers,FDSNet: An Accurate Real-Time Surface Defect Segmentation Network,FDSNet,processed,2022,research,,doi:10.1109/icassp43922.2022.9747311,10.1109/ICASSP43922.2022.9747311,https://doi.org/10.1109/ICASSP43922.2022.9747311,Papers/Research/2022 - FDSNet An Accurate Real-Time Surface Defect Segmentation Network.md
Papers/Research/2022 - Identifying Defective Solar Cells in Electroluminescence Images Using Deep Feature Representations,Papers,Identifying Defective Solar Cells in Electroluminescence Images Using Deep Feature Representations,Identifying Defective Solar Cells in Electroluminescence Images Using Deep Feature Representations,processed,2022,research,,sha256:e85d98e581cdcb0cf8dff2af80ab64f86fafa773198c8f1a9589e0c662040b60,10.7717/peerj-cs.992,https://doi.org/10.7717/peerj-cs.992,Papers/Research/2022 - Identifying Defective Solar Cells in Electroluminescence Images Using Deep Feature Representations.md
Papers/Research/2022 - Improving Automated Visual Fault Inspection for Semiconductor Manufacturing Using a Hybrid Multistage System of Deep Neural Networks,Papers,Improving Automated Visual Fault Inspection for Semiconductor Manufacturing Using a Hybrid Multistage System of Deep Neural Networks,Improving Automated Visual Fault Inspection for Semiconductor Manufacturing Using a Hybrid Multistage System of Deep Neural Networks | SH-DNN semiconductor visual fault inspection,processed,2022,research,,doi:10.1007/s10845-021-01906-9,10.1007/s10845-021-01906-9,https://doi.org/10.1007/s10845-021-01906-9,Papers/Research/2022 - Improving Automated Visual Fault Inspection for Semiconductor Manufacturing Using a Hybrid Multistage System of Deep Neural Networks.md
Papers/Research/2022 - Mask-Guided Generation Method for Industrial Defect Images with Non-Uniform Structures,Papers,Mask-Guided Generation Method for Industrial Defect Images with Non-Uniform Structures,Mask-Guided Generation Method for Industrial Defect Images with Non-uniform Structures,processed,2022,research,,sha256:27c0d2bb7ac86a7e3d89c37e3f14390e978960c475f28bc2f71dd5fe0608a116,10.3390/machines10121239,https://doi.org/10.3390/machines10121239,Papers/Research/2022 - Mask-Guided Generation Method for Industrial Defect Images with Non-Uniform Structures.md
Papers/Research/2022 - MSFT-YOLO Improved YOLOv5 Based on Transformer for Detecting Defects of Steel Surface,Papers,MSFT-YOLO: Improved YOLOv5 Based on Transformer for Detecting Defects of Steel Surface,MSFT-YOLO,processed,2022,research,,sha256:71400e99d5a28196dd178421e4cf5112ae8647962db180f9014895b2cdc0715a,10.3390/s22093467,https://doi.org/10.3390/s22093467,Papers/Research/2022 - MSFT-YOLO Improved YOLOv5 Based on Transformer for Detecting Defects of Steel Surface.md
Papers/Research/2022 - Natural Synthetic Anomalies for Self-Supervised Anomaly Detection and Localization,Papers,Natural Synthetic Anomalies for Self-Supervised Anomaly Detection and Localization,Natural Synthetic Anomalies for Self-Supervised Anomaly Detection and Localization | NSA,processed,2022,research,,arxiv:2109.15222,,https://arxiv.org/abs/2109.15222,Papers/Research/2022 - Natural Synthetic Anomalies for Self-Supervised Anomaly Detection and Localization.md
Papers/Research/2022 - Procedural Synthetic Training Data Generation for AI-Based Defect Detection,Papers,Procedural synthetic training data generation for AI-based defect detection in industrial surface inspection,Procedural synthetic training data generation for AI-based defect detection,processed,2022,research,,doi:10.1016/j.procir.2022.05.115,10.1016/j.procir.2022.05.115,https://doi.org/10.1016/j.procir.2022.05.115,Papers/Research/2022 - Procedural Synthetic Training Data Generation for AI-Based Defect Detection.md
Papers/Research/2022 - Semi-Supervised Defect Detection Method with Data-Expanding Strategy for PCB Quality Inspection,Papers,Semi-Supervised Defect Detection Method with Data-Expanding Strategy for PCB Quality Inspection,DE-SSD | BA-SSL,processed,2022,research,,sha256:ca9e95ebbc8cb226052e5460e58fff6abd97366c2d621aa507003e040c800220,10.3390/s22207971,https://doi.org/10.3390/s22207971,Papers/Research/2022 - Semi-Supervised Defect Detection Method with Data-Expanding Strategy for PCB Quality Inspection.md
Papers/Research/2022 - SPot-the-Difference Self-Supervised Pre-training for Anomaly Detection and Segmentation,Papers,SPot-the-Difference Self-Supervised Pre-training for Anomaly Detection and Segmentation,SPot-the-Difference Self-Supervised Pre-training for Anomaly Detection and Segmentation | SPD,processed,2022,research,,arxiv:2207.14315,,http://arxiv.org/abs/2207.14315,Papers/Research/2022 - SPot-the-Difference Self-Supervised Pre-training for Anomaly Detection and Segmentation.md
Papers/Research/2022 - Surface Defect Detection of Heat Sink Based on Lightweight Fully Convolutional Network,Papers,Surface Defect Detection of Heat Sink Based on Lightweight Fully Convolutional Network,GSLU-Net heat sink surface defect detection,processed,2022,research,,doi:10.1109/tim.2022.3188033,10.1109/TIM.2022.3188033,https://doi.org/10.1109/TIM.2022.3188033,Papers/Research/2022 - Surface Defect Detection of Heat Sink Based on Lightweight Fully Convolutional Network.md
Papers/Research/2022 - Synthetic Data Augmentation for Surface Defect Detection and Classification Using Deep Learning,Papers,Synthetic data augmentation for surface defect detection and classification using deep learning,Synthetic data augmentation for surface defect detection and classification using deep learning,processed,2022,research,,doi:10.1007/s10845-020-01710-x,10.1007/s10845-020-01710-x,https://doi.org/10.1007/s10845-020-01710-x,Papers/Research/2022 - Synthetic Data Augmentation for Surface Defect Detection and Classification Using Deep Learning.md
Papers/Research/2022 - Using ISU-GAN for unsupervised small sample defect detection,Papers,Using ISU-GAN for unsupervised small sample defect detection,Using ISU-GAN for unsupervised small sample defect detection,processed,2022,research,,doi:10.1038/s41598-022-15855-7,10.1038/s41598-022-15855-7,https://doi.org/10.1038/s41598-022-15855-7,Papers/Research/2022 - Using ISU-GAN for unsupervised small sample defect detection.md
Papers/Research/2022 - Video-Based Two-Stage Network for Optical Glass Sub-Millimeter Defect Detection,Papers,Video-Based Two-Stage Network for Optical Glass Sub-Millimeter Defect Detection,Video-based two-stage optical glass defect detection,processed,2022,research,,sha256:34655142662b233874e7b22e9a9e5b17391cceb696a41b82f8db75437504204e,10.3390/ai3030033,https://doi.org/10.3390/ai3030033,Papers/Research/2022 - Video-Based Two-Stage Network for Optical Glass Sub-Millimeter Defect Detection.md
Papers/Research/2022 - Wafer Defect Pattern Labeling and Recognition Using Semi-Supervised Learning,Papers,Wafer Defect Pattern Labeling and Recognition Using Semi-Supervised Learning,Wafer Defect Pattern Labeling and Recognition Using Semi-Supervised Learning,processed,2022,research,,doi:10.1109/tsm.2022.3159246,10.1109/TSM.2022.3159246,https://doi.org/10.1109/TSM.2022.3159246,Papers/Research/2022 - Wafer Defect Pattern Labeling and Recognition Using Semi-Supervised Learning.md
Papers/Research/2022 - WaferCaps for Wafer Bin Map Classification Based on DCGAN Data Upsampling,Papers,An Improved Capsule Network (WaferCaps) for Wafer Bin Map Classification Based on DCGAN Data Upsampling,WaferCaps,processed,2022,research,,doi:10.1109/tsm.2021.3134625,10.1109/TSM.2021.3134625,https://doi.org/10.1109/TSM.2021.3134625,Papers/Research/2022 - WaferCaps for Wafer Bin Map Classification Based on DCGAN Data Upsampling.md
Papers/Research/2023 - A Data Generation Method with Dual Discriminators and Regularization for Surface Defect Detection Under Limited Data,Papers,A Data Generation Method with Dual Discriminators and Regularization for Surface Defect Detection Under Limited Data,A Data Generation Method with Dual Discriminators and Regularization for Surface Defect Detection Under Limited Data,processed,2023,research,,sha256:b5bf9b951bcb7a7ee05f2972337e76e762d85c14041c047720e7cde20259dcb2,10.1016/j.compind.2023.103963,https://doi.org/10.1016/j.compind.2023.103963,Papers/Research/2023 - A Data Generation Method with Dual Discriminators and Regularization for Surface Defect Detection Under Limited Data.md
Papers/Research/2023 - A Deep-Learning-Based Approach for Aircraft Engine Defect Detection,Papers,A Deep-Learning-Based Approach for Aircraft Engine Defect Detection,Aircraft Engine Defect Detection,processed,2023,research,,sha256:798ee3633148b26064ead03f6245f8a44cbae5d092e78ca32e828d0dd11a2755,10.3390/machines11020192,https://doi.org/10.3390/machines11020192,Papers/Research/2023 - A Deep-Learning-Based Approach for Aircraft Engine Defect Detection.md
Papers/Research/2023 - A Feature Memory Rearrangement Network for Visual Inspection of Textured Surface Defects,Papers,A Feature Memory Rearrangement Network for Visual Inspection of Textured Surface Defects Toward Edge Intelligent Manufacturing,Feature Memory Rearrangement Network,processed,2023,research,,doi:10.1109/tase.2022.3204368,10.1109/TASE.2022.3204368,https://doi.org/10.1109/TASE.2022.3204368,Papers/Research/2023 - A Feature Memory Rearrangement Network for Visual Inspection of Textured Surface Defects.md
Papers/Research/2023 - A New Contrastive GAN With Data Augmentation for Surface Defect Recognition Under Limited Data,Papers,A New Contrastive GAN With Data Augmentation for Surface Defect Recognition Under Limited Data,Con-GAN | A New Contrastive GAN With Data Augmentation for Surface Defect Recognition Under Limited Data,processed,2023,research,,doi:10.1109/tim.2022.3232649,10.1109/tim.2022.3232649,,Papers/Research/2023 - A New Contrastive GAN With Data Augmentation for Surface Defect Recognition Under Limited Data.md
Papers/Research/2023 - ALADA A Lite Automatic Data Augmentation Framework for Industrial Defect Detection,Papers,ALADA: A Lite Automatic Data Augmentation Framework for Industrial Defect Detection,ALADA | ALADA: A Lite Automatic Data Augmentation Framework for Industrial Defect Detection,processed,2023,research,,sha256:b6478659a3c96712e94d66c4ebf9c2e7523fc748b850e46f5e69c7c81f30f172,10.1016/j.aei.2023.102205,https://doi.org/10.1016/j.aei.2023.102205,Papers/Research/2023 - ALADA A Lite Automatic Data Augmentation Framework for Industrial Defect Detection.md
Papers/Research/2023 - An End-to-End Steel Surface Classification Approach Based on EDCGAN and MobileNet V2,Papers,An End-to-End Steel Surface Classification Approach Based on EDCGAN and MobileNet V2,EDCGAN and MobileNet V2 steel surface classification,processed,2023,research,,sha256:3a5172d27b26501db26ec13b5d2237aa96bfcaf1b79783c109dfffe6634266b7,10.3390/s23041953,https://doi.org/10.3390/s23041953,Papers/Research/2023 - An End-to-End Steel Surface Classification Approach Based on EDCGAN and MobileNet V2.md
Papers/Research/2023 - Attention-Conditioned Augmentations for Self-Supervised Anomaly Detection and Localization,Papers,Attention-Conditioned Augmentations for Self-Supervised Anomaly Detection and Localization,Attention-Conditioned Augmentations for Self-Supervised Anomaly Detection and Localization,processed,2023,research,,sha256:3424fc0a073f3136da20a2c3ccb31d8b69bb3fdf79b33d298b1e6785441a0ecd,,,Papers/Research/2023 - Attention-Conditioned Augmentations for Self-Supervised Anomaly Detection and Localization.md
Papers/Research/2023 - Automated Steel Surface Defect Detection and Classification Using a New Deep Learning-Based Approach,Papers,Automated Steel Surface Defect Detection and Classification Using a New Deep Learning-Based Approach,Automated steel surface defect detection and classification using a new deep learning-based approach,processed,2023,research,,doi:10.1007/s00521-022-08112-5,10.1007/s00521-022-08112-5,https://doi.org/10.1007/s00521-022-08112-5,Papers/Research/2023 - Automated Steel Surface Defect Detection and Classification Using a New Deep Learning-Based Approach.md
Papers/Research/2023 - Collaborative Discrepancy Optimization for Reliable Image Anomaly Localization,Papers,Collaborative Discrepancy Optimization for Reliable Image Anomaly Localization,Collaborative Discrepancy Optimization,processed,2023,research,,arxiv:2302.08769,,https://arxiv.org/abs/2302.08769,Papers/Research/2023 - Collaborative Discrepancy Optimization for Reliable Image Anomaly Localization.md
Papers/Research/2023 - Conditional TransGAN-Based Data Augmentation for PCB Electronic Component Inspection,Papers,Conditional TransGAN-Based Data Augmentation for PCB Electronic Component Inspection,Conditional TransGAN-Based Data Augmentation for PCB Electronic Component Inspection,processed,2023,research,,doi:10.1155/2023/2024237,10.1155/2023/2024237,https://doi.org/10.1155/2023/2024237,Papers/Research/2023 - Conditional TransGAN-Based Data Augmentation for PCB Electronic Component Inspection.md
Papers/Research/2023 - Cost Efficient Defect Detection in Bangle Industry Using Transfer Learning,Papers,Cost Efficient Defect Detection in Bangle Industry Using Transfer Learning,Cost Efficient Defect Detection in Bangle Industry,processed,2023,research,,doi:10.1007/978-3-031-31407-0_14,10.1007/978-3-031-31407-0_14,https://doi.org/10.1007/978-3-031-31407-0_14,Papers/Research/2023 - Cost Efficient Defect Detection in Bangle Industry Using Transfer Learning.md
Papers/Research/2023 - Deep Convolutional GAN-Based Data Augmentation for Class-Imbalanced Wafer Bin Map Defect Patterns,Papers,Deep Convolutional Generative Adversarial Networks-Based Data Augmentation Method for Classifying Class-Imbalanced Defect Patterns in Wafer Bin Map,Deep Convolutional Generative Adversarial Networks-Based Data Augmentation Method for Classifying Class-Imbalanced Defect Patterns in Wafer Bin Map,processed,2023,research,,sha256:da029fac51ab3ee6b21347ac6e045c39e73700733838c413fd77f8120139981a,10.3390/app13095507,https://doi.org/10.3390/app13095507,Papers/Research/2023 - Deep Convolutional GAN-Based Data Augmentation for Class-Imbalanced Wafer Bin Map Defect Patterns.md
Papers/Research/2023 - Deep Learning Based Online Metallic Surface Defect Detection Method for Wire and Arc Additive Manufacturing,Papers,Deep Learning Based Online Metallic Surface Defect Detection Method for Wire and Arc Additive Manufacturing,Deep Learning Based Online Metallic Surface Defect Detection Method for Wire and Arc Additive Manufacturing,processed,2023,research,,sha256:48e61e01936126d4c184169dc6cdf7d42649e2568a6dc5371bde56a3dcb919f2,10.1016/j.rcim.2022.102470,https://doi.org/10.1016/j.rcim.2022.102470,Papers/Research/2023 - Deep Learning Based Online Metallic Surface Defect Detection Method for Wire and Arc Additive Manufacturing.md
Papers/Research/2023 - Deep-Learning-Based Automatic Detection of Photovoltaic Cell Defects in Electroluminescence Images,Papers,Deep-Learning-Based Automatic Detection of Photovoltaic Cell Defects in Electroluminescence Images,Deep-Learning-Based Automatic Detection of Photovoltaic Cell Defects in Electroluminescence Images,processed,2023,research,,sha256:b565a46ef5a7a31284192bff7914db52cf128258853ad561312eb8f74488c300,10.3390/s23010297,https://doi.org/10.3390/s23010297,Papers/Research/2023 - Deep-Learning-Based Automatic Detection of Photovoltaic Cell Defects in Electroluminescence Images.md
Papers/Research/2023 - Defects Localization in Images Using Deep Learning-Based Classification with CAM Output,Papers,Defects Localization in Images Using Deep Learning-based Classification with CAM Output,Defects Localization in Images Using Deep Learning-Based Classification with CAM Output,processed,2023,research,,doi:10.1109/idaacs58523.2023.10348813,10.1109/IDAACS58523.2023.10348813,https://doi.org/10.1109/IDAACS58523.2023.10348813,Papers/Research/2023 - Defects Localization in Images Using Deep Learning-Based Classification with CAM Output.md
Papers/Research/2023 - DG-GAN A High Quality Defect Image Generation Method for Defect Detection,Papers,DG-GAN: A High Quality Defect Image Generation Method for Defect Detection,DG-GAN: A High Quality Defect Image Generation Method for Defect Detection,processed,2023,research,,sha256:af4f908ba80d15a0679160c931bda08e74f1069895ab157985f6cbf81f60f8f8,10.3390/s23135922,https://doi.org/10.3390/s23135922,Papers/Research/2023 - DG-GAN A High Quality Defect Image Generation Method for Defect Detection.md
Papers/Research/2023 - Diversified and Multi-Class Controllable Industrial Defect Synthesis for Data Augmentation and Transfer,Papers,Diversified and Multi-Class Controllable Industrial Defect Synthesis for Data Augmentation and Transfer,Diversified and Multi-Class Controllable Industrial Defect Synthesis for Data Augmentation and Transfer,processed,2023,research,,sha256:0601348c486bba84eee11b712b7449110aaf8ed348b36e8ce0bf82064e078c58,,https://openaccess.thecvf.com/content/CVPR2023W/VAND/html/Wei_Diversified_and_Multi-Class_Controllable_Industrial_Defect_Synthesis_for_Data_Augmentation_CVPRW_2023_paper.html,Papers/Research/2023 - Diversified and Multi-Class Controllable Industrial Defect Synthesis for Data Augmentation and Transfer.md
Papers/Research/2023 - DPG-DT Differentially Private Generative Digital Twin for Imbalanced Learning in Industrial IoT,Papers,DPG-DT: Differentially Private Generative Digital Twin for Imbalanced Learning in Industrial IoT,DPG-DT,processed,2023,research,,doi:10.1109/msn60784.2023.00049,10.1109/MSN60784.2023.00049,https://doi.org/10.1109/MSN60784.2023.00049,Papers/Research/2023 - DPG-DT Differentially Private Generative Digital Twin for Imbalanced Learning in Industrial IoT.md
Papers/Research/2023 - EID-GAN Generative Adversarial Nets for Extremely Imbalanced Data Augmentation,Papers,EID-GAN: Generative Adversarial Nets for Extremely Imbalanced Data Augmentation,EID-GAN: Generative Adversarial Nets for Extremely Imbalanced Data Augmentation,processed,2023,research,,doi:10.1109/tii.2022.3182781,10.1109/tii.2022.3182781,https://doi.org/10.1109/TII.2022.3182781,Papers/Research/2023 - EID-GAN Generative Adversarial Nets for Extremely Imbalanced Data Augmentation.md
Papers/Research/2023 - Few-Shot Defect Image Generation via Defect-Aware Feature Manipulation,Papers,Few-Shot Defect Image Generation via Defect-Aware Feature Manipulation,Few-Shot Defect Image Generation via Defect-Aware Feature Manipulation,processed,2023,research,,sha256:392c918e8c501e0f0ff460f0a6cc0bb8174a6df100257d2a55df60067a969c22,,https://ojs.aaai.org/index.php/AAAI/article/view/25135,Papers/Research/2023 - Few-Shot Defect Image Generation via Defect-Aware Feature Manipulation.md
Papers/Research/2023 - GBH-YOLOv5 Ghost Convolution with BottleneckCSP and Tiny Target Prediction Head Incorporating YOLOv5 for PV Panel Defect Detection,Papers,GBH-YOLOv5: Ghost Convolution with BottleneckCSP and Tiny Target Prediction Head Incorporating YOLOv5 for PV Panel Defect Detection,GBH-YOLOv5,processed,2023,research,,sha256:337261a38e08a92e831d51766381541ca0bbcd5039c7442e2a06e91b6b583d96,10.3390/electronics12030561,https://doi.org/10.3390/electronics12030561,Papers/Research/2023 - GBH-YOLOv5 Ghost Convolution with BottleneckCSP and Tiny Target Prediction Head Incorporating YOLOv5 for PV Panel Defect Detection.md
Papers/Research/2023 - IDD-Net Industrial Defect Detection Method Based on Deep-Learning,Papers,IDD-Net: Industrial defect detection method based on Deep-Learning,IDD-Net Industrial Defect Detection Method Based on Deep-Learning,processed,2023,research,,sha256:d3cc52c822c6b930e3fc7f82b844bd888aab3a5f4d56afa6c5c54b6e34e7b504,10.1016/j.engappai.2023.106390,https://doi.org/10.1016/j.engappai.2023.106390,Papers/Research/2023 - IDD-Net Industrial Defect Detection Method Based on Deep-Learning.md
Papers/Research/2023 - Industrial Object and Defect Recognition Utilizing Multilevel Feature Extraction,Papers,Industrial Object and Defect Recognition Utilizing Multilevel Feature Extraction from Industrial Scenes with Deep Learning Approach,Industrial object and defect recognition utilizing multilevel feature extraction,processed,2023,research,,doi:10.1007/s12652-021-03688-7,10.1007/s12652-021-03688-7,https://doi.org/10.1007/s12652-021-03688-7,Papers/Research/2023 - Industrial Object and Defect Recognition Utilizing Multilevel Feature Extraction.md
Papers/Research/2023 - Intraclass Image Augmentation for Defect Detection Using Generative Adversarial Neural Networks,Papers,Intraclass Image Augmentation for Defect Detection Using Generative Adversarial Neural Networks,Intraclass Image Augmentation for Defect Detection Using Generative Adversarial Neural Networks,processed,2023,research,,sha256:dc16b34b08bf5426ed902268a10403a5641eeddf372215cf4404092e2908410b,10.3390/s23041861,https://doi.org/10.3390/s23041861,Papers/Research/2023 - Intraclass Image Augmentation for Defect Detection Using Generative Adversarial Neural Networks.md
Papers/Research/2023 - LafitE Latent Diffusion Model with Feature Editing for Unsupervised Multi-class Anomaly Detection,Papers,LafitE: Latent Diffusion Model with Feature Editing for Unsupervised Multi-class Anomaly Detection,LafitE,processed,2023,research,,arxiv:2307.08059,,https://arxiv.org/abs/2307.08059,Papers/Research/2023 - LafitE Latent Diffusion Model with Feature Editing for Unsupervised Multi-class Anomaly Detection.md
Papers/Research/2023 - Metal Surface Defect Detection Based on Improved YOLOv5,Papers,Metal surface defect detection based on improved YOLOv5,Metal surface defect detection based on improved YOLOv5,processed,2023,research,,doi:10.1038/s41598-023-47716-2,10.1038/s41598-023-47716-2,https://doi.org/10.1038/s41598-023-47716-2,Papers/Research/2023 - Metal Surface Defect Detection Based on Improved YOLOv5.md
Papers/Research/2023 - Multimodal Industrial Anomaly Detection via Hybrid Fusion,Papers,Multimodal Industrial Anomaly Detection via Hybrid Fusion,M3DM | Multi-3D-Memory,processed,2023,research,,doi:10.1109/cvpr52729.2023.00776,10.1109/CVPR52729.2023.00776,https://doi.org/10.1109/CVPR52729.2023.00776,Papers/Research/2023 - Multimodal Industrial Anomaly Detection via Hybrid Fusion.md
Papers/Research/2023 - Omni-Frequency Channel-Selection Representations for Unsupervised Anomaly Detection,Papers,Omni-Frequency Channel-Selection Representations for Unsupervised Anomaly Detection,OCR-GAN | Omni-frequency Channel-selection Reconstruction,processed,2023,research,,doi:10.1109/tip.2023.3293772,10.1109/TIP.2023.3293772,https://doi.org/10.1109/TIP.2023.3293772,Papers/Research/2023 - Omni-Frequency Channel-Selection Representations for Unsupervised Anomaly Detection.md
Papers/Research/2023 - OmniAL A Unified CNN Framework for Unsupervised Anomaly Localization,Papers,OmniAL: A Unified CNN Framework for Unsupervised Anomaly Localization,OmniAL,processed,2023,research,,doi:10.1109/cvpr52729.2023.00382,10.1109/CVPR52729.2023.00382,https://doi.org/10.1109/CVPR52729.2023.00382,Papers/Research/2023 - OmniAL A Unified CNN Framework for Unsupervised Anomaly Localization.md
Papers/Research/2023 - PreCaCycleGAN Perceptual Capsule Cyclic Generative Adversarial Network for Industrial Defective Sample Augmentation,Papers,PreCaCycleGAN: Perceptual Capsule Cyclic Generative Adversarial Network for Industrial Defective Sample Augmentation,PreCaCycleGAN Perceptual Capsule Cyclic Generative Adversarial Network for Industrial Defective Sample Augmentation,processed,2023,research,,sha256:060a2fd798a5213aeef1375f32ab79d279f4c90ebd86f67d72dc158679ed847d,10.3390/electronics12163475,https://doi.org/10.3390/electronics12163475,Papers/Research/2023 - PreCaCycleGAN Perceptual Capsule Cyclic Generative Adversarial Network for Industrial Defective Sample Augmentation.md
Papers/Research/2023 - Self-Supervised Learning for Industrial Image Anomaly Detection by Simulating Anomalous Samples,Papers,Self-Supervised Learning for Industrial Image Anomaly Detection by Simulating Anomalous Samples,Self-Supervised Learning for Industrial Image Anomaly Detection by Simulating Anomalous Samples,processed,2023,research,,doi:10.1007/s44196-023-00328-0)/author(mingjing,10.1007/s44196-023-00328-0,https://doi.org/10.1007/s44196-023-00328-0,Papers/Research/2023 - Self-Supervised Learning for Industrial Image Anomaly Detection by Simulating Anomalous Samples.md
Papers/Research/2023 - Unveiling Patterns A Study on Semi-Supervised Classification of Strip Surface Defects,Papers,Unveiling Patterns: A Study on Semi-Supervised Classification of Strip Surface Defects,Unveiling Patterns,processed,2023,research,,doi:10.1109/access.2023.3326843,10.1109/access.2023.3326843,https://doi.org/10.1109/access.2023.3326843,Papers/Research/2023 - Unveiling Patterns A Study on Semi-Supervised Classification of Strip Surface Defects.md
Papers/Research/2023 - Wafer Map Defect Patterns Classification Based on a Lightweight Network and Data Augmentation,Papers,Wafer Map Defect Patterns Classification Based on a Lightweight Network and Data Augmentation,Wafer Map Defect Patterns Classification Based on a Lightweight Network and Data Augmentation,processed,2023,research,,doi:10.1049/cit2.12126,10.1049/cit2.12126,,Papers/Research/2023 - Wafer Map Defect Patterns Classification Based on a Lightweight Network and Data Augmentation.md
Papers/Research/2024 - A Comprehensive Augmentation Framework for Anomaly Detection,Papers,A Comprehensive Augmentation Framework for Anomaly Detection,A Comprehensive Augmentation Framework for Anomaly Detection,processed,2024,research,,sha256:ab328d0924612db039b469ee2a6ebc7275465f7c9976a3d73923dc5655de4bbd,,,Papers/Research/2024 - A Comprehensive Augmentation Framework for Anomaly Detection.md
Papers/Research/2024 - A Diffusion-Based Framework for Multi-Class Anomaly Detection,Papers,A Diffusion-Based Framework for Multi-Class Anomaly Detection,DiAD | Diffusion-based Anomaly Detection,processed,2024,research,,sha256:796caba20b23ed4f2d9a60134a075e87c742cbaffc0592f84fb2966a6a977073,10.1609/aaai.v38i8.28690,https://doi.org/10.1609/aaai.v38i8.28690,Papers/Research/2024 - A Diffusion-Based Framework for Multi-Class Anomaly Detection.md
Papers/Research/2024 - A New ViT-Based Augmentation Framework for Wafer Map Defect Classification,Papers,A New ViT-Based Augmentation Framework for Wafer Map Defect Classification to Enhance the Resilience of Semiconductor Supply Chains,A New ViT-Based Augmentation Framework for Wafer Map Defect Classification,processed,2024,research,,sha256:0f55657846757fd4057351ab1990c8c61157c83e40c2554b3b876084db89228e,10.1016/j.ijpe.2024.109275,https://doi.org/10.1016/j.ijpe.2024.109275,Papers/Research/2024 - A New ViT-Based Augmentation Framework for Wafer Map Defect Classification.md
Papers/Research/2024 - A Unified Anomaly Synthesis Strategy with Gradient Ascent for Industrial Anomaly Detection and Localization,Papers,A Unified Anomaly Synthesis Strategy with Gradient Ascent for Industrial Anomaly Detection and Localization,GLASS,processed,2024,research,,arxiv:2407.09359,,https://arxiv.org/abs/2407.09359,Papers/Research/2024 - A Unified Anomaly Synthesis Strategy with Gradient Ascent for Industrial Anomaly Detection and Localization.md
Papers/Research/2024 - AnomalyDiffusion Few-Shot Anomaly Image Generation with Diffusion Model,Papers,AnomalyDiffusion: Few-Shot Anomaly Image Generation with Diffusion Model,AnomalyDiffusion,processed,2024,research,,arxiv:2312.05767,,https://arxiv.org/abs/2312.05767,Papers/Research/2024 - AnomalyDiffusion Few-Shot Anomaly Image Generation with Diffusion Model.md
Papers/Research/2024 - AnomalyXFusion Multi-modal Anomaly Synthesis with Diffusion,Papers,AnomalyXFusion: Multi-modal Anomaly Synthesis with Diffusion,AnomalyXFusion: Multi-modal Anomaly Synthesis with Diffusion,processed,2024,research,,arxiv:2404.19444,,https://github.com/hujiecpp/MVTec-Caption,Papers/Research/2024 - AnomalyXFusion Multi-modal Anomaly Synthesis with Diffusion.md
Papers/Research/2024 - CAGEN Controllable Anomaly Generator Using Diffusion Model,Papers,CAGEN: Controllable Anomaly Generator Using Diffusion Model,CAGEN: Controllable Anomaly Generator Using Diffusion Model,processed,2024,research,,doi:10.1109/icassp48485.2024.10447663,10.1109/icassp48485.2024.10447663,https://doi.org/10.1109/ICASSP48485.2024.10447663,Papers/Research/2024 - CAGEN Controllable Anomaly Generator Using Diffusion Model.md
Papers/Research/2024 - Cheating Depth Enhancing 3D Surface Anomaly Detection via Depth Simulation,Papers,Cheating Depth: Enhancing 3D Surface Anomaly Detection via Depth Simulation,3DSR | DADA,processed,2024,research,,doi:10.1109/wacv57701.2024.00216,10.1109/WACV57701.2024.00216,https://doi.org/10.1109/WACV57701.2024.00216,Papers/Research/2024 - Cheating Depth Enhancing 3D Surface Anomaly Detection via Depth Simulation.md
Papers/Research/2024 - Conditional image-to-image translation generative adversarial network cGAN for fabric defect data augmentation,Papers,Conditional image-to-image translation generative adversarial network (cGAN) for fabric defect data augmentation,Conditional image-to-image translation generative adversarial network cGAN for fabric defect data augmentation,processed,2024,research,,doi:10.1007/s00521-024-10179-1,10.1007/s00521-024-10179-1,https://doi.org/10.1007/s00521-024-10179-1,Papers/Research/2024 - Conditional image-to-image translation generative adversarial network cGAN for fabric defect data augmentation.md
Papers/Research/2024 - Context-Enhanced Network with Spatial-Aware Graph for Smartphone Screen Defect Detection,Papers,Context-Enhanced Network with Spatial-Aware Graph for Smartphone Screen Defect Detection,CE-SGNet paper,processed,2024,research,,sha256:b06c2180545caeb4f14d5b111a68a06701f2c365a97322822765a9461682487d,10.3390/s24113430,https://doi.org/10.3390/s24113430,Papers/Research/2024 - Context-Enhanced Network with Spatial-Aware Graph for Smartphone Screen Defect Detection.md
Papers/Research/2024 - Deep Learning for Solar Panels Defect Classification Using Data Augmentation Strategies,Papers,Deep Learning for Solar Panels Defect Classification Using Data Augmentation Strategies,Deep Learning for Solar Panels Defect Classification Using Data Augmentation Strategies,processed,2024,research,,sha256:d7a56694798d4b80a791b0b2cf1cb5cb69597987614fb938d31958a9cf0b89c5,,,Papers/Research/2024 - Deep Learning for Solar Panels Defect Classification Using Data Augmentation Strategies.md
Papers/Research/2024 - Defect Detection in Automotive Glass Based on Modified YOLOv5,Papers,Defect detection in automotive glass based on modified YOLOv5 with multi-scale feature fusion and dual lightweight strategy,Modified YOLOv5 automotive glass defect detection,processed,2024,research,,doi:10.1007/s00371-023-03225-x,10.1007/s00371-023-03225-x,https://doi.org/10.1007/s00371-023-03225-x,Papers/Research/2024 - Defect Detection in Automotive Glass Based on Modified YOLOv5.md
Papers/Research/2024 - Defect detection in textile manufacturing Improving findings using YOLOv5 versions,Papers,Defect detection in textile manufacturing: Improving findings using YOLOv5 versions,Defect detection in textile manufacturing Improving findings using YOLOv5 versions,processed,2024,research,,sha256:ebeddf097d0c218a1d0d57c90e3c371791d4526a00bb11a31ca7c195bd46c037,,,Papers/Research/2024 - Defect detection in textile manufacturing Improving findings using YOLOv5 versions.md
Papers/Research/2024 - DiffDD A Surface Defect Detection Framework with Diffusion Probabilistic Model,Papers,DiffDD: A Surface Defect Detection Framework with Diffusion Probabilistic Model,DiffDD: A Surface Defect Detection Framework with Diffusion Probabilistic Model,processed,2024,research,,sha256:f2669f120eb2adc4368696ce7cf804db55c739797a8c688b8ae945e04bffac42,10.1016/j.aei.2024.102637,https://doi.org/10.1016/j.aei.2024.102637,Papers/Research/2024 - DiffDD A Surface Defect Detection Framework with Diffusion Probabilistic Model.md
Papers/Research/2024 - Dual-Modal Illumination System for Defect Detection of Aircraft Glass Canopies,Papers,Dual-Modal Illumination System for Defect Detection of Aircraft Glass Canopies,Dual-Modal Illumination System,processed,2024,research,,sha256:d679f1fb776c738a80641d578aa97bf43a6e89fa6d9aa1d256ab8be12720091f,10.3390/s24206717,https://doi.org/10.3390/s24206717,Papers/Research/2024 - Dual-Modal Illumination System for Defect Detection of Aircraft Glass Canopies.md
Papers/Research/2024 - Efficient and Accurate Semi-Supervised Semantic Segmentation for Industrial Surface Defects,Papers,Efficient and accurate semi-supervised semantic segmentation for industrial surface defects,Efficient and accurate semi-supervised semantic segmentation for industrial surface defects,processed,2024,research,,doi:10.1038/s41598-024-72579-6,10.1038/s41598-024-72579-6,https://doi.org/10.1038/s41598-024-72579-6,Papers/Research/2024 - Efficient and Accurate Semi-Supervised Semantic Segmentation for Industrial Surface Defects.md
Papers/Research/2024 - Enhanced Photovoltaic Panel Defect Detection via Adaptive Complementary Fusion in YOLO-ACF,Papers,Enhanced Photovoltaic Panel Defect Detection via Adaptive Complementary Fusion in YOLO-ACF,YOLO-ACF | Enhanced Photovoltaic Panel Defect Detection via Adaptive Complementary Fusion in YOLO-ACF,processed,2024,research,,doi:10.1038/s41598-024-75772-9,10.1038/s41598-024-75772-9,https://doi.org/10.1038/s41598-024-75772-9,Papers/Research/2024 - Enhanced Photovoltaic Panel Defect Detection via Adaptive Complementary Fusion in YOLO-ACF.md
Papers/Research/2024 - Feature Optimization-Guided High-Precision and Real-Time Metal Surface Defect Detection Network,Papers,Feature optimization-guided high-precision and real-time metal surface defect detection network,FOHR Net | Feature optimization-guided high-precision and real-time metal surface defect detection network,processed,2024,research,,doi:10.1038/s41598-024-83430-3,10.1038/s41598-024-83430-3,https://doi.org/10.1038/s41598-024-83430-3,Papers/Research/2024 - Feature Optimization-Guided High-Precision and Real-Time Metal Surface Defect Detection Network.md
Papers/Research/2024 - FEGAN A Feature Extraction Based Approach for GAN Anomaly Detection and Localization,Papers,FEGAN: A Feature Extraction Based Approach For GAN Anomaly Detection And Localization,FEGAN | FEGAN: A Feature Extraction Based Approach For GAN Anomaly Detection And Localization,processed,2024,research,,doi:10.1109/access.2024.3406438,10.1109/access.2024.3406438,https://doi.org/10.1109/access.2024.3406438,Papers/Research/2024 - FEGAN A Feature Extraction Based Approach for GAN Anomaly Detection and Localization.md
Papers/Research/2024 - Glass Defect Detection with Improved Data Augmentation under Total Reflection Lighting,Papers,Glass Defect Detection with Improved Data Augmentation under Total Reflection Lighting,Glass Defect Detection with Improved Data Augmentation,processed,2024,research,,sha256:783f4ef49bd0a25bcc1b8f1a20fbe0a93f0a00852f845ede9a0a4dde48da9458,10.3390/app14135658,https://doi.org/10.3390/app14135658,Papers/Research/2024 - Glass Defect Detection with Improved Data Augmentation under Total Reflection Lighting.md
Papers/Research/2024 - High-Precision Defect Detection in Solar Cells Using YOLOv10 Deep Learning Model,Papers,High-Precision Defect Detection in Solar Cells Using YOLOv10 Deep Learning Model,High-Precision Defect Detection in Solar Cells Using YOLOv10 Deep Learning Model,processed,2024,research,,sha256:89659bc837c6a2c7704efd7e0957879dc4bb82c823585ab46354621d94dd6942,10.3390/solar4040030,https://doi.org/10.3390/solar4040030,Papers/Research/2024 - High-Precision Defect Detection in Solar Cells Using YOLOv10 Deep Learning Model.md
Papers/Research/2024 - Improved Hybrid Solar Cell Defect Detection Using GANs and Weighted Classification,Papers,An improved hybrid solar cell defect detection approach using Generative Adversarial Networks and weighted classification,Improved hybrid solar cell defect detection using GANs and weighted classification,processed,2024,research,,sha256:1d5ef170337099eff96c54785c1c7d05de186a4b376da538ae6c4545fde2606e,10.1016/j.eswa.2024.124230,https://doi.org/10.1016/j.eswa.2024.124230,Papers/Research/2024 - Improved Hybrid Solar Cell Defect Detection Using GANs and Weighted Classification.md
Papers/Research/2024 - Industrial Product Surface Anomaly Detection with Realistic Synthetic Anomalies Based on Defect Map Prediction,Papers,Industrial Product Surface Anomaly Detection with Realistic Synthetic Anomalies Based on Defect Map Prediction,Industrial Product Surface Anomaly Detection with Realistic Synthetic Anomalies Based on Defect Map Prediction,processed,2024,research,,sha256:dc214d9603ecc4514140d13546261951e7d2e0ca0bba191bb39dd33410316685,10.3390/s24010264,https://doi.org/10.3390/s24010264,Papers/Research/2024 - Industrial Product Surface Anomaly Detection with Realistic Synthetic Anomalies Based on Defect Map Prediction.md
Papers/Research/2024 - Latent Diffusion Models to Enhance the Performance of Visual Defect Segmentation Networks in Steel Surface Inspection,Papers,Latent Diffusion Models to Enhance the Performance of Visual Defect Segmentation Networks in Steel Surface Inspection,,processed,2024,research,,doi:10.3390/s24186016,10.3390/s24186016,https://doi.org/10.3390/s24186016,Papers/Research/2024 - Latent Diffusion Models to Enhance the Performance of Visual Defect Segmentation Networks in Steel Surface Inspection.md
Papers/Research/2024 - MSFlow Multiscale Flow-Based Framework for Unsupervised Anomaly Detection,Papers,MSFlow: Multiscale Flow-Based Framework for Unsupervised Anomaly Detection,MSFlow,processed,2024,research,,doi:10.1109/tnnls.2023.3344118,10.1109/TNNLS.2023.3344118,https://doi.org/10.1109/TNNLS.2023.3344118,Papers/Research/2024 - MSFlow Multiscale Flow-Based Framework for Unsupervised Anomaly Detection.md
Papers/Research/2024 - Multimodal Industrial Anomaly Detection by Crossmodal Feature Mapping,Papers,Multimodal Industrial Anomaly Detection by Crossmodal Feature Mapping,Crossmodal Feature Mapping,processed,2024,research,,sha256:766f715c8dcd2b1981b7fd4577a6f228f3655cb09df5d15498cc7d327a657f6b,10.1109/CVPR52733.2024.01631,https://doi.org/10.1109/CVPR52733.2024.01631,Papers/Research/2024 - Multimodal Industrial Anomaly Detection by Crossmodal Feature Mapping.md
Papers/Research/2024 - NHD-YOLO Improved YOLOv8 Using Optimized Neck and Head,Papers,NHD-YOLO: Improved YOLOv8 using optimized neck and head for product surface defect detection with data augmentation,NHD-YOLO,processed,2024,research,,doi:10.1049/ipr2.13073,10.1049/ipr2.13073,https://doi.org/10.1049/ipr2.13073,Papers/Research/2024 - NHD-YOLO Improved YOLOv8 Using Optimized Neck and Head.md
Papers/Research/2024 - Patch-Wise Augmentation for Anomaly Detection and Localization,Papers,Patch-Wise Augmentation for Anomaly Detection and Localization,Patch-Wise Augmentation for Anomaly Detection and Localization,processed,2024,research,,doi:10.1109/icassp48485.2024.10446994,10.1109/icassp48485.2024.10446994,,Papers/Research/2024 - Patch-Wise Augmentation for Anomaly Detection and Localization.md
Papers/Research/2024 - PromptAD Learning Prompts with Only Normal Samples for Few-Shot Anomaly Detection,Papers,PromptAD: Learning Prompts with Only Normal Samples for Few-Shot Anomaly Detection,PromptAD,processed,2024,research,,doi:10.1109/cvpr52733.2024.01594,10.1109/CVPR52733.2024.01594,https://doi.org/10.1109/CVPR52733.2024.01594,Papers/Research/2024 - PromptAD Learning Prompts with Only Normal Samples for Few-Shot Anomaly Detection.md
Papers/Research/2024 - RealNet A Feature Selection Network with Realistic Synthetic Anomaly for Anomaly Detection,Papers,RealNet: A Feature Selection Network with Realistic Synthetic Anomaly for Anomaly Detection,RealNet: A Feature Selection Network with Realistic Synthetic Anomaly for Anomaly Detection,processed,2024,research,,arxiv:2403.05897,,,Papers/Research/2024 - RealNet A Feature Selection Network with Realistic Synthetic Anomaly for Anomaly Detection.md
Papers/Research/2024 - Resilient Machine Learning for Steel Surface Defect Detection Based on Lightweight Convolution,Papers,Resilient machine learning for steel surface defect detection based on lightweight convolution,Resilient machine learning for steel surface defect detection based on lightweight convolution,processed,2024,research,,doi:10.1007/s00170-024-14403-z,10.1007/s00170-024-14403-z,https://doi.org/10.1007/s00170-024-14403-z,Papers/Research/2024 - Resilient Machine Learning for Steel Surface Defect Detection Based on Lightweight Convolution.md
Papers/Research/2024 - Scarcity-GAN Scarce Data Augmentation for Defect Detection via Generative Adversarial Nets,Papers,Scarcity-GAN: Scarce Data Augmentation for Defect Detection via Generative Adversarial Nets,Scarcity-GAN: Scarce Data Augmentation for Defect Detection via Generative Adversarial Nets,processed,2024,research,,sha256:174ded8816c007830ea9be967a5fc818b3b3297924016d15342ee787ce82ce5a,10.1016/j.neucom.2023.127061,,Papers/Research/2024 - Scarcity-GAN Scarce Data Augmentation for Defect Detection via Generative Adversarial Nets.md
Papers/Research/2024 - Surface Defect Detection of Hot Rolled Steel Based on Multi-Scale Feature Fusion and Attention Mechanism Residual Block,Papers,Surface Defect Detection of Hot Rolled Steel Based on Multi-Scale Feature Fusion and Attention Mechanism Residual Block,Improved YOLOv5s with MSF and CRA block,processed,2024,research,,doi:10.1038/s41598-024-57990-3)/author(hongkai,10.1038/s41598-024-57990-3,https://doi.org/10.1038/s41598-024-57990-3,Papers/Research/2024 - Surface Defect Detection of Hot Rolled Steel Based on Multi-Scale Feature Fusion and Attention Mechanism Residual Block.md
Papers/Research/2024 - Surface Defect Detection of Strip Steel Based on GT-CutMix Augmentation Algorithm and Improved DSSD Model,Papers,Surface Defect Detection of Strip Steel Based on GT-CutMix Augmentation Algorithm and Improved DSSD Model,,processed,2024,research,,doi:10.1088/1361-6501/ad5b7c,10.1088/1361-6501/ad5b7c,https://doi.org/10.1088/1361-6501/ad5b7c,Papers/Research/2024 - Surface Defect Detection of Strip Steel Based on GT-CutMix Augmentation Algorithm and Improved DSSD Model.md
Papers/Research/2024 - Wafer Map Defect Classification Using Autoencoder-Based Data Augmentation and Convolutional Neural Network,Papers,Wafer Map Defect Classification Using Autoencoder-Based Data Augmentation and Convolutional Neural Network,Wafer Map Defect Classification Using Autoencoder-Based Data Augmentation and Convolutional Neural Network,processed,2024,research,,arxiv:2411.11029,,https://arxiv.org/abs/2411.11029,Papers/Research/2024 - Wafer Map Defect Classification Using Autoencoder-Based Data Augmentation and Convolutional Neural Network.md
Papers/Research/2025 - A Framework for Detecting Unknown Defect Patterns on Wafer Bin Maps Using Active Learning,Papers,A Framework for Detecting Unknown Defect Patterns on Wafer Bin Maps Using Active Learning,A Framework for Detecting Unknown Defect Patterns on Wafer Bin Maps Using Active Learning,processed,2025,research,,sha256:5cc0a2064e59e599d27b39d848d0aac34e7f85c2fb70a3bb552a0a71a95b62e5,,,Papers/Research/2025 - A Framework for Detecting Unknown Defect Patterns on Wafer Bin Maps Using Active Learning.md
Papers/Research/2025 - A High-Quality Sample Generation Method via Cross-Scale Diffusion for Steel Defect Detection,Papers,A High-Quality Sample Generation Method via Cross-Scale Diffusion for Steel Defect Detection,,processed,2025,research,,doi:10.1109/ijcnn64981.2025.11228398,10.1109/ijcnn64981.2025.11228398,https://doi.org/10.1109/ijcnn64981.2025.11228398,Papers/Research/2025 - A High-Quality Sample Generation Method via Cross-Scale Diffusion for Steel Defect Detection.md
Papers/Research/2025 - Accurate Industrial Anomaly Detection with Efficient Multimodal Fusion,Papers,Accurate industrial anomaly detection with efficient multimodal fusion,Accurate industrial anomaly detection with efficient multimodal fusion,processed,2025,research,,sha256:a76bb886db3f736d8103741a70ca452a56a538f66d6ecede310c80e809d4dc2f,10.1016/j.array.2025.100512,https://doi.org/10.1016/j.array.2025.100512,Papers/Research/2025 - Accurate Industrial Anomaly Detection with Efficient Multimodal Fusion.md
Papers/Research/2025 - Advanced deep learning modeling to enhance detection of defective photovoltaic cells in electroluminescence images,Papers,Advanced deep learning modeling to enhance detection of defective photovoltaic cells in electroluminescence images,Advanced deep learning modeling to enhance detection of defective photovoltaic cells in electroluminescence images,processed,2025,research,,doi:10.1038/s41598-025-14478-y,10.1038/s41598-025-14478-y,https://doi.org/10.1038/s41598-025-14478-y,Papers/Research/2025 - Advanced deep learning modeling to enhance detection of defective photovoltaic cells in electroluminescence images.md
Papers/Research/2025 - Advanced Photovoltaic Module Characterization Using Image Transformers for Current-Voltage Curve Prediction From Electroluminescence Images,Papers,Advanced Photovoltaic Module Characterization: Using Image Transformers for Current-Voltage Curve Prediction From Electroluminescence Images,Advanced Photovoltaic Module Characterization,processed,2025,research,,doi:10.1109/jphotov.2025.3562931,10.1109/JPHOTOV.2025.3562931,https://doi.org/10.1109/JPHOTOV.2025.3562931,Papers/Research/2025 - Advanced Photovoltaic Module Characterization Using Image Transformers for Current-Voltage Curve Prediction From Electroluminescence Images.md
Papers/Research/2025 - AI-driven fabric classification,Papers,AI-driven fabric classification: real-time implementation for sustainable textile practices in industry 5.0,AI-driven fabric classification | PSRT50 fabric classification,processed,2025,research,,doi:10.1088/2053-1591/add98f,10.1088/2053-1591/add98f,https://doi.org/10.1088/2053-1591/add98f,Papers/Research/2025 - AI-driven fabric classification.md
Papers/Research/2025 - AnomalyControl Learning Cross-Modal Semantic Features for Controllable Anomaly Synthesis,Papers,AnomalyControl: Learning Cross-modal Semantic Features for Controllable Anomaly Synthesis,AnomalyControl: Learning Cross-modal Semantic Features for Controllable Anomaly Synthesis,processed,2025,research,,doi:10.48550/arxiv.2412.06510,10.48550/arxiv.2412.06510,,Papers/Research/2025 - AnomalyControl Learning Cross-Modal Semantic Features for Controllable Anomaly Synthesis.md
Papers/Research/2025 - Blind super-resolution network based on local fuzzy discriminative loss for fabric data augmentation,Papers,Blind super-resolution network based on local fuzzy discriminative loss for fabric data augmentation,Blind super-resolution network based on local fuzzy discriminative loss for fabric data augmentation,processed,2025,research,,doi:10.1177/15589250241313158,10.1177/15589250241313158,https://doi.org/10.1177/15589250241313158,Papers/Research/2025 - Blind super-resolution network based on local fuzzy discriminative loss for fabric data augmentation.md
Papers/Research/2025 - Comparative Deep Learning for RGB-Based PV Surface Fault Classification Using ResNet50 and EfficientNetB0,Papers,Comparative Deep Learning for RGB-Based PV Surface Fault Classification Using ResNet50 and EfficientNetB0 with Real-Time Deployment,Comparative Deep Learning for RGB-Based PV Surface Fault Classification Using ResNet50 and EfficientNetB0,processed,2025,research,,doi:10.37391/ijeer.130411,10.37391/ijeer.130411,https://ijeer.forexjournal.co.in/archive/volume-13/ijeer-130411.html,Papers/Research/2025 - Comparative Deep Learning for RGB-Based PV Surface Fault Classification Using ResNet50 and EfficientNetB0.md
Papers/Research/2025 - Comparison of ML classifiers in automatic diagnostics of PV panels using deep image features,Papers,Comparison of ML classifiers in automatic diagnostics of PV panels using deep image features,Comparison of ML classifiers in automatic diagnostics of PV panels,processed,2025,research,,sha256:db962ff1b9e352c5568ab951a19ab0605ee603fbebedfb4d16cbe78d4c2cc3cb,10.15199/48.2025.10.25,https://doi.org/10.15199/48.2025.10.25,Papers/Research/2025 - Comparison of ML classifiers in automatic diagnostics of PV panels using deep image features.md
Papers/Research/2025 - Dual-Interrelated Diffusion Model for Few-Shot Anomaly Image Generation,Papers,Dual-Interrelated Diffusion Model for Few-Shot Anomaly Image Generation,Dual-Interrelated Diffusion Model for Few-Shot Anomaly Image Generation,processed,2025,research,,arxiv:2408.13509,,,Papers/Research/2025 - Dual-Interrelated Diffusion Model for Few-Shot Anomaly Image Generation.md
Papers/Research/2025 - Enhancing Glass Defect Detection with Diffusion Models,Papers,Enhancing Glass Defect Detection with Diffusion Models: Addressing Imbalanced Datasets in Manufacturing Quality Control,Enhancing Glass Defect Detection with Diffusion Models | arXiv:2505.03134,processed,2025,research,,sha256:d6aff6091e2ef30611645407bc73b0be9ea5c6cb3f0848f6c23d2bbcf960990d,10.59543/comdem.v2i.14391,https://doi.org/10.59543/comdem.v2i.14391,Papers/Research/2025 - Enhancing Glass Defect Detection with Diffusion Models.md
Papers/Research/2025 - Free Lunch of Image-mask Alignment for Anomaly Image Generation and Segmentation,Papers,Free Lunch of Image-mask Alignment for Anomaly Image Generation and Segmentation,Free Lunch of Image-mask Alignment for Anomaly Image Generation and Segmentation,processed,2025,research,,sha256:46aff253929882b434092f09c20ab59c73f732ae728c3230cd9fb86841d2eaa2,,,Papers/Research/2025 - Free Lunch of Image-mask Alignment for Anomaly Image Generation and Segmentation.md
Papers/Research/2025 - Industrial Image Anomaly Detection via Synthetic-Anomaly Contrastive Distillation,Papers,Industrial Image Anomaly Detection via Synthetic-Anomaly Contrastive Distillation,Industrial Image Anomaly Detection via Synthetic-Anomaly Contrastive Distillation | SACD,processed,2025,research,,sha256:5e1a13b560b2ef7395ad4a7a37d67e4a81bd73a9b94dc27a00d290e0e6406161,10.3390/s25123721,https://doi.org/10.3390/s25123721,Papers/Research/2025 - Industrial Image Anomaly Detection via Synthetic-Anomaly Contrastive Distillation.md
Papers/Research/2025 - Lightweight Multiscale Feature Fusion Network for Solar Cell Defect Detection,Papers,A Lightweight Multiscale Feature Fusion Network for Solar Cell Defect Detection,LMFF for Solar Cell Defect Detection,processed,2025,research,,doi:10.32604/cmc.2024.058063,10.32604/cmc.2024.058063,https://doi.org/10.32604/cmc.2024.058063,Papers/Research/2025 - Lightweight Multiscale Feature Fusion Network for Solar Cell Defect Detection.md
Papers/Research/2025 - Progressive Boundary Guided Anomaly Synthesis for Industrial Anomaly Detection,Papers,Progressive Boundary Guided Anomaly Synthesis for Industrial Anomaly Detection,Progressive Boundary Guided Anomaly Synthesis for Industrial Anomaly Detection,processed,2025,research,,doi:10.1109/tcsvt.2024.3479887,10.1109/tcsvt.2024.3479887,,Papers/Research/2025 - Progressive Boundary Guided Anomaly Synthesis for Industrial Anomaly Detection.md
Papers/Research/2025 - Sample-Imbalanced Wafer Map Defects Classification Based on Jacobian Regularized Generative Adversarial Network,Papers,Sample-Imbalanced Wafer Map Defects Classification Based on Jacobian Regularized Generative Adversarial Network,Sample-Imbalanced Wafer Map Defects Classification Based on Jacobian Regularized Generative Adversarial Network | JRGAN wafer map defects,processed,2025,research,,doi:10.1088/1361-6501/adb327,10.1088/1361-6501/adb327,https://doi.org/10.1088/1361-6501/adb327,Papers/Research/2025 - Sample-Imbalanced Wafer Map Defects Classification Based on Jacobian Regularized Generative Adversarial Network.md
Papers/Research/2025 - SeaS Few-Shot Industrial Anomaly Image Generation with Separation and Sharing Fine-Tuning,Papers,SeaS: Few-Shot Industrial Anomaly Image Generation with Separation and Sharing Fine-Tuning,SeaS | SeaS: Few-Shot Industrial Anomaly Image Generation with Separation and Sharing Fine-Tuning,processed,2025,research,,doi:10.48550/arxiv.2410.14987,10.48550/arxiv.2410.14987,https://arxiv.org/abs/2410.14987,Papers/Research/2025 - SeaS Few-Shot Industrial Anomaly Image Generation with Separation and Sharing Fine-Tuning.md
Papers/Research/2025 - Segmentation-Enhanced Overlapped Defect Identification for Multipatterns Wafer Maps,Papers,Segmentation-Enhanced Overlapped Defect Identification for Multipatterns Wafer Maps,SEODI,processed,2025,research,,doi:10.1109/tim.2025.3565049,10.1109/TIM.2025.3565049,https://doi.org/10.1109/TIM.2025.3565049,Papers/Research/2025 - Segmentation-Enhanced Overlapped Defect Identification for Multipatterns Wafer Maps.md
Papers/Research/2025 - Self-Supervised Image Anomaly Detection Through Diverse Pseudo Anomaly Insertion,Papers,Self-Supervised Image Anomaly Detection Through Diverse Pseudo Anomaly Insertion,Self-Supervised Image Anomaly Detection Through Diverse Pseudo Anomaly Insertion,processed,2025,research,,doi:10.1109/access.2025.3580864,10.1109/access.2025.3580864,https://doi.org/10.1109/ACCESS.2025.3580864,Papers/Research/2025 - Self-Supervised Image Anomaly Detection Through Diverse Pseudo Anomaly Insertion.md
Papers/Research/2025 - Simulation of semiconductor wafer dicing induced faults on chips,Papers,Simulation of semiconductor wafer dicing induced faults on chips and their application as augmentation method for a deep learning based visual inspection system,Simulation of semiconductor wafer dicing induced faults on chips,processed,2025,research,,doi:10.1007/s10845-024-02559-0,10.1007/s10845-024-02559-0,https://doi.org/10.1007/s10845-024-02559-0,Papers/Research/2025 - Simulation of semiconductor wafer dicing induced faults on chips.md
Papers/Research/2025 - Smartphone Screen Surface Defect Detection Using Dynamic Large Separable Kernel Attention,Papers,Smartphone Screen Surface Defect Detection Using Dynamic Large Separable Kernel Attention and Multi-Scale Feature Bi-Directional Path Aggregation Network,DY-YOLO smartphone screen surface defect detection,processed,2025,research,,doi:10.1038/s41598-025-24225-y,10.1038/s41598-025-24225-y,https://doi.org/10.1038/s41598-025-24225-y,Papers/Research/2025 - Smartphone Screen Surface Defect Detection Using Dynamic Large Separable Kernel Attention.md
Papers/Research/2025 - Synthetic Dataset for AI-Driven Photovoltaic Fault and Damage Detection via UAV Thermal Imaging,Papers,Synthetic Dataset for AI-Driven Photovoltaic Fault and Damage Detection via UAV Thermal Imaging,,processed,2025,research,,doi:10.1109/eeae65901.2025.11273362,10.1109/EEAE65901.2025.11273362,https://doi.org/10.1109/EEAE65901.2025.11273362,Papers/Research/2025 - Synthetic Dataset for AI-Driven Photovoltaic Fault and Damage Detection via UAV Thermal Imaging.md
Papers/Research/2025 - ToCoAD Two-Stage Contrastive Learning for Industrial Anomaly Detection,Papers,ToCoAD: Two-Stage Contrastive Learning for Industrial Anomaly Detection,ToCoAD: Two-Stage Contrastive Learning for Industrial Anomaly Detection | ToCoAD,processed,2025,research,,doi:10.1109/tim.2025.3545987,10.1109/tim.2025.3545987,https://doi.org/10.1109/TIM.2025.3545987,Papers/Research/2025 - ToCoAD Two-Stage Contrastive Learning for Industrial Anomaly Detection.md
Papers/Research/2025 - Wafer Map Defect Classification Using Deep Learning Framework with Data Augmentation on Imbalance Datasets,Papers,Wafer Map Defect Classification Using Deep Learning Framework with Data Augmentation on Imbalance Datasets,G2LGAN wafer map classification,processed,2025,research,,doi:10.1186/s13640-025-00666-3)/author(tsung-han,10.1186/s13640-025-00666-3,https://doi.org/10.1186/s13640-025-00666-3,Papers/Research/2025 - Wafer Map Defect Classification Using Deep Learning Framework with Data Augmentation on Imbalance Datasets.md
Papers/Research/2025 - You Only Look Once-Aluminum,Papers,You Only Look Once-Aluminum,YOLO-AL | You Only Look Once-Aluminum: A Detection Model for Complex Aluminum Surface Defects Based on Improved YOLOv8,processed,2025,research,,sha256:742296c7dd255ab8b2561ea1cc762eb23947ea09ac99623c87ac7adeed8940a1,10.3390/sym17050724,https://doi.org/10.3390/sym17050724,Papers/Research/2025 - You Only Look Once-Aluminum.md
Papers/Research/2026 - Diagnosing Shortcut Learning in CNN-Based Photovoltaic Fault Recognition from RGB Images,Papers,Diagnosing Shortcut Learning in CNN-Based Photovoltaic Fault Recognition from RGB Images: A Multi-Method Explainability Audit,Diagnosing Shortcut Learning in CNN-Based Photovoltaic Fault Recognition,processed,2026,research,,doi:10.3390/ai7030094,10.3390/ai7030094,https://doi.org/10.3390/ai7030094,Papers/Research/2026 - Diagnosing Shortcut Learning in CNN-Based Photovoltaic Fault Recognition from RGB Images.md
Papers/Research/2026 - Few-Shot Synthetic Data Generation with Diffusion Models for Downstream Vision Tasks,Papers,Few-Shot Synthetic Data Generation with Diffusion Models for Downstream Vision Tasks,,processed,2026,research,,doi:10.48550/arxiv.2605.11898,10.48550/arxiv.2605.11898,https://arxiv.org/abs/2605.11898,Papers/Research/2026 - Few-Shot Synthetic Data Generation with Diffusion Models for Downstream Vision Tasks.md
Papers/Research/2026 - GiPL Generative augmented iterative Pseudo-Labeling for Cross-Domain Few-Shot Object Detection,Papers,GiPL: Generative augmented iterative Pseudo-Labeling for Cross-Domain Few-Shot Object Detection,GiPL | GiPL-Grounding,processed,2026,research,,doi:10.48550/arxiv.2605.29539,10.48550/arxiv.2605.29539,https://arxiv.org/abs/2605.29539,Papers/Research/2026 - GiPL Generative augmented iterative Pseudo-Labeling for Cross-Domain Few-Shot Object Detection.md
Papers/Research/2026 - IncepViTH-Net for Solar Panel Fault Detection and Classification,Papers,A Deep Learning Model with Inception Vision Transformer and Harmonic Fusion Network for Solar Panel Fault Detection and Classification,IncepViTH-Net for Solar Panel Fault Detection,processed,2026,research,,doi:10.1016/j.compeleceng.2025.110819,10.1016/j.compeleceng.2025.110819,https://doi.org/10.1016/j.compeleceng.2025.110819,Papers/Research/2026 - IncepViTH-Net for Solar Panel Fault Detection and Classification.md
Papers/Research/2026 - Texture Conditioned GAN Based Self Supervised Framework for Fabric Defect Detection,Papers,Texture Conditioned GAN Based Self Supervised Framework for Fabric Defect Detection,Texture conditioned GAN based self supervised framework for fabric defect detection | STDAN fabric defect detection,processed,2026,research,,doi:10.1038/s41598-026-51763-w,10.1038/s41598-026-51763-w,https://doi.org/10.1038/s41598-026-51763-w,Papers/Research/2026 - Texture Conditioned GAN Based Self Supervised Framework for Fabric Defect Detection.md
Papers/Research/2026 - Thermal Imaging for Sealing Defect Detection in Pharmaceutical Bags Using a Temporal Fusion Network,Papers,Thermal Imaging for Sealing Defect Detection in Pharmaceutical Bags Using a Temporal Fusion Network,TMFFNet pharmaceutical bag sealing defect detection,processed,2026,research,,doi:10.1371/journal.pone.0343395,10.1371/journal.pone.0343395,https://doi.org/10.1371/journal.pone.0343395,Papers/Research/2026 - Thermal Imaging for Sealing Defect Detection in Pharmaceutical Bags Using a Temporal Fusion Network.md
Papers/Review/2021 - Fabric Defect Detection in Textile Manufacturing A Survey of the State of the Art,Papers,Fabric Defect Detection in Textile Manufacturing: A Survey of the State of the Art,Fabric Defect Detection in Textile Manufacturing A Survey of the State of the Art,processed,2021,review,,doi:10.1155/2021/9948808,10.1155/2021/9948808,https://doi.org/10.1155/2021/9948808,Papers/Review/2021 - Fabric Defect Detection in Textile Manufacturing A Survey of the State of the Art.md
Papers/Review/2022 - A Survey of Defect Detection Applications Based on Generative Adversarial Networks,Papers,A Survey of Defect Detection Applications Based on Generative Adversarial Networks,A Survey of Defect Detection Applications Based on GAN,processed,2022,review,,doi:10.1109/access.2022.3217227,10.1109/access.2022.3217227,https://doi.org/10.1109/ACCESS.2022.3217227,Papers/Review/2022 - A Survey of Defect Detection Applications Based on Generative Adversarial Networks.md
Papers/Review/2022 - Defect Detection in the Textile Industry Using Image-Based Machine Learning Methods,Papers,Defect Detection in the Textile Industry Using Image-Based Machine Learning Methods: A Brief Review,Defect detection in the textile industry using image-based machine learning methods,processed,2022,review,,doi:10.1088/1742-6596/2224/1/012010,10.1088/1742-6596/2224/1/012010,https://doi.org/10.1088/1742-6596/2224/1/012010,Papers/Review/2022 - Defect Detection in the Textile Industry Using Image-Based Machine Learning Methods.md
Papers/Review/2023 - A Survey on Unsupervised Anomaly Detection Algorithms for Industrial Images,Papers,A Survey on Unsupervised Anomaly Detection Algorithms for Industrial Images,A Survey on Unsupervised Anomaly Detection Algorithms for Industrial Images,processed,2023,review,,sha256:5f7c5c4adb86d6b96a30eceef1702c76576481df7ed220e9a8c21f56f75a0ec4,10.1109/access.2023.3282993,https://doi.org/10.1109/ACCESS.2023.3282993,Papers/Review/2023 - A Survey on Unsupervised Anomaly Detection Algorithms for Industrial Images.md
Papers/Review/2023 - A Systematic Review on Deep Learning with CNNs Applied to Surface Defect Detection,Papers,A Systematic Review on Deep Learning with CNNs Applied to Surface Defect Detection,A Systematic Review on Deep Learning with CNNs Applied to Surface Defect Detection,processed,2023,review,,doi:10.3390/jimaging9100193,10.3390/jimaging9100193,https://doi.org/10.3390/jimaging9100193,Papers/Review/2023 - A Systematic Review on Deep Learning with CNNs Applied to Surface Defect Detection.md
Papers/Review/2023 - Deep CNN-Based Visual Defect Detection Survey of Current Literature,Papers,Deep CNN-Based Visual Defect Detection Survey of Current Literature,Deep CNN-Based Visual Defect Detection Survey of Current Literature | Deep CNN-based visual defect detection: Survey of current literature,processed,2023,review,,doi:10.1016/j.compind.2023.103911,10.1016/j.compind.2023.103911,https://doi.org/10.1016/j.compind.2023.103911,Papers/Review/2023 - Deep CNN-Based Visual Defect Detection Survey of Current Literature.md
Papers/Review/2023 - Deep Learning for Automatic Vision-Based Recognition of Industrial Surface Defects A Survey,Papers,Deep Learning for Automatic Vision-Based Recognition of Industrial Surface Defects: A Survey,Deep Learning for Automatic Vision-Based Recognition of Industrial Surface Defects A Survey,processed,2023,review,,doi:10.1109/access.2023.3271748,10.1109/access.2023.3271748,https://doi.org/10.1109/ACCESS.2023.3271748,Papers/Review/2023 - Deep Learning for Automatic Vision-Based Recognition of Industrial Surface Defects A Survey.md
Papers/Review/2023 - Defect Detection Methods for Industrial Products Using Deep Learning Techniques A Review,Papers,Defect Detection Methods for Industrial Products Using Deep Learning Techniques A Review,Defect Detection Methods for Industrial Products Using Deep Learning Techniques A Review | Defect Detection Methods for Industrial Products Using Deep Learning Techniques: A Review,processed,2023,review,,doi:10.3390/a16020095,10.3390/a16020095,https://doi.org/10.3390/a16020095,Papers/Review/2023 - Defect Detection Methods for Industrial Products Using Deep Learning Techniques A Review.md
Papers/Review/2023 - Diffusion Models in Vision A Survey,Papers,Diffusion Models in Vision: A Survey,Diffusion Models in Vision,processed,2023,review,,doi:10.1109/tpami.2023.3261988,10.1109/TPAMI.2023.3261988,,Papers/Review/2023 - Diffusion Models in Vision A Survey.md
Papers/Review/2024 - A Comprehensive Review of Convolutional Neural Networks for Defect Detection in Industrial Applications,Papers,A Comprehensive Review of Convolutional Neural Networks for Defect Detection in Industrial Applications,A Comprehensive Review of Convolutional Neural Networks for Defect Detection in Industrial Applications,processed,2024,review,,doi:10.1109/access.2024.3425166,10.1109/access.2024.3425166,,Papers/Review/2024 - A Comprehensive Review of Convolutional Neural Networks for Defect Detection in Industrial Applications.md
Papers/Review/2024 - A Systematic Review of Deep Learning Approaches for Surface Defect Detection in Industrial Applications,Papers,A Systematic Review of Deep Learning Approaches for Surface Defect Detection in Industrial Applications,A Systematic Review of Deep Learning Approaches for Surface Defect Detection in Industrial Applications,processed,2024,review,,doi:10.1007/s00521-021-06397-6,10.1007/s00521-021-06397-6,,Papers/Review/2024 - A Systematic Review of Deep Learning Approaches for Surface Defect Detection in Industrial Applications.md
Papers/Review/2024 - Deep Industrial Image Anomaly Detection A Survey,Papers,Deep Industrial Image Anomaly Detection: A Survey,Deep Industrial Image Anomaly Detection A Survey,processed,2024,review,,doi:10.1007/s11633-023-1459-z,10.1007/s11633-023-1459-z,https://doi.org/10.1007/s11633-023-1459-z,Papers/Review/2024 - Deep Industrial Image Anomaly Detection A Survey.md
Papers/Review/2024 - Process Monitoring and Machine Learning for Defect Detection in Laser-Based Metal Additive Manufacturing,Papers,Process Monitoring and Machine Learning for Defect Detection in Laser-Based Metal Additive Manufacturing,Process Monitoring and Machine Learning for Defect Detection in Laser-Based Metal Additive Manufacturing,processed,2024,review,,doi:10.1007/s10845-023-02119-y,10.1007/s10845-023-02119-y,,Papers/Review/2024 - Process Monitoring and Machine Learning for Defect Detection in Laser-Based Metal Additive Manufacturing.md
Papers/Review/2025 - Artificial Intelligence Driving Innovation in Textile Defect Detection,Papers,Artificial Intelligence Driving Innovation in Textile Defect Detection,Artificial Intelligence Driving Innovation in Textile Defect Detection,processed,2025,review,,doi:10.3390/textiles5020012,10.3390/textiles5020012,https://doi.org/10.3390/textiles5020012,Papers/Review/2025 - Artificial Intelligence Driving Innovation in Textile Defect Detection.md
Papers/Review/2025 - Synthetic Scientific Image Generation with VAE GAN and Diffusion Model Architectures,Papers,"Synthetic Scientific Image Generation with VAE, GAN, and Diffusion Model Architectures","Synthetic Scientific Image Generation with VAE, GAN, and Diffusion Model Architectures",processed,2025,review,,doi:10.3390/jimaging11080252,10.3390/jimaging11080252,https://doi.org/10.3390/jimaging11080252,Papers/Review/2025 - Synthetic Scientific Image Generation with VAE GAN and Diffusion Model Architectures.md
Papers/Review/2025 - YOLO Object Detection for Real-Time Fabric Defect Inspection in the Textile Industry,Papers,YOLO Object Detection for Real-Time Fabric Defect Inspection in the Textile Industry: A Review of YOLOv1 to YOLOv11,YOLO Object Detection for Real-Time Fabric Defect Inspection in the Textile Industry,processed,2025,review,,sha256:4587be58fa4ab25c895bae2358cc588e626b1cab9597fae65c2b42d69d4ea013,10.3390/s25072270,https://doi.org/10.3390/s25072270,Papers/Review/2025 - YOLO Object Detection for Real-Time Fabric Defect Inspection in the Textile Industry.md
Papers/Systems/2024 - Steel Surface Defect Detection Based on Denoising Diffusion Implicit Models with Data Augmentation,Papers,Steel Surface Defect Detection Based on Denoising Diffusion Implicit Models with Data Augmentation,,processed,2024,systems,,doi:10.1109/icispc63824.2024.00010,10.1109/icispc63824.2024.00010,https://doi.org/10.1109/icispc63824.2024.00010,Papers/Systems/2024 - Steel Surface Defect Detection Based on Denoising Diffusion Implicit Models with Data Augmentation.md
Papers/Systems/2025 - Workpiece Surface Defect Detection Based on YOLOv11 and Edge Computing,Papers,Workpiece Surface Defect Detection Based on YOLOv11 and Edge Computing,Workpiece Surface Defect Detection Based on YOLOv11 and Edge Computing,processed,2025,systems,,doi:10.1371/journal.pone.0327546,10.1371/journal.pone.0327546,https://doi.org/10.1371/journal.pone.0327546,Papers/Systems/2025 - Workpiece Surface Defect Detection Based on YOLOv11 and Edge Computing.md
Tasks/Additive manufacturing defect detection,Tasks,Additive manufacturing defect detection,Laser-based metal additive manufacturing defect detection | WAAM defect detection,,,,,,,,Tasks/Additive manufacturing defect detection.md
Tasks/Adhesive bead defect detection,Tasks,Adhesive bead defect detection,Structural adhesive defect detection | Adhesive inspection,,,,,,,,Tasks/Adhesive bead defect detection.md
Tasks/Aircraft glass canopy defect detection,Tasks,Aircraft glass canopy defect detection,Aircraft glass defect detection | Aircraft canopy glass defect detection,,,,,,,,Tasks/Aircraft glass canopy defect detection.md
Tasks/Automated fiber placement inspection,Tasks,Automated fiber placement inspection,AFP inspection,,,,,,,,Tasks/Automated fiber placement inspection.md
Tasks/Car damage detection,Tasks,Car damage detection,Vehicle damage detection | Vision-based car damage detection,,,,,,,,Tasks/Car damage detection.md
Tasks/Casting surface defect detection,Tasks,Casting surface defect detection,Casting defect detection,,,,,,,,Tasks/Casting surface defect detection.md
Tasks/Compositional generalization,Tasks,Compositional generalization,,,,,,,,,Tasks/Compositional generalization.md
Tasks/Cross-domain few-shot object detection,Tasks,Cross-domain few-shot object detection,CD-FSOD | cross-domain FSOD,,,,,,,,Tasks/Cross-domain few-shot object detection.md
Tasks/Defect classification,Tasks,Defect classification,,,,,,,,,Tasks/Defect classification.md
Tasks/Defect detection,Tasks,Defect detection,Surface defect detection task,,,,,,,,Tasks/Defect detection.md
Tasks/Defect segmentation,Tasks,Defect segmentation,Defect localization | Anomaly localization,,,,,,,,Tasks/Defect segmentation.md
Tasks/Disparity estimation,Tasks,Disparity estimation,,,,,,,,,Tasks/Disparity estimation.md
Tasks/Diverse glass surface defect detection,Tasks,Diverse glass surface defect detection,Glass surface defect detection | Diverse glass defect detection,,,,,,,,Tasks/Diverse glass surface defect detection.md
Tasks/Document recognition,Tasks,Document recognition,,,,,,,,,Tasks/Document recognition.md
Tasks/Gaze estimation,Tasks,Gaze estimation,,,,,,,,,Tasks/Gaze estimation.md
Tasks/Generative modeling,Tasks,Generative modeling,Generative model learning,,,,,,,,Tasks/Generative modeling.md
Tasks/Glass bangle defect classification,Tasks,Glass bangle defect classification,Glass bangle inspection | Bangle defect classification,,,,,,,,Tasks/Glass bangle defect classification.md
Tasks/Glass container defect detection,Tasks,Glass container defect detection,Glass container quality control | Transparent material inspection,,,,,,,,Tasks/Glass container defect detection.md
Tasks/Hand pose estimation,Tasks,Hand pose estimation,,,,,,,,,Tasks/Hand pose estimation.md
Tasks/Handwritten digit recognition,Tasks,Handwritten digit recognition,,,,,,,,,Tasks/Handwritten digit recognition.md
Tasks/Image classification,Tasks,Image classification,,,,,,,,,Tasks/Image classification.md
Tasks/Image-to-image translation,Tasks,Image-to-image translation,I2I translation,,,,,,,,Tasks/Image-to-image translation.md
Tasks/Industrial anomaly detection,Tasks,Industrial anomaly detection,Industrial anomaly detection,,,,,,,,Tasks/Industrial anomaly detection.md
Tasks/Industrial object recognition,Tasks,Industrial object recognition,,,,,,,,,Tasks/Industrial object recognition.md
Tasks/Laminated glass defect detection,Tasks,Laminated glass defect detection,Laminated glass inspection,,,,,,,,Tasks/Laminated glass defect detection.md
Tasks/Language understanding,Tasks,Language understanding,natural language understanding | NLU,,,,,,,,Tasks/Language understanding.md
Tasks/Machine translation,Tasks,Machine translation,neural machine translation,,,,,,,,Tasks/Machine translation.md
Tasks/Manufacturing failure prediction,Tasks,Manufacturing failure prediction,production-line failure prediction | assembly-line failure prediction | manufacturing fault prediction,,,,,,,,Tasks/Manufacturing failure prediction.md
Tasks/Marker decoding,Tasks,Marker decoding,,,,,,,,,Tasks/Marker decoding.md
Tasks/Metallic surface defect detection,Tasks,Metallic surface defect detection,,,,,,,,,Tasks/Metallic surface defect detection.md
Tasks/Object detection,Tasks,Object detection,,,,,,,,,Tasks/Object detection.md
Tasks/Optical character recognition,Tasks,Optical character recognition,OCR,,,,,,,,Tasks/Optical character recognition.md
Tasks/Optical flow estimation,Tasks,Optical flow estimation,,,,,,,,,Tasks/Optical flow estimation.md
Tasks/Optical glass defect detection,Tasks,Optical glass defect detection,Optical glass inspection,,,,,,,,Tasks/Optical glass defect detection.md
Tasks/PCB defect classification,Tasks,PCB defect classification,,,,,,,,,Tasks/PCB defect classification.md
Tasks/PCB defect detection,Tasks,PCB defect detection,printed circuit board defect detection,,,,,,,,Tasks/PCB defect detection.md
Tasks/Perovskite solar cell device simulation,Tasks,Perovskite solar cell device simulation,,,,,,,,,Tasks/Perovskite solar cell device simulation.md
Tasks/Pharmaceutical bag sealing defect detection,Tasks,Pharmaceutical bag sealing defect detection,Sealing defect detection in pharmaceutical bags,,,,,,,,Tasks/Pharmaceutical bag sealing defect detection.md
Tasks/Pre-post diagnostic assessment,Tasks,Pre-post diagnostic assessment,pre/post diagnostic assessment | pre-test post-test assessment,,,,,,,,Tasks/Pre-post diagnostic assessment.md
Tasks/PV module current-voltage curve prediction,Tasks,PV module current-voltage curve prediction,I-V curve prediction from EL images | PV module I-V curve prediction | photovoltaic module characterization from electroluminescence,,,,,,,,Tasks/PV module current-voltage curve prediction.md
Tasks/PV panel fault detection,Tasks,PV panel fault detection,photovoltaic panel fault detection | PV fault detection | UAV thermal PV fault detection,,,,,,,,Tasks/PV panel fault detection.md
Tasks/Question answering,Tasks,Question answering,,,,,,,,,Tasks/Question answering.md
Tasks/Robotic object localization,Tasks,Robotic object localization,,,,,,,,,Tasks/Robotic object localization.md
Tasks/Salient object detection,Tasks,Salient object detection,SOD,,,,,,,,Tasks/Salient object detection.md
Tasks/Scene flow estimation,Tasks,Scene flow estimation,,,,,,,,,Tasks/Scene flow estimation.md
Tasks/Scientific image generation,Tasks,Scientific image generation,scientific image synthesis | scientific image generation,,,,,,,,Tasks/Scientific image generation.md
Tasks/Semiconductor wafer dicing fault classification,Tasks,Semiconductor wafer dicing fault classification,wafer dicing fault classification | chip dicing fault classification,,,,,,,,Tasks/Semiconductor wafer dicing fault classification.md
Tasks/Sequence-to-sequence learning,Tasks,Sequence-to-sequence learning,sequence transduction,,,,,,,,Tasks/Sequence-to-sequence learning.md
Tasks/Small-sample defect classification,Tasks,Small-sample defect classification,few-sample defect classification,,,,,,,,Tasks/Small-sample defect classification.md
Tasks/Smartphone screen glass defect detection,Tasks,Smartphone screen glass defect detection,Touch screen glass defect detection | Screen glass defect detection,,,,,,,,Tasks/Smartphone screen glass defect detection.md
Tasks/Solar cell defect detection,Tasks,Solar cell defect detection,Photovoltaic defect detection | PV panel defect detection,,,,,,,,Tasks/Solar cell defect detection.md
Tasks/Solar module anomaly classification,Tasks,Solar module anomaly classification,infrared solar module anomaly detection | solar PV anomaly classification | thermal solar module anomaly classification,,,,,,,,Tasks/Solar module anomaly classification.md
Tasks/Solar panel classification,Tasks,Solar panel classification,PV system classification | solar PV classification,,,,,,,,Tasks/Solar panel classification.md
Tasks/Solar panel localization,Tasks,Solar panel localization,PV system localization | solar PV localization | solar panel segmentation,,,,,,,,Tasks/Solar panel localization.md
Tasks/Stochastic optimization,Tasks,Stochastic optimization,,,,,,,,,Tasks/Stochastic optimization.md
Tasks/Textile defect detection,Tasks,Textile defect detection,fabric defect detection,,,,,,,,Tasks/Textile defect detection.md
Tasks/Urban semantic segmentation,Tasks,Urban semantic segmentation,,,,,,,,,Tasks/Urban semantic segmentation.md
Tasks/Wafer map defect classification,Tasks,Wafer map defect classification,wafer map failure pattern recognition | wafer defect pattern recognition,,,,,,,,Tasks/Wafer map defect classification.md
Tasks/Wafer map similarity ranking,Tasks,Wafer map similarity ranking,,,,,,,,,Tasks/Wafer map similarity ranking.md
Tasks/Wear forecasting,Tasks,Wear forecasting,wear prognostics | failure prognostics,,,,,,,,Tasks/Wear forecasting.md
Tasks/Weld defect detection,Tasks,Weld defect detection,Weld defect detection,,,,,,,,Tasks/Weld defect detection.md
Tasks/Welding gun fault prediction,Tasks,Welding gun fault prediction,RSW gun fault prediction | Resistance spot welding gun fault prediction,,,,,,,,Tasks/Welding gun fault prediction.md
Tasks/Workpiece surface defect detection,Tasks,Workpiece surface defect detection,Workpiece surface defect detection,,,,,,,,Tasks/Workpiece surface defect detection.md
