paper_id,title,year,paper_type,venue,authors,doi,arxiv,url,status,datasets,public_datasets,manufacturing_dataset_candidates,methods,tasks,domains,metrics,synthesis_candidate,candidate_match_location,synthesis_families,source_note
sha256:01f65f1d75a4b6522335c0417886d64ee517acda2d4fc0934aa0142919b56f55,TILDA Reference Dataset Report,1996,other,Interner Bericht 4/96,Hanns Schulz-Mirbach,,,https://lmb.informatik.uni-freiburg.de/resources/datasets/tilda.en.html,processed,TILDA,TILDA,TILDA,Reference dataset construction,Textile defect detection,Textile and fiber inspection,,no,none,,Papers/Other/1996 - TILDA Reference Dataset Report.md
doi:10.1109/5.726791,Gradient-Based Learning Applied to Document Recognition,1998,research,Proceedings of the IEEE,Yann LeCun | Leon Bottou | Yoshua Bengio | Patrick Haffner,10.1109/5.726791,,http://www.research.att.com/~yann/ocr/mnist,processed,MNIST,MNIST,,LeNet-5 | Deep convolutional neural network | Graph transformer network,Handwritten digit recognition | Document recognition | Optical character recognition,Document analysis,Error rate,no,none,,Papers/Research/1998 - Gradient-Based Learning Applied to Document Recognition.md
hake1998interactive,Interactive-engagement versus traditional methods: A six-thousand-student survey of mechanics test data for introductory physics courses,1998,other,American Journal of Physics,Richard R. Hake,10.1119/1.18809,,http://dx.doi.org/10.1119/1.18809,processed,62 introductory mechanics courses,,,Interactive engagement,Pre-post diagnostic assessment,physics education,Normalized gain,no,note body,,Papers/Other/1998 - Interactive-engagement versus Traditional Methods.md
sha256:3ad0f6182280e8c0f763527be85d41bce08f6e4d1de3f8c674098f0de31138ce,Random Forests,2001,research,Machine Learning,Leo Breiman,,,,processed,UCI classification benchmarks,,,Random forest | Decision tree | Out-of-bag estimation,Defect classification,,Error rate | Mean Squared Error,no,note body,,Papers/Research/2001 - Random Forests.md
sha256:810398ec32975a2bc86f9e06a1e639967c540a49de1e4774f63c1e862a7fe0bb,Best Practices for Convolutional Neural Networks Applied to Visual Document Analysis,2003,research,ICDAR 2003,Patrice Y. Simard | Dave Steinkraus | John C. Platt,,,,processed,MNIST,MNIST,,Deep convolutional neural network | Elastic distortion augmentation,Handwritten digit recognition | Document recognition,Document analysis,Error rate,no,none,,Papers/Research/2003 - Best Practices for Convolutional Neural Networks Applied to Visual Document Analysis.md
marx2007normalized,Normalized change,2007,other,American Journal of Physics,Jeffrey D. Marx | Karen Cummings,10.1119/1.2372468,,http://dx.doi.org/10.1119/1.2372468,processed,,,,Normalized change,Pre-post diagnostic assessment,physics education,Normalized change,no,note body,,Papers/Other/2007 - Normalized Change.md
sha256:01828060a9391e2dcf9162f58d23552135344327e64cf15437d445093c46d119,Non-parametric texture defect detection using Weibull features,2011,research,"Proceedings of SPIE, Image Processing: Machine Vision Applications IV, volume 7877",Fabian Timm | Erhardt Barth,,,,processed,DAGM2007,DAGM2007,DAGM2007,Weibull texture features | median-distance novelty detection,Surface defect detection | Defect classification,Multi-industry anomaly detection,Error rate | AU-ROC,yes,note body,other generative synthesis,Papers/Research/2011 - Non-parametric Texture Defect Detection Using Weibull Features.md
doi:10.1016/j.apsusc.2013.09.002,A noise robust method based on completed local binary patterns for hot-rolled steel strip surface defects,2013,dataset,Applied Surface Science,Kechen Song | Yunhui Yan,10.1016/j.apsusc.2013.09.002,,https://doi.org/10.1016/j.apsusc.2013.09.002,processed,NEU-CLS,Northeastern University (NEU) surface defect database,Northeastern University (NEU) surface defect database,Adjacent evaluation completed local binary patterns | Feature extraction,Defect classification | Metallic surface defect detection,Metal inspection,Accuracy,no,none,,Papers/Dataset/2013 - A Noise Robust Method Based on Completed Local Binary Patterns for Hot-Rolled Steel Strip Surface Defects.md
arxiv:1406.2661,Generative Adversarial Nets,2014,research,arXiv stat.ML,Ian J. Goodfellow | Jean Pouget-Abadie | Mehdi Mirza | Bing Xu | David Warde-Farley | Sherjil Ozair | Aaron Courville | Yoshua Bengio,10.48550/arXiv.1406.2661,1406.2661,https://arxiv.org/abs/1406.2661,processed,MNIST | Toronto Face Database | CIFAR-10,MNIST,,GAN | Learned generative synthesis,Generative modeling,,Parzen window log-likelihood,no,structured metadata,,Papers/Research/2014 - Generative Adversarial Nets.md
arxiv:1412.6980,Adam: A Method for Stochastic Optimization,2015,research,ICLR 2015,Diederik P. Kingma | Jimmy Lei Ba,,1412.6980,https://arxiv.org/abs/1412.6980,processed,MNIST | IMDB movie reviews | CIFAR-10,MNIST,,Adam | AdaGrad | RMSProp | AdaMax | Stochastic gradient descent,Stochastic optimization,,Error rate | Mean Squared Error,no,none,,Papers/Research/2015 - Adam A Method for Stochastic Optimization.md
sha256:29131f03cd4688d25283b805c91f801948f2a93187c6f058512d84c3b672ba54,Deep Unsupervised Learning using Nonequilibrium Thermodynamics,2015,research,International Conference on Machine Learning,Jascha Sohl-Dickstein | Eric A. Weiss | Niru Maheswaranathan | Surya Ganguli,10.48550/arxiv.1503.03585,1503.03585,http://arxiv.org/abs/1503.03585,processed,Swiss roll | Binary heartbeat | MNIST | CIFAR-10 | Bark texture images | Dead leaves,MNIST,,Diffusion models | Learned generative synthesis,Generative modeling,,Log likelihood | Parzen window log-likelihood,no,structured metadata,,Papers/Research/2015 - Deep Unsupervised Learning using Nonequilibrium Thermodynamics.md
doi:10.1109/tsm.2014.2364237,Wafer Map Failure Pattern Recognition and Similarity Ranking for Large-Scale Data Sets,2015,dataset,IEEE Transactions on Semiconductor Manufacturing,Ming-Ju Wu | Jyh-Shing R. Jang | Jui-Long Chen,10.1109/TSM.2014.2364237,,https://doi.org/10.1109/TSM.2014.2364237,processed,WM-811K,WM-811K,WM-811K,Rotation and scale invariant wafer map features,Wafer map defect classification | Wafer map similarity ranking,Semiconductor and electronics,Accuracy,yes,note body,other generative synthesis,Papers/Dataset/2015 - Wafer Map Failure Pattern Recognition and Similarity Ranking for Large-Scale Data Sets.md
arxiv:1002.18000,"A Large Dataset to Train Convolutional Networks for Disparity, Optical Flow, and Scene Flow Estimation",2016,dataset,CVPR 2016,Nikolaus Mayer | Eddy Ilg | Philip Hausser | Philipp Fischer | Daniel Cremers | Alexey Dosovitskiy | Thomas Brox,,1002.18000,http://lmb.informatik.uni-freiburg.de/resources/datasets/,processed,FlyingThings3D | Monkaa | Driving synthetic scene flow dataset,Driving synthetic scene flow dataset | FlyingThings3D | Monkaa,,Synthetic data generation | Procedural and simulation-based synthesis | DispNet | SceneFlowNet,Scene flow estimation | Optical flow estimation | Disparity estimation,General computer vision,Endpoint error | D1-all,no,structured metadata,,Papers/Dataset/2016 - A Large Dataset to Train Convolutional Networks for Disparity Optical Flow and Scene Flow Estimation.md
arxiv:2250.01000,Deep Residual Learning for Image Recognition,2016,research,CVPR 2016,Kaiming He | Xiangyu Zhang | Shaoqing Ren | Jian Sun,,,,processed,ImageNet | CIFAR-10 | COCO,COCO | ImageNet,,Residual network | Stochastic gradient descent,Image classification | Object detection,,Top-1 error | Top-5 error,no,none,,Papers/Research/2016 - Deep Residual Learning for Image Recognition.md
doi:10.1109/bigdata.2016.7840832,Predict Failures in Production Lines: A Two-stage Approach with Clustering and Supervised Learning,2016,research,2016 IEEE International Conference on Big Data,Darui Zhang | Bin Xu | Jasmine Wood,10.1109/bigdata.2016.7840832,,https://doi.org/10.1109/bigdata.2016.7840832,processed,Bosch Production Line Performance,Bosch Production Line Performance,Bosch Production Line Performance,Principal Component Analysis | K-means clustering | Random forest | Classical ML,Manufacturing failure prediction,Multi-industry anomaly detection,Matthews correlation coefficient | AU-ROC,no,none,,Papers/Research/2016 - Predict Failures in Production Lines A Two-stage Approach with Clustering and Supervised Learning.md
arxiv:4748.68000,The SYNTHIA Dataset: A Large Collection of Synthetic Images for Semantic Segmentation of Urban Scenes,2016,dataset,CVPR 2016,German Ros | Laura Sellart | Joanna Materzynska | David Vazquez | Antonio M. Lopez,,,http://adas.cvc.uab.es/synthia,processed,SYNTHIA | KITTI | CamVid | Urban LabelMe | CBCL StreetScenes,SYNTHIA,,Synthetic data generation | Procedural and simulation-based synthesis | Deep convolutional neural network,Urban semantic segmentation,Autonomous driving,Per-class accuracy | Global accuracy,no,structured metadata,,Papers/Dataset/2016 - The SYNTHIA Dataset A Large Collection of Synthetic Images for Semantic Segmentation of Urban Scenes.md
arxiv:1222.20000,Attention Is All You Need,2017,research,NeurIPS 2017,Ashish Vaswani | Noam Shazeer | Niki Parmar | Jakob Uszkoreit | Llion Jones | Aidan N. Gomez | Lukasz Kaiser | Illia Polosukhin,,,,processed,WMT 2014 English-German | WMT 2014 English-French,,,Transformer | Self-attention | Multi-head attention | Positional encoding | Adam,Machine translation | Sequence-to-sequence learning,,BLEU,no,note body,,Papers/Research/2017 - Attention Is All You Need.md
sha256:a4fdac3d13d95201c141f138e812f197984cf2b96ac86ea1a08c2df753e4d6ce,Domain Randomization for Transferring Deep Neural Networks from Simulation to the Real World,2017,research,IROS 2017,Josh Tobin | Rachel Fong | Alex Ray | Jonas Schneider | Wojciech Zaremba | Pieter Abbeel,,,,processed,Tobin geometric object localization dataset,,,Domain randomization | Procedural and simulation-based synthesis | Deep convolutional neural network,Robotic object localization,Robotic manipulation,Mean localization error | Grasp success rate,no,structured metadata,,Papers/Research/2017 - Domain Randomization for Transferring Deep Neural Networks from Simulation to the Real World.md
arxiv:1024.02000,Learning from Simulated and Unsupervised Images through Adversarial Training,2017,research,CVPR 2017,Ashish Shrivastava | Tomas Pfister | Oncel Tuzel | Josh Susskind | Wenda Wang | Russ Webb,,,,processed,UnityEyes | MPIIGaze | NYU hand pose dataset,,,SimGAN | Hybrid generative-procedural synthesis | GAN | Synthetic data generation,Gaze estimation | Hand pose estimation,Human-computer interaction,Gaze estimation error | Hand pose threshold accuracy,no,structured metadata,,Papers/Research/2017 - Learning from Simulated and Unsupervised Images through Adversarial Training.md
arxiv:2863.01000,Unpaired Image-to-Image Translation using Cycle-Consistent Adversarial Networks,2017,research,ICCV 2017,Jun-Yan Zhu | Taesung Park | Phillip Isola | Alexei A. Efros,,1703.10593,https://arxiv.org/abs/1703.10593,processed,Cityscapes,,,CycleGAN | GAN | Learned generative synthesis,Image-to-image translation,General computer vision,IoU | Accuracy,no,structured metadata,,Papers/Research/2017 - Unpaired Image-to-Image Translation using Cycle-Consistent Adversarial Networks.md
arxiv:1705.03122,Generalization without Systematicity: On the Compositional Skills of Sequence-to-Sequence Recurrent Networks,2018,research,ICML 2018,Brenden Lake | Marco Baroni,,1705.03122,https://github.com/brendenlake/SCAN,processed,SCAN,SCAN,,Sequence-to-sequence recurrent network,Compositional generalization,Natural language processing,Exact-match accuracy,no,note body,,Papers/Research/2018 - Generalization without Systematicity On the Compositional Skills of Sequence-to-Sequence Recurrent Networks.md
arxiv:1805.11778,Object Detection using Domain Randomization and Generative Adversarial Refinement of Synthetic Images,2018,research,arXiv preprint,Fernando Camaro Nogues | Andrew Huie | Sakyasingha Dasgupta,,1805.11778,https://arxiv.org/abs/1805.11778,processed,Industrial electric parts synthetic dataset,,,Domain randomization | CycleGAN | Hybrid generative-procedural synthesis | Synthetic data generation,Object detection,Semiconductor and electronics,mAP,no,structured metadata,,Papers/Research/2018 - Object Detection using Domain Randomization and Generative Adversarial Refinement of Synthetic Images.md
doi:10.3389/frobt.2018.00066,RenderGAN: Generating Realistic Labeled Data,2018,research,Frontiers in Robotics and AI,Leon Sixt | Benjamin Wild | Tim Landgraf,10.3389/frobt.2018.00066,,https://doi.org/10.3389/frobt.2018.00066,processed,BeesBook marker dataset,,,RenderGAN | Hybrid generative-procedural synthesis | GAN | Synthetic data generation,Marker decoding,Animal tracking,Mean Hamming distance,no,structured metadata,,Papers/Research/2018 - RenderGAN Generating Realistic Labeled Data.md
sha256:ca6ab579854a235332f5691b8271953d9a13f88ba596d5a387c91da3332ac2cf,Training Deep Networks with Synthetic Data: Bridging the Reality Gap by Domain Randomization,2018,research,CVPR 2018,Jonathan Tremblay | Aayush Prakash | David Acuna | Mark Brophy | Varun Jampani | Cem Anil | Thang To | Eric Cameracci | Shaad Boochoon | Stan Birchfield,,,,processed,Domain-randomized KITTI car detection synthetic dataset | KITTI,,,Domain randomization | Synthetic data generation | Faster R-CNN | Single Shot MultiBox Detector,Object detection,Autonomous driving,mAP@0.50 | Average precision,no,structured metadata,,Papers/Research/2018 - Training Deep Networks with Synthetic Data Bridging the Reality Gap by Domain Randomization.md
sha256:dd562ebbe12ad3676e28b5c81e82237a67cd8ff3bf57494fb9388d9b0e6f1d70,A Public Fabric Database for Defect Detection Methods and Results,2019,dataset,AUTEX Research Journal,Javier Silvestre-Blanes | Teresa Albero-Albero | Ignacio Miralles | Ruben Perez-Llorens | Jorge Moreno,10.2478/aut-2019-0035,,https://doi.org/10.2478/aut-2019-0035,processed,AITEX,AITEX,AITEX,Gabor filters,Textile defect detection | Defect classification,Textile and fiber inspection,Detection success rate | Detection rate | Specificity | False alarm rate,yes,note body,other generative synthesis,Papers/Dataset/2019 - A Public Fabric Database for Defect Detection Methods and Results.md
doi:10.18653/v1/s17-2001,BERT: Pre-training of Deep Bidirectional Transformers for Language Understanding,2019,research,,Jacob Devlin | Ming-Wei Chang | Kenton Lee | Kristina Toutanova,,1810.04805,https://arxiv.org/abs/1810.04805,processed,GLUE | SQuAD v1.1 | SQuAD v2.0 | SWAG,,,BERT | Transformer | Masked language modeling | Next sentence prediction,Language understanding | Question answering,,Accuracy | F1-score | Exact match,no,none,,Papers/Research/2019 - BERT Pre-training of Deep Bidirectional Transformers for Language Understanding.md
doi:10.1109/ent47717.2019.9030550,Classification of Wafer Maps Defect Based on Deep Learning Methods With Small Amount of Data,2019,research,IEEE conference paper,Kudrov Maksim | Bukharov Kirill | Zakharov Eduard | Grishin Nikita | Bazzaev Aleksandr | Lozhkina Arina | Semenkin Vladislav | Makhotkin Daniil | Krivoshein Nikolay,10.1109/ent47717.2019.9030550,,https://doi.org/10.1109/ent47717.2019.9030550,processed,WM-811K,WM-811K,WM-811K,Deep convolutional neural network | Parametric wafer map synthesis,Wafer map defect classification,Semiconductor and electronics,Accuracy | Precision | Recall | F1-score,yes,structured metadata,other generative synthesis,Papers/Research/2019 - Classification of Wafer Maps Defect Based on Deep Learning Methods With Small Amount of Data.md
sha256:0ccaa125d5cbfb8845ef22c1a2811275d98554ed37e64b5d819341181484fb96,Online PCB Defect Detector on a New PCB Defect Dataset,2019,dataset,,Sanli Tang | Fan He | Xiaolin Huang | Jie Yang,,1902.06197,https://arxiv.org/abs/1902.06197,processed,DeepPCB,DeepPCB,DeepPCB,Group pyramid pooling,PCB defect detection | PCB defect classification,Semiconductor and electronics,mAP | FPS | Precision | Recall | F1-score,no,none,,Papers/Dataset/2019 - Online PCB Defect Detector on a New PCB Defect Dataset.md
sha256:b074dfc56bd6f325dd96157fca19476502f3030b0dcaf2881f6c2badbba4d872,Structured Domain Randomization: Bridging the Reality Gap by Context-Aware Synthetic Data,2019,research,ICRA 2019,Aayush Prakash | Eric Cameracci | Shaad Boochoon | Gavriel State | Mark Brophy | Omer Shapira | David Acuna | Stan Birchfield,,,,processed,SDR synthetic vehicle dataset | KITTI,,,Structured domain randomization | Domain randomization | Procedural and simulation-based synthesis | Faster R-CNN,Object detection,Autonomous driving,AP@0.7 IoU,no,structured metadata,,Papers/Research/2019 - Structured Domain Randomization Bridging the Reality Gap by Context-Aware Synthetic Data.md
doi:10.1109/tsm.2020.3013004,A Light-Weight Neural Network for Wafer Map Classification Based on Data Augmentation,2020,research,IEEE Transactions on Semiconductor Manufacturing,Tsung-Han Tsai | Yu-Chen Lee,10.1109/TSM.2020.3013004,,https://doi.org/10.1109/TSM.2020.3013004,processed,WM-811K | Taiwan company 21-defect wafer map dataset,WM-811K,WM-811K,MobileNet | Depthwise separable convolution | Autoencoder-decoder data augmentation,Wafer map defect classification,Semiconductor and electronics,Accuracy | F1-score | FPS | G-mean,yes,note body,other generative synthesis,Papers/Research/2020 - A Light-Weight Neural Network for Wafer Map Classification Based on Data Augmentation.md
doi:10.1109/tim.2019.2915404,An End-to-End Steel Surface Defect Detection Approach via Fusing Multiple Hierarchical Features,2020,dataset,IEEE Transactions on Instrumentation and Measurement,Yu He | Kechen Song | Qinggang Meng | Yunhui Yan,10.1109/TIM.2019.2915404,,https://doi.org/10.1109/TIM.2019.2915404,processed,NEU-CLS | NEU-DET | ImageNet,ImageNet | NEU-DET | Northeastern University (NEU) surface defect database,NEU-DET | Northeastern University (NEU) surface defect database,Defect Detection Network | Multilevel feature fusion network | Faster R-CNN | ResNet50,Metallic surface defect detection | Object detection,Metal inspection,mAP | Average precision | Recall | FPS,no,none,,Papers/Dataset/2020 - An End-to-End Steel Surface Defect Detection Approach via Fusing Multiple Hierarchical Features.md
sha256:330bf36b67008058389ec82b0a477610a9e1197bf87d1048a76870430e091ba6,Deep Metallic Surface Defect Detection: The New Benchmark and Detection Network,2020,dataset,Sensors,Xiaoming Lv | Fajie Duan | Jia-jia Jiang | Xiao Fu | Lin Gan,,,https://doi.org/10.3390/s20061562,processed,GC10-DET | NEU-DET,GC10-DET | NEU-DET,GC10-DET | NEU-DET,EDDN | Single Shot MultiBox Detector | Hard negative mining | Data augmentation,Metallic surface defect detection,Metal inspection,Recall | Average precision | mAP | Inference time,yes,note body,procedural synthesis,Papers/Dataset/2020 - Deep Metallic Surface Defect Detection The New Benchmark and Detection Network.md
doi:10.1109/tase.2020.2967415,Defect Image Sample Generation With GAN for Improving Defect Recognition,2020,research,IEEE Transactions on Automation Science and Engineering,Shuanlong Niu | Bin Li | Xinggang Wang | Hui Lin,10.1109/tase.2020.2967415,,https://doi.org/10.1109/TASE.2020.2967415,processed,Commutator Cylinder Surface Defect Dataset,,,SDGAN | GAN | Data augmentation,Defect classification | Surface defect detection,Multi-industry anomaly detection,FID | Error rate | Relative improvement,no,structured metadata,,Papers/Research/2020 - Defect Image Sample Generation With GAN for Improving Defect Recognition.md
doi:10.1109/tsm.2020.3020985,Deformable Convolutional Networks for Efficient Mixed-Type Wafer Defect Pattern Recognition,2020,research,IEEE Transactions on Semiconductor Manufacturing,Junliang Wang | Chuqiao Xu | Zhengliang Yang | Jie Zhang | Xiaoou Li,10.1109/tsm.2020.3020985,,https://doi.org/10.1109/TSM.2020.3020985,processed,MixedWM38,MixedWM38,MixedWM38,DC-Net | Deformable convolution | One-hot multi-label wafer defect decoding,Wafer map defect classification,Semiconductor and electronics,Accuracy | Precision | Recall,yes,note body,simulation,Papers/Research/2020 - Deformable Convolutional Networks for Efficient Mixed-Type Wafer Defect Pattern Recognition.md
sha256:cb471d4c0063cad56f8d74b6a72fa7dad1677f8423a0a81349487a63bb58d3de,Denoising Diffusion Probabilistic Models,2020,research,NeurIPS 2020,Jonathan Ho | Ajay Jain | Pieter Abbeel,10.48550/arxiv.2006.11239,2006.11239,http://arxiv.org/abs/2006.11239,processed,CIFAR-10 | CelebA-HQ 256x256 | LSUN Church 256x256 | LSUN Bedroom 256x256,,,Diffusion models | Learned generative synthesis,Generative modeling,,FID | Inception Score | Bits per dimension,no,structured metadata,,Papers/Research/2020 - Denoising Diffusion Probabilistic Models.md
doi:10.1049/joe.2019.1183,HRIPCB: a Challenging Dataset for PCB Defects Detection and Classification,2020,dataset,The Journal of Engineering,Weibo Huang | Peng Wei | Manhua Zhang | Hong Liu,10.1049/joe.2019.1183,1901.08204,https://doi.org/10.1049/joe.2019.1183,processed,HRIPCB,HRIPCB,HRIPCB,Reference-based PCB inspection | RBCNN,PCB defect detection | PCB defect classification,Semiconductor and electronics,Average classification precision | Defect detection error rate | Inference time,no,none,,Papers/Dataset/2020 - HRIPCB a Challenging Dataset for PCB Defects Detection and Classification.md
sha256:3ef9bb50acd5bfdf44ae18f850572b4c60608582a3f2ce7eb3863c330d093402,Infrared Solar Module Dataset for Anomaly Detection,2020,dataset,ICLR 2020 AI for Earth Sciences Workshop,Matthew Millendorf | Edward Obropta | Nikhil Vadhavkar,,,,processed,InfraredSolarModules,InfraredSolarModules,InfraredSolarModules,Infrared thermography,Solar module anomaly classification,Solar cells and photovoltaic,Accuracy,no,none,,Papers/Dataset/2020 - Infrared Solar Module Dataset for Anomaly Detection.md
doi:10.1109/tii.2019.2958826,PGA-Net: Pyramid Feature Fusion and Global Context Attention Network for Automated Surface Defect Detection,2020,research,IEEE Transactions on Industrial Informatics,Hongwen Dong | Kechen Song | Yu He | Jing Xu | Yunhui Yan | Qinggang Meng,10.1109/tii.2019.2958826,,https://doi.org/10.1109/TII.2019.2958826,processed,NEU-SEG | DAGM2007 | Magnetic Tile Defects,DAGM2007 | Magnetic Tile Defects | NEU-SEG,DAGM2007 | Magnetic Tile Defects | NEU-SEG,PGA-Net | VGG-16 | Segmentation Models,Defect segmentation | Metallic surface defect detection,Metal inspection,mIoU | Mean pixel accuracy | FPS,no,none,,Papers/Research/2020 - PGA-Net Pyramid Feature Fusion and Global Context Attention Network for Automated Surface Defect Detection.md
doi:10.1007/s10845-019-01476-x,Segmentation-Based Deep-Learning Approach for Surface-Defect Detection,2020,dataset,Journal of Intelligent Manufacturing,Domen Tabernik | Samo Sela | Jure Skvarc | Danijel Skocaj,10.1007/s10845-019-01476-x,,https://doi.org/10.1007/s10845-019-01476-x,processed,KolektorSDD,KolektorSDD,KolektorSDD,Segmentation-decision network | Deep convolutional neural network,Defect classification | Defect segmentation,Metal inspection,Average precision | F-measure | Precision | Recall,yes,note body,other generative synthesis,Papers/Dataset/2020 - Segmentation-Based Deep-Learning Approach for Surface-Defect Detection.md
doi:10.1109/tsm.2020.3038165,Self-Supervised Representation Learning for Wafer Bin Map Defect Pattern Classification,2020,research,IEEE Transactions on Semiconductor Manufacturing,Hyungu Kahng | Seoung Bum Kim,10.1109/TSM.2020.3038165,,https://doi.org/10.1109/TSM.2020.3038165,processed,WM-811K,WM-811K,WM-811K,WaPIRL | Self-supervised learning,Wafer map defect classification,Semiconductor and electronics,Accuracy | F1-score | AU-PR,no,none,,Papers/Research/2020 - Self-Supervised Representation Learning for Wafer Bin Map Defect Pattern Classification.md
doi:10.1007/s00371-018-1588-5,Surface Defect Saliency of Magnetic Tile,2020,dataset,The Visual Computer,Yibin Huang | Congying Qiu | Kui Yuan,10.1007/s00371-018-1588-5,,https://doi.org/10.1007/s00371-018-1588-5,processed,Magnetic Tile Defects,Magnetic Tile Defects,Magnetic Tile Defects,MCuePush U-Net | U-Net,Defect segmentation | Metallic surface defect detection,Metal inspection,Precision | Recall | F-measure | AU-ROC | Mean Absolute Error,yes,note body,other generative synthesis,Papers/Dataset/2020 - Surface Defect Saliency of Magnetic Tile.md
sha256:e6d97def995c62d0b1f55a748532dc460faeb718f73f36f24325368063932a24,Using GAN to Improve CNN Performance of Wafer Map Defect Type Classification: Yield Enhancement,2020,research,31st Annual SEMI Advanced Semiconductor Manufacturing Conference,YongSung Ji | Jee-Hyong Lee,10.1109/ASMC49169.2020.9185193,,https://doi.org/10.1109/ASMC49169.2020.9185193,processed,WM-811K,WM-811K,WM-811K,DCGAN wafer map augmentation | GAN | Data augmentation,Wafer map defect classification | Defect classification,Semiconductor and electronics,Accuracy,yes,structured metadata,GAN-based generation,Papers/Research/2020 - Using GAN to Improve CNN Performance of Wafer Map Defect Type Classification.md
doi:10.1109/access.2020.3024554,Weakly-Supervised Defect Segmentation on Periodic Textures Using CycleGAN,2020,research,IEEE Access,Minsu Kim | Hoon Jo | Moonsoo Ra | Whoi-Yul Kim,10.1109/access.2020.3024554,2020.30245,https://doi.org/10.1109/ACCESS.2020.3024554,processed,private SEM semiconductor periodic-texture defect dataset | TILDA,TILDA,TILDA,CycleGAN | DCGAN | GAN | Data augmentation | Synthetic data generation | PatchMatch | PSGAN,Defect segmentation | Industrial anomaly detection,Semiconductor and electronics | Textile and fiber inspection,IoU | mIoU,yes,structured metadata,GAN-based generation,Papers/Research/2020 - Weakly-Supervised Defect Segmentation on Periodic Textures Using CycleGAN.md
sha256:a23ad9f7051c2d33737c3d6b5fa881a9ca9430f3ad3901716d352445970e82d4,"Comprehensive Device Modelling and Performance Analysis of MASnI3 Based Perovskite Solar Cells with Diverse ETM, HTM and Back Metal Contacts",2021,research,Solar Energy,K. Deepthi Jayan | Varkey Sebastian,10.1016/j.solener.2021.01.058,,https://doi.org/10.1016/j.solener.2021.01.058,processed,,,,SCAPS 1D,Perovskite solar cell device simulation,Solar cells and photovoltaic,Power conversion efficiency | Fill factor | Short-circuit current density | Open-circuit voltage | Quantum efficiency,no,structured metadata,,Papers/Research/2021 - Comprehensive Device Modelling and Performance Analysis of MASnI3 Based Perovskite Solar Cells.md
arxiv:2104.04015,CutPaste: Self-Supervised Learning for Anomaly Detection and Localization,2021,research,arXiv,Chun-Liang Li | Kihyuk Sohn | Jinsung Yoon | Tomas Pfister,,2104.04015,https://arxiv.org/abs/2104.04015,processed,MVTec AD,MVTec AD,MVTec AD,Data augmentation | Defect synthesis | Synthetic data generation,Industrial anomaly detection | Defect segmentation,Multi-industry anomaly detection,AU-ROC,yes,structured metadata,rule-based insertion,Papers/Research/2021 - CutPaste Self-Supervised Learning for Anomaly Detection and Localization.md
doi:10.1109/icumt54235.2021.9631567,Deep Learning-Based Defect Detection of Metal Parts: Evaluating Current Methods in Complex Conditions,2021,benchmark,ICUMT,Stepan Jezek | Martin Jonak | Radim Burget | Pavel Dvorak | Milos Skotak,10.1109/icumt54235.2021.9631567,,https://doi.org/10.1109/ICUMT54235.2021.9631567,processed,MPDD,MPDD,MPDD,Unsupervised anomaly detection | Deep convolutional neural network,Metallic surface defect detection | Industrial anomaly detection,Metal inspection,AU-ROC,no,none,,Papers/Benchmark/2021 - Deep Learning-Based Defect Detection of Metal Parts Evaluating Current Methods in Complex Conditions.md
sha256:d156e2f050ef05c18b83269be18f52cde19796faf0e023c3d04bc6f37d330b99,Defect detection in CT scans of cast aluminum parts: A machine vision perspective,2021,research,Neurocomputing,Patrick Fuchs | Thorben Kröger | Christoph S. Garbe,,,https://doi.org/10.1016/j.neucom.2021.04.094,processed,Simulated CT defect scans | Hand-labeled real CT defect scans,,,Simulation-based data augmentation | Synthetic data generation | 3D convolutional segmentation network | U-Net | refinement stage,Defect segmentation | 3D CT defect segmentation | pore and cavity detection,Metal inspection | Nondestructive testing,Probability of detection | IoU,no,structured metadata,,Papers/Research/2021 - Defect Detection in CT Scans of Cast Aluminum Parts.md
sha256:1babf23e0b2b520e4f08ce2b39eac2d3f6b6f1c8572f02d30503b34d80ec22e3,Defect-GAN: High-Fidelity Defect Synthesis for Automated Defect Inspection,2021,research,WACV 2021,Gongjie Zhang | Kaiwen Cui | Tzu-Yi Hung | Shijian Lu,,,,processed,CODEBRIM,CODEBRIM,CODEBRIM,GAN | Defect synthesis | Synthetic data generation | Defect-GAN | spatial and categorical control | adaptive noise insertion | layer-wise composition,Defect synthesis | Defect classification,Construction inspection | Industrial visual inspection,FID | Accuracy,yes,structured metadata,GAN-based generation,Papers/Research/2021 - Defect-GAN High-Fidelity Defect Synthesis for Automated Defect Inspection.md
doi:10.1155/2021/9948808,Fabric Defect Detection in Textile Manufacturing: A Survey of the State of the Art,2021,review,Security and Communication Networks,Chao Li | Jun Li | Yafei Li | Lingmin He | Xiaokang Fu | Jingjing Chen,10.1155/2021/9948808,,https://doi.org/10.1155/2021/9948808,processed,TILDA | KTH-TIPS,TILDA,TILDA,GAN | Data augmentation | Synthetic data generation,Textile defect detection,Textile and fiber inspection,,yes,structured metadata,GAN-based generation,Papers/Review/2021 - Fabric Defect Detection in Textile Manufacturing A Survey of the State of the Art.md
arxiv:2111.07677,FastFlow: Unsupervised Anomaly Detection and Localization via 2D Normalizing Flows,2021,research,arXiv,Jiawei Yu | Ye Zheng | Xiang Wang | Wei Li | Yushuang Wu | Rui Zhao | Liwei Wu,,2111.07677,https://arxiv.org/abs/2111.07677,processed,MVTec AD,MVTec AD,MVTec AD,FastFlow | Unsupervised anomaly detection | Unsupervised anomaly localization,Industrial anomaly detection | Defect segmentation,Multi-industry anomaly detection,AU-ROC,yes,note body,rule-based insertion,Papers/Research/2021 - FastFlow Unsupervised Anomaly Detection and Localization via 2D Normalizing Flows.md
sha256:130a402382d6f28756db7bd320aa38d95cfacc37e733fdc6566bba05c6a932bf,Generative Adversarial Networks for Data Augmentation in Structural Adhesive Inspection,2021,research,Applied Sciences,Ricardo Silva Peres | Miguel Azevedo | Sara Oleiro Araujo | Magno Guedes | Fabio Miranda | Jose Barata,10.3390/app11073086,,https://www.mdpi.com/2076-3417/11/7/3086,processed,Structural Adhesive Defects Dataset,Structural Adhesive Defects Dataset,Structural Adhesive Defects Dataset,GAN | StyleGAN2 | GAN-based surface defect augmentation | YOLOv4 | StyleGAN2-ADA | YOLOv4-Tiny,Adhesive bead defect detection | Object detection,Automotive manufacturing,mAP@0.15 | mAP@0.30 | mAP@0.50 | Average precision,yes,structured metadata,GAN-based generation,Papers/Research/2021 - Generative Adversarial Networks for Data Augmentation in Structural Adhesive Inspection.md
arxiv:2103.13003,Industrial Machine Tool Component Surface Defect Dataset,2021,dataset,Data in Brief,Tobias Schlagenhauf | Magnus Landwehr | Juergen Fleischer,,2103.13003,https://arxiv.org/abs/2103.13003,processed,BSData,BSData,BSData,Mask R-CNN | Faster R-CNN,Defect classification | Object detection | Defect segmentation | Wear forecasting,Metal inspection,mIoU,yes,note body,other generative synthesis,Papers/Dataset/2021 - Industrial Machine Tool Component Surface Defect Dataset.md
arxiv:2104.06064,Mixed Supervision for Surface-Defect Detection: From Weakly to Fully Supervised Learning,2021,research,arXiv,Jakob Bozic | Domen Tabernik | Danijel Skocaj,,2104.06064,https://arxiv.org/abs/2104.06064,processed,DAGM | KolektorSDD | KolektorSDD2 | Severstal Steel Defect Dataset,KolektorSDD | KolektorSDD2 | Severstal Steel Defect Dataset,KolektorSDD | KolektorSDD2 | Severstal Steel Defect Dataset,Weakly supervised learning | Supervised learning | Deep convolutional neural network | mixed supervision | dynamically balanced loss | gradient-flow adjustment | distance-transform loss weighting,Defect classification | Defect segmentation,Multi-industry anomaly detection | Metal inspection,Average precision | AU-ROC | F1-score | Accuracy,yes,note body,other generative synthesis,Papers/Research/2021 - Mixed Supervision for Surface-Defect Detection From Weakly to Fully Supervised Learning.md
doi:10.1109/tii.2021.3092372,Multiple Granularities Generative Adversarial Network for Recognition of Wafer Map Defects,2021,research,IEEE Transactions on Industrial Informatics,Jianbo Yu | Jiatong Liu,10.1109/TII.2021.3092372,,https://doi.org/10.1109/TII.2021.3092372,processed,WM-811K,WM-811K,WM-811K,Multiple Granularities Generative Adversarial Network | GAN | Data augmentation,Wafer map defect classification,Semiconductor and electronics,Accuracy | FID | F1-score,yes,structured metadata,GAN-based generation,Papers/Research/2021 - Multiple Granularities Generative Adversarial Network for Recognition of Wafer Map Defects.md
doi:10.1109/access.2021.3124525,Self-Supervised Learning for Anomaly Detection With Dynamic Local Augmentation,2021,research,IEEE Access,Seungdong Yoa | Seungjun Lee | Chiyoon Kim | Hyunwoo J. Kim,10.1109/access.2021.3124525,,https://doi.org/10.1109/access.2021.3124525,processed,MVTec AD,MVTec AD,MVTec AD,Dynamic Local Augmentation | Self-supervised learning | Data augmentation | Monte Carlo dropout uncertainty scoring | Regression-error anomaly scoring,Industrial anomaly detection,Multi-industry anomaly detection,AU-ROC,yes,note body,GAN-based generation,Papers/Research/2021 - Self-Supervised Learning for Anomaly Detection With Dynamic Local Augmentation.md
arxiv:2104.04953,SIGAN: A Novel Image Generation Method for Solar Cell Defect Segmentation and Augmentation,2021,research,arXiv,Binyi Su | Zhong Zhou | Haiyong Chen | Xiaochun Cao,,2104.04953,https://arxiv.org/abs/2104.04953,processed,EL-2019,EL-2019,EL-2019,SIGAN | GAN | Defect synthesis | Synthetic data generation | Data augmentation,Solar cell defect detection | Defect segmentation,Solar cells and photovoltaic,F1-score | FID | Precision | Recall,yes,structured metadata,GAN-based generation,Papers/Research/2021 - SIGAN A Novel Image Generation Method for Solar Cell Defect Segmentation and Augmentation.md
doi:10.1109/access.2021.3082690,Simulation-Based Data Augmentation for the Quality Inspection of Structural Adhesive With Deep Learning,2021,research,IEEE Access,Ricardo Silva Peres | Magno Guedes | Fábio Miranda | Jose Barata,10.1109/ACCESS.2021.3082690,,https://doi.org/10.1109/ACCESS.2021.3082690,processed,SEE-Q | A-SEE-Q,,,Simulation-based data augmentation | YOLOv4 | YOLOv4-Tiny | Scaled-YOLOv4,Adhesive bead defect detection,Automotive manufacturing,mAP@0.15 | mAP@0.30 | mAP@0.50 | Detection time,no,structured metadata,,Papers/Research/2021 - Simulation-Based Data Augmentation for Quality Inspection of Structural Adhesive.md
sha256:9b7bdc5bc7142edfb4c9aef06d2508b05a4af423f38fa101878ba7fbe3c3a560,Synthetic Data Generation for Steel Defect Detection and Classification Using Deep Learning,2021,research,Symmetry,Aleksei Boikov | Vladimir Payor | Roman Savelev | Alexandr Kolesnikov,10.3390/sym13071176,,https://doi.org/10.3390/sym13071176,processed,Synthetic steel defect dataset | Severstal Steel Defect Dataset,Severstal Steel Defect Dataset,Severstal Steel Defect Dataset,Procedural steel defect synthesis | Procedural generation | U-Net | Xception,Surface defect detection | Defect segmentation | Defect classification,Metal inspection,Dice score | Precision | Recall,yes,structured metadata,procedural synthesis,Papers/Research/2021 - Synthetic Data Generation for Steel Defect Detection and Classification Using Deep Learning.md
doi:10.1007/s10845-021-01738-7,Synthetic image data augmentation for fibre layup inspection processes: Techniques to enhance the data set,2021,research,Journal of Intelligent Manufacturing,Sebastian Meister | Nantwin Möller | Jan Stüve | Roger M. Groves,10.1007/s10845-021-01738-7,,https://doi.org/10.1007/s10845-021-01738-7,processed,Fiber placement laser line scan images,,,DCGAN | geometrical transformation | GAN-Train GAN-Test,Automated fiber placement inspection | Defect classification,Aerospace and composite manufacturing | Textile and fiber inspection,GAN-Train | GAN-Test,no,structured metadata,,Papers/Research/2021 - Synthetic Image Data Augmentation for Fibre Layup Inspection Processes.md
arxiv:2112.09045,The MVTec 3D-AD Dataset for Unsupervised 3D Anomaly Detection and Localization,2021,dataset,VISAPP,Paul Bergmann | Xin Jin | David Sattlegger | Carsten Steger,,2112.09045,https://www.mvtec.com/company/research/datasets,processed,MVTec3D,MVTec3D,MVTec3D,Unsupervised learning | Unsupervised anomaly detection | Unsupervised anomaly localization | GAN | Variational Autoencoder,Industrial anomaly detection | Defect segmentation,Multi-industry anomaly detection,AU-PRO | AU-ROC,yes,structured metadata,GAN-based generation,Papers/Dataset/2021 - The MVTec 3D-AD Dataset for Unsupervised 3D Anomaly Detection and Localization.md
doi:10.1007/s11263-020-01400-4,The MVTec Anomaly Detection Dataset: A Comprehensive Real-World Dataset for Unsupervised Anomaly Detection,2021,dataset,International Journal of Computer Vision,Paul Bergmann | Kilian Batzner | Michael Fauser | David Sattlegger | Carsten Steger,10.1007/s11263-020-01400-4,,https://doi.org/10.1007/s11263-020-01400-4,processed,MVTec AD,MVTec AD,MVTec AD,convolutional autoencoders | GAN | pretrained CNN feature descriptors | student-teacher anomaly detection | variation model,Surface defect detection | Defect segmentation,Multi-industry anomaly detection,AU-ROC | AU-PRO | IoU,yes,structured metadata,GAN-based generation,Papers/Dataset/2021 - The MVTec Anomaly Detection Dataset.md
doi:10.3390/sym13040706,X-SDD: A New Benchmark for Hot Rolled Steel Strip Surface Defects Detection,2021,dataset,Symmetry,Xinglong Feng | Xianwen Gao | Ling Luo,10.3390/sym13040706,,https://doi.org/10.3390/sym13040706,processed,X-SDD | NEU-CLS,Northeastern University (NEU) surface defect database | X-SDD,Northeastern University (NEU) surface defect database | X-SDD,RepVGG+SA,Defect classification | Metallic surface defect detection,Metal inspection,Accuracy | Recall | Precision | F1-score,no,none,,Papers/Dataset/2021 - X-SDD A New Benchmark for Hot Rolled Steel Strip Surface Defects Detection.md
doi:10.1109/tai.2021.3057027,ZJU-Leaper: A Benchmark Dataset for Fabric Defect Detection and a Comparative Study,2021,dataset,IEEE Transactions on Artificial Intelligence,Chenkai Zhang | Shaozhe Feng | Xulongqi Wang | Yueming Wang,10.1109/TAI.2021.3057027,,https://doi.org/10.1109/TAI.2021.3057027,processed,ZJU-Leaper,ZJU-Leaper,ZJU-Leaper,U-Net | Data augmentation | Transfer learning | Weakly supervised learning,Textile defect detection | Defect segmentation,Textile and fiber inspection,Dice score | IoU | Precision | Recall | F1-score,yes,note body,other generative synthesis,Papers/Dataset/2021 - ZJU-Leaper A Benchmark Dataset for Fabric Defect Detection and a Comparative Study.md
doi:10.1155/2022/9577096,A Model for Surface Defect Detection of Industrial Products Based on Attention Augmentation,2022,research,Computational Intelligence and Neuroscience,Gang Li | Rui Shao | Honglin Wan | Mingle Zhou | Min Li,10.1155/2022/9577096,,https://doi.org/10.1155/2022/9577096,processed,BSData | NEU-DET | RSDDs | NRSD-MN,BSData | NEU-DET,BSData | NEU-DET,Data augmentation | Multi-head attention | feature distribution smoothing block,Object detection,Metal inspection,mAP@0.50,yes,note body,other generative synthesis,Papers/Research/2022 - A Model for Surface Defect Detection of Industrial Products Based on Attention Augmentation.md
doi:10.1109/tii.2022.3168432,A New Cycle-consistent Adversarial Networks With Attention Mechanism for Surface Defect Classification With Small Samples,2022,research,IEEE Transactions on Industrial Informatics,Long Wen | You Wang | Xinyu Li,10.1109/tii.2022.3168432,,https://doi.org/10.1109/TII.2022.3168432,processed,KolektorSDD | DAGM2007,DAGM2007 | KolektorSDD,DAGM2007 | KolektorSDD,AttenCGAN | GAN | Data augmentation,Defect classification | Surface defect detection,Multi-industry anomaly detection,Accuracy | FID,yes,structured metadata,GAN-based generation,Papers/Research/2022 - A New Cycle-Consistent Adversarial Networks With Attention Mechanism for Surface Defect Classification With Small Samples.md
doi:10.1109/access.2022.3217227,A Survey of Defect Detection Applications Based on Generative Adversarial Networks,2022,review,IEEE Access,Xiangjie He | Zhengwei Chang | Linghao Zhang | Houdong Xu | Hongbo Chen | Zhongqiang Luo,10.1109/access.2022.3217227,,https://doi.org/10.1109/ACCESS.2022.3217227,processed,,,,GAN | Synthetic data generation | Data augmentation,Industrial anomaly detection,Multi-industry anomaly detection,,no,structured metadata,,Papers/Review/2022 - A Survey of Defect Detection Applications Based on Generative Adversarial Networks.md
doi:10.1109/access.2022.3169594,ALGAN: Anomaly Detection by Generating Pseudo Anomalous Data via Latent Variables,2022,research,IEEE Access,Hironori Murase | Kenji Fukumizu,10.1109/access.2022.3169594,,https://doi.org/10.1109/access.2022.3169594,processed,Magnetic Tile Defects,Magnetic Tile Defects,Magnetic Tile Defects,ALGAN | GAN | DCGAN | Synthetic data generation,Industrial anomaly detection,Metal inspection,AU-ROC,yes,structured metadata,GAN-based generation,Papers/Research/2022 - ALGAN Anomaly Detection by Generating Pseudo Anomalous Data via Latent Variables.md
doi:10.1109/tsm.2021.3134625,An Improved Capsule Network (WaferCaps) for Wafer Bin Map Classification Based on DCGAN Data Upsampling,2022,research,IEEE Transactions on Semiconductor Manufacturing,Abd Al Rahman M. Abu Ebayyeh | Sebelan Danishvar | Alireza Mousavi,10.1109/TSM.2021.3134625,,https://doi.org/10.1109/TSM.2021.3134625,processed,WM-811K,WM-811K,WM-811K,WaferCaps | DCGAN wafer map augmentation | DCGAN | Data augmentation,Wafer map defect classification | Defect classification,Semiconductor and electronics,Accuracy | Precision | Recall | F1-score,yes,note body,other generative synthesis,Papers/Research/2022 - WaferCaps for Wafer Bin Map Classification Based on DCGAN Data Upsampling.md
doi:10.1109/icumt57764.2022.9943437,Anomaly Detection for Real-World Industrial Applications: Benchmarking Recent Self-Supervised and Pretrained Methods,2022,benchmark,ICUMT,Stepan Jezek | Martin Jonak | Radim Burget | Pavel Dvorak | Milos Skotak,10.1109/icumt57764.2022.9943437,,https://doi.org/10.1109/ICUMT57764.2022.9943437,processed,MPDD2,MPDD2,MPDD2,Self-supervised learning | Transfer learning | Unsupervised anomaly detection | FastFlow | Natural Synthetic Anomalies,Industrial anomaly detection | Metallic surface defect detection,Metal inspection,AU-ROC,yes,structured metadata,other generative synthesis,Papers/Benchmark/2022 - Anomaly Detection for Real-World Industrial Applications Benchmarking Recent Self-Supervised and Pretrained Methods.md
doi:10.1007/s11263-022-01578-9,Beyond Dents and Scratches: Logical Constraints in Unsupervised Anomaly Detection and Localization,2022,dataset,International Journal of Computer Vision,Paul Bergmann | Kilian Batzner | Michael Fauser | David Sattlegger | Carsten Steger,10.1007/s11263-022-01578-9,,https://doi.org/10.1007/s11263-022-01578-9,processed,MVTec LOCO AD,MVTec LOCO AD,MVTec LOCO AD,Global Context Anomaly Detection | Unsupervised anomaly detection | Unsupervised anomaly localization | Unsupervised learning,Industrial anomaly detection | Defect segmentation,Multi-industry anomaly detection,AU-ROC | AU-PRO | Area Under Saturated Per-Region Overlap,no,none,,Papers/Dataset/2022 - Beyond Dents and Scratches Logical Constraints in Unsupervised Anomaly Detection and Localization.md
doi:10.1109/icce-taiwan55306.2022.9869278,Data Augmentation Method For Fabric Defect Detection,2022,research,IEEE International Conference on Consumer Electronics - Taiwan,Po-Hsiang Wang | Chien-Chou Lin,10.1109/icce-taiwan55306.2022.9869278,,https://doi.org/10.1109/ICCE-TAIWAN55306.2022.9869278,processed,Original Fabric Defect Datasets,,,GAN | Data augmentation | Faster R-CNN,Textile defect detection,Textile and fiber inspection,Average precision | SSIM,no,structured metadata,,Papers/Research/2022 - Data Augmentation Method for Fabric Defect Detection.md
doi:10.1109/TIM.2022.3185609,Deep Adversarial Data Augmentation for Fabric Defect Classification With Scarce Defect Data,2022,research,IEEE Transactions on Instrumentation and Measurement,Bingyu Lu | Meng Zhang | Biqing Huang,10.1109/TIM.2022.3185609,,https://doi.org/10.1109/TIM.2022.3185609,processed,ZJU-Leaper | LaceCls,ZJU-Leaper,ZJU-Leaper,Defect Transfer GAN | Data augmentation | Synthetic data generation,Textile defect detection | Defect classification,Textile and fiber inspection,Accuracy | F1-score,yes,structured metadata,GAN-based generation,Papers/Research/2022 - Deep Adversarial Data Augmentation for Fabric Defect Classification With Scarce Defect Data.md
doi:10.1088/1742-6596/2224/1/012010,Defect Detection in the Textile Industry Using Image-Based Machine Learning Methods: A Brief Review,2022,review,Journal of Physics: Conference Series,Somayeh Shahrabadi | Yusbel Castilla | Miguel Guevara | Luis G. Magalhaes | Dibet Gonzalez | Telmo Adao,10.1088/1742-6596/2224/1/012010,,https://doi.org/10.1088/1742-6596/2224/1/012010,processed,TILDA | self-made textile datasets | KTH-TIPS | Kylberg Texture | University of Hong Kong defect library,TILDA,TILDA,Deep convolutional neural network | Classical ML | Gabor filters | Principal Component Analysis | K-means clustering,Textile defect detection | Defect classification,Textile and fiber inspection,Accuracy | Precision | F1-score | AUC,yes,note body,other generative synthesis,Papers/Review/2022 - Defect Detection in the Textile Industry Using Image-Based Machine Learning Methods.md
arxiv:1066.69090,Defect Transfer GAN: Diverse Defect Synthesis for Data Augmentation,2022,research,BMVC 2022,Ruyu Wang | Sabria Hoppe | Eduardo Monari | Marco F. Huber,,1066.69090,,processed,MVTec AD | Magnetic Tile Defects | Bosch Surface Defect Inspection Dataset,Bosch Surface Defect Inspection Dataset | Magnetic Tile Defects | MVTec AD,Bosch Surface Defect Inspection Dataset | Magnetic Tile Defects | MVTec AD,Defect Transfer GAN | GAN | Synthetic data generation | Data augmentation,Defect classification | Industrial anomaly detection,Multi-industry anomaly detection,FID | LPIPS,yes,structured metadata,GAN-based generation,Papers/Research/2022 - Defect Transfer GAN Diverse Defect Synthesis for Data Augmentation.md
doi:10.1155/2022/9680519,Fabric Defect Segmentation System Based on a Lightweight GAN for Industrial Internet of Things,2022,research,Wireless Communications and Mobile Computing,Bo Li | Yongkai Zou | Rongbo Zhu | Wei Yao | Jun Wang | Shaohua Wan,10.1155/2022/9680519,,https://doi.org/10.1155/2022/9680519,processed,AITEX | enterprise fabric dataset | expanded artificial defect dataset,AITEX,AITEX,GAN | Defect synthesis | Data augmentation,Textile defect detection | Defect segmentation,Textile and fiber inspection,IoU | Accuracy | SSIM,yes,structured metadata,GAN-based generation,Papers/Research/2022 - Fabric Defect Segmentation System Based on a Lightweight GAN for Industrial Internet of Things.md
doi:10.1109/icassp43922.2022.9747311,FDSNet: An Accurate Real-Time Surface Defect Segmentation Network,2022,research,ICASSP 2022,Jian Zhang | Runwei Ding | Miaoju Ban | Tianyu Guo,10.1109/ICASSP43922.2022.9747311,,https://doi.org/10.1109/ICASSP43922.2022.9747311,processed,MSD | Magnetic Tile Defects | NEU-SEG,Magnetic Tile Defects | MSD | NEU-SEG,Magnetic Tile Defects | MSD | NEU-SEG,FDSNet | Global Context Upsampling | MobileNet,Defect segmentation | Smartphone screen glass defect detection,Glass inspection,mIoU | FPS,yes,note body,other generative synthesis,Papers/Research/2022 - FDSNet An Accurate Real-Time Surface Defect Segmentation Network.md
sha256:e85d98e581cdcb0cf8dff2af80ab64f86fafa773198c8f1a9589e0c662040b60,Identifying Defective Solar Cells in Electroluminescence Images Using Deep Feature Representations,2022,research,PeerJ Computer Science,Alaa S. Al-Waisy | Dheyaa Ahmed Ibrahim | Dilovan Asaad Zebari | Shumoos Hammadi | Hussam Mohammed | Mazin Abed Mohammed | Robertas Damasevicius,10.7717/peerj-cs.992,,https://doi.org/10.7717/peerj-cs.992,processed,ELPV Dataset,ELPV Dataset,ELPV Dataset,Deep convolutional neural network | Feature extraction | Data augmentation,Solar cell defect detection | Defect classification,Solar cells and photovoltaic,Accuracy | F1-score | Precision | Recall,yes,note body,other generative synthesis,Papers/Research/2022 - Identifying Defective Solar Cells in Electroluminescence Images Using Deep Feature Representations.md
doi:10.1007/s10845-021-01906-9,Improving Automated Visual Fault Inspection for Semiconductor Manufacturing Using a Hybrid Multistage System of Deep Neural Networks,2022,research,Journal of Intelligent Manufacturing,Tobias Schlosser | Michael Friedrich | Frederik Beuth | Danny Kowerko,10.1007/s10845-021-01906-9,,https://doi.org/10.1007/s10845-021-01906-9,processed,Semiconductor visual inspection dataset,,,Deep convolutional neural network | Feature extraction | Autoencoder-decoder data augmentation,Wafer map defect classification | Defect classification,Semiconductor and electronics,F1-score | Accuracy,no,none,,Papers/Research/2022 - Improving Automated Visual Fault Inspection for Semiconductor Manufacturing Using a Hybrid Multistage System of Deep Neural Networks.md
sha256:27c0d2bb7ac86a7e3d89c37e3f14390e978960c475f28bc2f71dd5fe0608a116,Mask-Guided Generation Method for Industrial Defect Images with Non-Uniform Structures,2022,research,Machines,Jing Wei | Zhengtao Zhang | Fei Shen | Chengkan Lv,10.3390/machines10121239,,https://doi.org/10.3390/machines10121239,processed,MVTec AD | Metal Phone Band Dataset,MVTec AD,MVTec AD,MDGAN | GAN | Synthetic data generation | CycleGAN | U-Net,Defect segmentation | Surface defect detection,Multi-industry anomaly detection,mIoU | F1-score | FID | SSIM | AU-ROC,yes,structured metadata,GAN-based generation,Papers/Research/2022 - Mask-Guided Generation Method for Industrial Defect Images with Non-Uniform Structures.md
sha256:71400e99d5a28196dd178421e4cf5112ae8647962db180f9014895b2cdc0715a,MSFT-YOLO: Improved YOLOv5 Based on Transformer for Detecting Defects of Steel Surface,2022,research,Sensors,Zexuan Guo | Chensheng Wang | Guang Yang | Zeyuan Huang | Guo Li,10.3390/s22093467,,https://doi.org/10.3390/s22093467,processed,NEU-DET,NEU-DET,NEU-DET,MSFT-YOLO | YOLOv5 | Transformers | Multi-scale feature fusion,Metallic surface defect detection | Object detection,Metal inspection,mAP | FPS,no,none,,Papers/Research/2022 - MSFT-YOLO Improved YOLOv5 Based on Transformer for Detecting Defects of Steel Surface.md
arxiv:2109.15222,Natural Synthetic Anomalies for Self-Supervised Anomaly Detection and Localization,2022,research,arXiv,Hannah M. Schlueter | Jeremy Tan | Benjamin Hou | Bernhard Kainz,,2109.15222,https://arxiv.org/abs/2109.15222,processed,MVTec AD | rCXR,MVTec AD | rCXR,MVTec AD,Natural Synthetic Anomalies | Self-supervised learning | Data augmentation,Industrial anomaly detection | Defect segmentation,Multi-industry anomaly detection | Medical imaging,AU-ROC,yes,structured metadata,other generative synthesis,Papers/Research/2022 - Natural Synthetic Anomalies for Self-Supervised Anomaly Detection and Localization.md
doi:10.1016/j.procir.2022.05.115,Procedural synthetic training data generation for AI-based defect detection in industrial surface inspection,2022,research,Procedia CIRP 107; 55th CIRP Conference on Manufacturing Systems,Ole Schmedemann | Melvin Baaß | Daniel Schoepflin | Thorsten Schüppstuhl,10.1016/j.procir.2022.05.115,,https://doi.org/10.1016/j.procir.2022.05.115,processed,Synthetic turbocharger housing defect dataset | Real-world endoscopic defect image training dataset | Real-world endoscopic defect image test dataset,,,domain randomization | physically based rendering | procedural textures | 3D defect modeling | transfer learning,defect detection | image classification | object segmentation,Automotive manufacturing | Metal inspection | Industrial visual inspection,Accuracy | Recall | Specificity,no,structured metadata,,Papers/Research/2022 - Procedural Synthetic Training Data Generation for AI-Based Defect Detection.md
sha256:ca9e95ebbc8cb226052e5460e58fff6abd97366c2d621aa507003e040c800220,Semi-Supervised Defect Detection Method with Data-Expanding Strategy for PCB Quality Inspection,2022,research,Sensors,Yusen Wan | Liang Gao | Xinyu Li | Yiping Gao,10.3390/s22207971,,https://doi.org/10.3390/s22207971,processed,DeepPCB | HRIPCB,DeepPCB | HRIPCB,DeepPCB | HRIPCB,DE-SSD | Semi-supervised learning | Data augmentation | YOLOv5 | Pseudo-labeling,PCB defect detection,Semiconductor and electronics,mAP | Precision | Recall,yes,note body,other generative synthesis,Papers/Research/2022 - Semi-Supervised Defect Detection Method with Data-Expanding Strategy for PCB Quality Inspection.md
sha256:12fae438f8e138b106917e3059bac1588e2da97e8824b53a7e1963a7c9ef80b7,SolarDK: A high-resolution urban solar panel image classification and localization dataset,2022,dataset,Tackling Climate Change with Machine Learning workshop at NeurIPS 2022,Maxim Khomiakov | Mathias Bonde Sørensen | Julius Holbech Radzikowski | Carl Anton Schmidt | Mads Andersen | Michael Riis Andersen | Jes Frellsen,,2212.01260,https://arxiv.org/abs/2212.01260,processed,SolarDK,SolarDK,SolarDK,ConvNeXt | EfficientNet | InceptionV3 | ResNet50 | DeepLabV3+,Solar panel classification | Solar panel localization | Urban semantic segmentation,Solar cells and photovoltaic,Precision | Recall | Cohen's kappa | mIoU,no,none,,Papers/Dataset/2022 - SolarDK A high-resolution urban solar panel image classification and localization dataset.md
arxiv:2207.14315,SPot-the-Difference Self-Supervised Pre-training for Anomaly Detection and Segmentation,2022,research,arXiv,Yang Zou | Jongheon Jeong | Latha Pemula | Dongqing Zhang | Onkar Dabeer,,2207.14315,http://arxiv.org/abs/2207.14315,processed,VisA | MVTec AD | ImageNet,ImageNet | MVTec AD | VisA,MVTec AD | VisA,Self-supervised learning | SmoothBlend | Data augmentation,Industrial anomaly detection | Defect segmentation,Multi-industry anomaly detection,AU-PR | AU-ROC,yes,note body,rule-based insertion,Papers/Research/2022 - SPot-the-Difference Self-Supervised Pre-training for Anomaly Detection and Segmentation.md
doi:10.1109/tim.2022.3188033,Surface Defect Detection of Heat Sink Based on Lightweight Fully Convolutional Network,2022,research,IEEE Transactions on Instrumentation and Measurement,Kaifeng Yang | Yuliang Liu | Shiwen Zhang | Jiajian Cao,10.1109/TIM.2022.3188033,,https://doi.org/10.1109/TIM.2022.3188033,processed,Heat Sink Surface Defect Dataset,Heat Sink Surface Defect Dataset,Heat Sink Surface Defect Dataset,GSLU-Net | Ghost module | U-Net,Defect segmentation | Surface defect detection,Semiconductor and electronics,Accuracy | Precision | Recall | IoU | F1-score | Inference time | Parameter count,yes,note body,GAN-based generation,Papers/Research/2022 - Surface Defect Detection of Heat Sink Based on Lightweight Fully Convolutional Network.md
doi:10.1007/s10845-020-01710-x,Synthetic data augmentation for surface defect detection and classification using deep learning,2022,research,Journal of Intelligent Manufacturing,Saksham Jain | Gautam Seth | Arpit Paruthi | Umang Soni | Girish Kumar,10.1007/s10845-020-01710-x,,https://doi.org/10.1007/s10845-020-01710-x,processed,NEU-CLS,Northeastern University (NEU) surface defect database,Northeastern University (NEU) surface defect database,GAN-based surface defect augmentation | GAN | DCGAN | Data augmentation,Defect classification | Surface defect detection,Metal inspection,Accuracy | Recall | Specificity,yes,structured metadata,GAN-based generation,Papers/Research/2022 - Synthetic Data Augmentation for Surface Defect Detection and Classification Using Deep Learning.md
doi:10.1038/s41598-022-15855-7,Using ISU-GAN for unsupervised small sample defect detection,2022,research,Scientific Reports,Yijing Guo | Linwei Zhong | Yi Qiu | Huawei Wang | Fengqiang Gao | Zongheng Wen | Choujun Zhan,10.1038/s41598-022-15855-7,,https://doi.org/10.1038/s41598-022-15855-7,processed,DAGM2007,DAGM2007,DAGM2007,ISU-GAN | GAN | Unsupervised anomaly detection,Industrial anomaly detection | Defect segmentation,Multi-industry anomaly detection,Accuracy | F1-score | SSIM,yes,structured metadata,GAN-based generation,Papers/Research/2022 - Using ISU-GAN for unsupervised small sample defect detection.md
sha256:34655142662b233874e7b22e9a9e5b17391cceb696a41b82f8db75437504204e,Video-Based Two-Stage Network for Optical Glass Sub-Millimeter Defect Detection,2022,research,AI,Han Zhou | Xiaoling Yang | Zhongqi Wang | Jie Zhang | Yinchao Du | Jiangpeng Chen | Xuezhe Zheng,10.3390/ai3030033,,https://doi.org/10.3390/ai3030033,processed,OGD-DET,,,Video-based two-stage defect detection | Color Channel Separation convolution | Clustering-based image quality evaluation,Optical glass defect detection,Glass inspection,Average precision | mAP@0.25 | mAP@0.50 | mAP@0.75 | Recall | Precision | FPS,no,none,,Papers/Research/2022 - Video-Based Two-Stage Network for Optical Glass Sub-Millimeter Defect Detection.md
doi:10.1109/tsm.2022.3159246,Wafer Defect Pattern Labeling and Recognition Using Semi-Supervised Learning,2022,research,IEEE Transactions on Semiconductor Manufacturing,Katherine Shu-Min Li | Xu-Hao Jiang | Leon Li-Yang Chen | Sying-Jyan Wang | Andrew Yi-Ann Huang | Jwu E. Chen | Hsing-Chung Liang | Chun-Lung Hsu,10.1109/TSM.2022.3159246,,https://doi.org/10.1109/TSM.2022.3159246,processed,WM-811K,WM-811K,WM-811K,Semi-supervised learning | Bagging ensemble classifier | Self-organizing map | DBSCAN wafer-map denoising | Pseudo-labeling,Wafer map defect classification,Semiconductor and electronics,Accuracy | Precision | Recall | F1-score,no,none,,Papers/Research/2022 - Wafer Defect Pattern Labeling and Recognition Using Semi-Supervised Learning.md
sha256:51e13055e62ae617098591374e2be639ef0e1498d7cc36fb3c3ee00e4d87a83d,A benchmark dataset for defect detection and classification in electroluminescence images of PV modules using semantic segmentation,2023,dataset,Systems and Soft Computing,Lawrence Pratt | Jana Mattheus | Richard Klein,10.1016/j.sasc.2023.200048,,https://doi.org/10.1016/j.sasc.2023.200048,processed,BenchmarkELimages,BenchmarkELimages,BenchmarkELimages,U-Net | PSPNet | DeepLabV3+ | Data augmentation,Solar cell defect detection | Defect segmentation,Solar cells and photovoltaic,mIoU | Recall,yes,note body,other generative synthesis,Papers/Dataset/2023 - A benchmark dataset for defect detection and classification in electroluminescence images of PV modules using semantic segmentation.md
sha256:b5bf9b951bcb7a7ee05f2972337e76e762d85c14041c047720e7cde20259dcb2,A Data Generation Method with Dual Discriminators and Regularization for Surface Defect Detection Under Limited Data,2023,research,Computers in Industry,Boheng Liu | Tianrui Zhang | Yao Yu | Ligang Miao,10.1016/j.compind.2023.103963,,https://doi.org/10.1016/j.compind.2023.103963,processed,GC10-DET | NEU-CLS | SAPF,GC10-DET | Northeastern University (NEU) surface defect database,GC10-DET | Northeastern University (NEU) surface defect database,Dual-discriminator GAN regularization | GAN | GAN-based surface defect augmentation | Data augmentation | Synthetic data generation,Defect detection | Defect segmentation,Multi-industry anomaly detection,FID | Surface Defect Score | mAP@0.50 | mAP,yes,structured metadata,GAN-based generation,Papers/Research/2023 - A Data Generation Method with Dual Discriminators and Regularization for Surface Defect Detection Under Limited Data.md
sha256:798ee3633148b26064ead03f6245f8a44cbae5d092e78ca32e828d0dd11a2755,A Deep-Learning-Based Approach for Aircraft Engine Defect Detection,2023,research,Machines,Anurag Upadhyay | Jun Li | Steve King | Sri Addepalli,10.3390/machines11020192,,https://doi.org/10.3390/machines11020192,processed,Compressor blade borescope images,Compressor blade borescope images,Compressor blade borescope images,U-Net | DCGAN | Pix2Pix | motion deblurring | computer vision preprocessing,Defect segmentation,Aircraft maintenance,Accuracy | Precision | Recall,yes,structured metadata,GAN-based generation,Papers/Research/2023 - A Deep-Learning-Based Approach for Aircraft Engine Defect Detection.md
doi:10.1109/tase.2022.3204368,A Feature Memory Rearrangement Network for Visual Inspection of Textured Surface Defects Toward Edge Intelligent Manufacturing,2023,research,IEEE Transactions on Automation Science and Engineering,Haiming Yao | Wenyong Yu | Xue Wang,10.1109/TASE.2022.3204368,,https://doi.org/10.1109/TASE.2022.3204368,processed,MVTec AD | DAGM | RSDDs | Printed product surface dataset,MVTec AD,MVTec AD,FMR-Net | Unsupervised anomaly detection | Unsupervised anomaly localization | Synthetic data generation | Edge intelligence,Surface defect detection | Defect segmentation | Industrial anomaly detection,Smart manufacturing | Multi-industry anomaly detection,AUC ROC | Precision | Recall | F1-measure | average inference time,yes,structured metadata,other generative synthesis,Papers/Research/2023 - A Feature Memory Rearrangement Network for Visual Inspection of Textured Surface Defects.md
doi:10.1109/tim.2022.3232649,A New Contrastive GAN With Data Augmentation for Surface Defect Recognition Under Limited Data,2023,research,IEEE Transactions on Instrumentation and Measurement,Zongwei Du | Liang Gao | Xinyu Li,10.1109/tim.2022.3232649,,,processed,NEU-CLS | PCB defect recognition dataset,Northeastern University (NEU) surface defect database,Northeastern University (NEU) surface defect database,Contrastive GAN | GAN | Data augmentation | Learned generative synthesis,Defect classification | Surface defect detection,Multi-industry anomaly detection,Accuracy | F1-score | FID | MMD | Inference time,yes,structured metadata,GAN-based generation,Papers/Research/2023 - A New Contrastive GAN With Data Augmentation for Surface Defect Recognition Under Limited Data.md
sha256:5f7c5c4adb86d6b96a30eceef1702c76576481df7ed220e9a8c21f56f75a0ec4,A Survey on Unsupervised Anomaly Detection Algorithms for Industrial Images,2023,review,IEEE Access,Yajie Cui | Zhaoxiang Liu | Shiguo Lian,10.1109/access.2023.3282993,,https://doi.org/10.1109/ACCESS.2023.3282993,processed,AITEX | DAGM2007 | MVTec AD,AITEX | DAGM2007 | MVTec AD,AITEX | DAGM2007 | MVTec AD,Unsupervised anomaly detection | Data augmentation | Synthetic data generation,Industrial anomaly detection,Multi-industry anomaly detection,AU-ROC,yes,structured metadata,other generative synthesis,Papers/Review/2023 - A Survey on Unsupervised Anomaly Detection Algorithms for Industrial Images.md
doi:10.3390/jimaging9100193,A Systematic Review on Deep Learning with CNNs Applied to Surface Defect Detection,2023,review,Journal of Imaging,Esteban Cumbajin | Nuno Rodrigues | Paulo Costa | Rolando Miragaia | Luis Frazao | Nuno Costa | Antonio Fernandez-Caballero | Jorge Carneiro | Leire H. Buruberri | Antonio Pereira,10.3390/jimaging9100193,,https://doi.org/10.3390/jimaging9100193,processed,,,,Deep convolutional neural network | Data augmentation,Surface defect detection | Defect classification | Object detection | Defect segmentation,Industrial visual inspection,,no,note body,,Papers/Review/2023 - A Systematic Review on Deep Learning with CNNs Applied to Surface Defect Detection.md
sha256:b6478659a3c96712e94d66c4ebf9c2e7523fc748b850e46f5e69c7c81f30f172,ALADA: A Lite Automatic Data Augmentation Framework for Industrial Defect Detection,2023,research,Advanced Engineering Informatics,Yuxuan Wang | Sai-Ho Chung | Waqar Ahmed Khan | Tianteng Wang | David Jingjun Xu,10.1016/j.aei.2023.102205,,https://doi.org/10.1016/j.aei.2023.102205,processed,Tianchi-TILE | GC10-DET | NEU-DET,GC10-DET | NEU-DET | Tianchi-TILE,GC10-DET | NEU-DET | Tianchi-TILE,ALADA | Data augmentation | Automatic data augmentation | Policy gradient sampling | Deep convolutional neural network,Surface defect detection | Object detection,Multi-industry anomaly detection,mAP,yes,note body,GAN-based generation,Papers/Research/2023 - ALADA A Lite Automatic Data Augmentation Framework for Industrial Defect Detection.md
sha256:3a5172d27b26501db26ec13b5d2237aa96bfcaf1b79783c109dfffe6634266b7,An End-to-End Steel Surface Classification Approach Based on EDCGAN and MobileNet V2,2023,research,Sensors,Ge Jin | Yanghe Liu | Peiliang Qin | Rongjing Hong | Tingting Xu | Guoyu Lu,10.3390/s23041953,,https://doi.org/10.3390/s23041953,processed,NEU-CLS,Northeastern University (NEU) surface defect database,Northeastern University (NEU) surface defect database,EDCGAN | GAN | Data augmentation,Defect classification | Metallic surface defect detection,Metal inspection,Accuracy | Precision | Recall,yes,structured metadata,GAN-based generation,Papers/Research/2023 - An End-to-End Steel Surface Classification Approach Based on EDCGAN and MobileNet V2.md
sha256:3424fc0a073f3136da20a2c3ccb31d8b69bb3fdf79b33d298b1e6785441a0ecd,Attention-Conditioned Augmentations for Self-Supervised Anomaly Detection and Localization,2023,research,AAAI 2023,Behzad Bozorgtabar | Dwarikanath Mahapatra,,,,processed,MVTec AD,MVTec AD,MVTec AD,Data augmentation | Defect synthesis | Synthetic data generation,Industrial anomaly detection | Defect segmentation,Multi-industry anomaly detection,AU-ROC,yes,structured metadata,other generative synthesis,Papers/Research/2023 - Attention-Conditioned Augmentations for Self-Supervised Anomaly Detection and Localization.md
doi:10.1007/s00521-022-08112-5,Automated Steel Surface Defect Detection and Classification Using a New Deep Learning-Based Approach,2023,research,Neural Computing and Applications,Kursat Demir | Mustafa Ay | Mehmet Cavas | Fatih Demir,10.1007/s00521-022-08112-5,,https://doi.org/10.1007/s00521-022-08112-5,processed,Severstal Steel Defect Dataset,Severstal Steel Defect Dataset,Severstal Steel Defect Dataset,Parallel attention-residual CNN | NCA-ReliefF Matched Index feature selection | Support vector machine,Defect classification,Metal inspection,Accuracy | Precision | Recall | F-measure,no,none,,Papers/Research/2023 - Automated Steel Surface Defect Detection and Classification Using a New Deep Learning-Based Approach.md
doi:10.1109/tits.2023.3258480,CarDD: A New Dataset for Vision-Based Car Damage Detection,2023,dataset,IEEE Transactions on Intelligent Transportation Systems,Xinkuang Wang | Wenjing Li | Zhongcheng Wu,10.1109/tits.2023.3258480,,https://doi.org/10.1109/TITS.2023.3258480,processed,CarDD,CarDD,CarDD,DCN+ | Multi-scale learning | Focal loss,Car damage detection | Defect classification | Defect segmentation | Salient object detection,Automotive damage assessment,Accuracy | Precision | Recall | Average precision | IoU | F-measure | Weighted F-measure | S-measure | E-measure | Mean Absolute Error,yes,note body,other generative synthesis,Papers/Dataset/2023 - CarDD A New Dataset for Vision-Based Car Damage Detection.md
arxiv:2302.08769,Collaborative Discrepancy Optimization for Reliable Image Anomaly Localization,2023,research,IEEE Transactions on Industrial Informatics,Yunkang Cao | Xiaohao Xu | Zhaoge Liu | Weiming Shen,,2302.08769,https://arxiv.org/abs/2302.08769,processed,MVTec2D | MVTec3D | Automotive plastic parts dataset,MVTec AD | MVTec3D,MVTec AD | MVTec3D,CDO | Unsupervised anomaly localization | Unsupervised anomaly detection | Defect synthesis,Defect segmentation | Industrial anomaly detection,Smart manufacturing | Automotive manufacturing | Multi-industry anomaly detection,AU-ROC | AU-PRO | FPS,yes,structured metadata,other generative synthesis,Papers/Research/2023 - Collaborative Discrepancy Optimization for Reliable Image Anomaly Localization.md
doi:10.1155/2023/2024237,Conditional TransGAN-Based Data Augmentation for PCB Electronic Component Inspection,2023,research,Computational Intelligence and Neuroscience,Chenglong Wang | Guanghan Huang | Zhiyuan Huang | Weiming He,10.1155/2023/2024237,,https://doi.org/10.1155/2023/2024237,processed,PCB electronic component inspection dataset | DeepPCB,DeepPCB,DeepPCB,cTransGAN | GAN | Data augmentation | Synthetic data generation | Transformers,PCB defect detection | PCB defect classification,Semiconductor and electronics,mAP,yes,structured metadata,GAN-based generation,Papers/Research/2023 - Conditional TransGAN-Based Data Augmentation for PCB Electronic Component Inspection.md
doi:10.1007/978-3-031-31407-0_14,Cost Efficient Defect Detection in Bangle Industry Using Transfer Learning,2023,research,Computer Vision and Image Processing,Anuranjan Dubey | Abhinandan Dubey,10.1007/978-3-031-31407-0_14,,https://doi.org/10.1007/978-3-031-31407-0_14,processed,Glass Bangle Defect Detection Classification,Glass Bangle Defect Detection Classification,Glass Bangle Defect Detection Classification,Transfer learning | ResNet50 | Support vector machine,Glass bangle defect classification | Defect classification,,Accuracy | Precision | Recall | F1-score,no,none,,Papers/Research/2023 - Cost Efficient Defect Detection in Bangle Industry Using Transfer Learning.md
doi:10.1016/j.compind.2023.103911,Deep CNN-Based Visual Defect Detection Survey of Current Literature,2023,review,Computers in Industry,Shashi Bhushan Jha | Radu F. Babiceanu,10.1016/j.compind.2023.103911,,https://doi.org/10.1016/j.compind.2023.103911,processed,,,,Deep convolutional neural network | Data augmentation | GAN | U-Net | Unsupervised anomaly detection,Surface defect detection | Defect classification | Object detection | Defect segmentation,Industrial visual inspection,mAP | Dice score | Segmentation metrics,no,structured metadata,,Papers/Review/2023 - Deep CNN-Based Visual Defect Detection Survey of Current Literature.md
sha256:da029fac51ab3ee6b21347ac6e045c39e73700733838c413fd77f8120139981a,Deep Convolutional Generative Adversarial Networks-Based Data Augmentation Method for Classifying Class-Imbalanced Defect Patterns in Wafer Bin Map,2023,research,Applied Sciences,Sangwoo Park | Cheolwoo You,10.3390/app13095507,,https://doi.org/10.3390/app13095507,processed,WM-811K,WM-811K,WM-811K,DCGAN wafer map augmentation | DCGAN | Data augmentation,Wafer map defect classification | Defect classification,Semiconductor and electronics,Accuracy | PGI,yes,structured metadata,GAN-based generation,Papers/Research/2023 - Deep Convolutional GAN-Based Data Augmentation for Class-Imbalanced Wafer Bin Map Defect Patterns.md
sha256:48e61e01936126d4c184169dc6cdf7d42649e2568a6dc5371bde56a3dcb919f2,Deep Learning Based Online Metallic Surface Defect Detection Method for Wire and Arc Additive Manufacturing,2023,research,Robotics and Computer-Integrated Manufacturing,Wenhao Li | Haiou Zhang | Guilan Wang | Gang Xiong | Meihua Zhao | Guokuan Li | Runsheng Li,10.1016/j.rcim.2022.102470,,https://doi.org/10.1016/j.rcim.2022.102470,processed,WAAM metallic surface defect dataset,,,YOLO-attention | YOLOv4,Additive manufacturing defect detection | Metallic surface defect detection,Metal inspection | Smart manufacturing,mAP@0.50 | FPS,no,none,,Papers/Research/2023 - Deep Learning Based Online Metallic Surface Defect Detection Method for Wire and Arc Additive Manufacturing.md
doi:10.1109/access.2023.3271748,Deep Learning for Automatic Vision-Based Recognition of Industrial Surface Defects: A Survey,2023,review,IEEE Access,Michela Prunella | Roberto Maria Scardigno | Domenico Buongiorno | Antonio Brunetti | Nicola Longo | Raffaele Carli | Mariagrazia Dotoli | Vitoantonio Bevilacqua,10.1109/access.2023.3271748,,https://doi.org/10.1109/ACCESS.2023.3271748,processed,,,,GAN | Data augmentation | Synthetic data generation,Industrial anomaly detection | Defect classification | Defect segmentation,Multi-industry anomaly detection | Textile and fiber inspection,,no,structured metadata,,Papers/Review/2023 - Deep Learning for Automatic Vision-Based Recognition of Industrial Surface Defects A Survey.md
sha256:b565a46ef5a7a31284192bff7914db52cf128258853ad561312eb8f74488c300,Deep-Learning-Based Automatic Detection of Photovoltaic Cell Defects in Electroluminescence Images,2023,research,Sensors,Junjie Wang | Li Bi | Pengxiang Sun | Xiaogang Jiao | Xunde Ma | Xinyi Lei | Yongbin Luo,10.3390/s23010297,,https://doi.org/10.3390/s23010297,processed,ELPV Dataset | PVEL-AD,ELPV Dataset | PVEL-AD,ELPV Dataset | PVEL-AD,Data augmentation | Coordinate attention | class weighting,Solar cell defect detection | Defect classification,Solar cells and photovoltaic,Accuracy | F1-score | Recall | Precision,yes,note body,other generative synthesis,Papers/Research/2023 - Deep-Learning-Based Automatic Detection of Photovoltaic Cell Defects in Electroluminescence Images.md
doi:10.3390/a16020095,Defect Detection Methods for Industrial Products Using Deep Learning Techniques A Review,2023,review,Algorithms,Alireza Saberironaghi | Jing Ren | Moustafa El-Gindy,10.3390/a16020095,,https://doi.org/10.3390/a16020095,processed,,,,Deep convolutional neural network | Data augmentation | GAN | Unsupervised anomaly detection,Surface defect detection | Defect classification | Object detection | Defect segmentation,Industrial visual inspection,Accuracy | mAP | AU-ROC,no,structured metadata,,Papers/Review/2023 - Defect Detection Methods for Industrial Products Using Deep Learning Techniques A Review.md
doi:10.1109/idaacs58523.2023.10348813,Defects Localization in Images Using Deep Learning-based Classification with CAM Output,2023,research,IEEE IDAACS,Rytis Augustauskas | Lukas Zabulis | Arnas Lipnickas | Simas Jokubauskas,10.1109/IDAACS58523.2023.10348813,,https://doi.org/10.1109/IDAACS58523.2023.10348813,processed,BSData | Oliena glass bottle defects | PCB defects,BSData,BSData,class activation mapping,Defect classification | Defect segmentation,Metal inspection,Accuracy | Precision | Recall | F1-score | IoU,yes,note body,other generative synthesis,Papers/Research/2023 - Defects Localization in Images Using Deep Learning-Based Classification with CAM Output.md
sha256:af4f908ba80d15a0679160c931bda08e74f1069895ab157985f6cbf81f60f8f8,DG-GAN: A High Quality Defect Image Generation Method for Defect Detection,2023,research,Sensors,Xiangjie He | Zhongqiang Luo | Quanyang Li | Hongbo Chen | Feng Li,10.3390/s23135922,,https://doi.org/10.3390/s23135922,processed,NEU-CLS | IP-def,Northeastern University (NEU) surface defect database,Northeastern University (NEU) surface defect database,DG-GAN | GAN | Data augmentation,Surface defect detection | Object detection,Metal inspection | Electrical power equipment inspection,FID | mAP@0.50,yes,structured metadata,GAN-based generation,Papers/Research/2023 - DG-GAN A High Quality Defect Image Generation Method for Defect Detection.md
doi:10.1109/tpami.2023.3261988,Diffusion Models in Vision: A Survey,2023,review,IEEE Transactions on Pattern Analysis and Machine Intelligence,Florinel-Alin Croitoru | Vlad Hondru | Radu Tudor Ionescu | Mubarak Shah,10.1109/TPAMI.2023.3261988,,,processed,,,,Diffusion models | Variational Autoencoder | GAN,Generative modeling | Image-to-image translation | Scientific image generation,General computer vision,FID | Inception Score | Log likelihood,no,structured metadata,,Papers/Review/2023 - Diffusion Models in Vision A Survey.md
sha256:0601348c486bba84eee11b712b7449110aaf8ed348b36e8ce0bf82064e078c58,Diversified and Multi-Class Controllable Industrial Defect Synthesis for Data Augmentation and Transfer,2023,research,CVPR Workshops 2023,Jing Wei | Fei Shen | Chengkan Lv | Zhengtao Zhang | Feng Zhang | Huabin Yang,,,https://openaccess.thecvf.com/content/CVPR2023W/VAND/html/Wei_Diversified_and_Multi-Class_Controllable_Industrial_Defect_Synthesis_for_Data_Augmentation_CVPRW_2023_paper.html,processed,MVTec AD | Metal Phone Band Dataset,MVTec AD,MVTec AD,Diversified controllable defect synthesis | Poisson defect image augmentation | Synthetic data generation | Data augmentation,Defect segmentation | Surface defect detection,Multi-industry anomaly detection,AU-ROC | F1-score,yes,structured metadata,other generative synthesis,Papers/Research/2023 - Diversified and Multi-Class Controllable Industrial Defect Synthesis for Data Augmentation and Transfer.md
doi:10.1109/msn60784.2023.00049,DPG-DT: Differentially Private Generative Digital Twin for Imbalanced Learning in Industrial IoT,2023,research,IEEE MSN,Siyuan Li | Xi Lin | Gaolei Li | Lixing Chen | Siyi Liao | Jing Wang | Jianhua Li,10.1109/MSN60784.2023.00049,,https://doi.org/10.1109/MSN60784.2023.00049,processed,NEU-CLS | DeepPCB,DeepPCB | Northeastern University (NEU) surface defect database,DeepPCB | Northeastern University (NEU) surface defect database,DPG-DT | Synthetic data generation | GAN | Data augmentation,Defect classification,Metal inspection | Semiconductor and electronics,Accuracy | FID | Inception Score,yes,structured metadata,GAN-based generation,Papers/Research/2023 - DPG-DT Differentially Private Generative Digital Twin for Imbalanced Learning in Industrial IoT.md
doi:10.1109/tii.2022.3182781,EID-GAN: Generative Adversarial Nets for Extremely Imbalanced Data Augmentation,2023,research,IEEE Transactions on Industrial Informatics,Wei Li | Jinlin Chen | Jiannong Cao | Chao Ma | Jia Wang | Xiaohui Cui | Ping Chen,10.1109/tii.2022.3182781,,https://doi.org/10.1109/TII.2022.3182781,processed,Fabric Dataset | Piston Dataset | DAGM,,,EID-GAN | GAN | Data augmentation,Surface defect detection | Defect classification,Multi-industry anomaly detection,F1-score | Recall | Precision | False alarm rate,no,structured metadata,,Papers/Research/2023 - EID-GAN Generative Adversarial Nets for Extremely Imbalanced Data Augmentation.md
sha256:392c918e8c501e0f0ff460f0a6cc0bb8174a6df100257d2a55df60067a969c22,Few-Shot Defect Image Generation via Defect-Aware Feature Manipulation,2023,research,AAAI 2023,Yuxuan Duan | Yan Hong | Li Niu | Liqing Zhang,,,https://ojs.aaai.org/index.php/AAAI/article/view/25135,processed,MVTec AD,MVTec AD,MVTec AD,Defect-aware feature manipulation | DFMGAN | StyleGAN2 | GAN | Data augmentation,Defect classification | Surface defect detection,Multi-industry anomaly detection,KID | LPIPS | Accuracy,yes,structured metadata,GAN-based generation,Papers/Research/2023 - Few-Shot Defect Image Generation via Defect-Aware Feature Manipulation.md
doi:10.1016/j.compind.2023.103901,Few-shot semantic segmentation for industrial defect recognition,2023,dataset,Computers in Industry,Xiangwen Shi | Shaobing Zhang | Miao Cheng | Lian He | Xianghong Tang | Zhe Cui,10.1016/j.compind.2023.103901,,https://doi.org/10.1016/j.compind.2023.103901,processed,Industrial-5i | MVTec AD | KolektorSDD | KolektorSDD2 | Magnetic Tile Defects | RSDDs | BSData,BSData | Industrial-5i | KolektorSDD | KolektorSDD2 | Magnetic Tile Defects | MVTec AD,BSData | Industrial-5i | KolektorSDD | KolektorSDD2 | Magnetic Tile Defects | MVTec AD,IndustrialNet | Few-shot anomaly detection | ResNet50 | U-Net,Industrial anomaly detection | Defect segmentation,Multi-industry anomaly detection,mIoU | FB-IoU,no,none,,Papers/Dataset/2023 - Few-shot semantic segmentation for industrial defect recognition.md
sha256:337261a38e08a92e831d51766381541ca0bbcd5039c7442e2a06e91b6b583d96,GBH-YOLOv5: Ghost Convolution with BottleneckCSP and Tiny Target Prediction Head Incorporating YOLOv5 for PV Panel Defect Detection,2023,research,Electronics,Longlong Li | Zhifeng Wang | Tingting Zhang,10.3390/electronics12030561,,https://doi.org/10.3390/electronics12030561,processed,PV-Multi-Defect,PV-Multi-Defect,PV-Multi-Defect,GBH-YOLOv5 | YOLOv5 | Ghost module,PV panel fault detection | Object detection,Solar cells and photovoltaic,mAP | Precision | Recall,no,none,,Papers/Research/2023 - GBH-YOLOv5 Ghost Convolution with BottleneckCSP and Tiny Target Prediction Head Incorporating YOLOv5 for PV Panel Defect Detection.md
sha256:d3cc52c822c6b930e3fc7f82b844bd888aab3a5f4d56afa6c5c54b6e34e7b504,IDD-Net: Industrial defect detection method based on Deep-Learning,2023,research,Engineering Applications of Artificial Intelligence,Zekai Zhang | Mingle Zhou | Honglin Wan | Min Li | Gang Li | Delong Han,10.1016/j.engappai.2023.106390,,https://doi.org/10.1016/j.engappai.2023.106390,processed,NEU-DET | Baidu aluminium surface defect dataset | DeepPCB | BBMP,DeepPCB | NEU-DET,DeepPCB | NEU-DET,IDD-Net | LGB-Net | TFLA-Net | Multi-scale feature fusion | Defect-IoU loss | Ghost module | YOLOv5,Defect detection | Object detection | Metallic surface defect detection | PCB defect detection | Glass container defect detection,Multi-industry anomaly detection,mAP@0.50 | mAP@0.50-0.95 | Precision | Recall | F1-score | GFLOPs | FPS,yes,note body,other generative synthesis,Papers/Research/2023 - IDD-Net Industrial Defect Detection Method Based on Deep-Learning.md
doi:10.1007/s12652-021-03688-7,Industrial Object and Defect Recognition Utilizing Multilevel Feature Extraction from Industrial Scenes with Deep Learning Approach,2023,research,Journal of Ambient Intelligence and Humanized Computing,Ioannis D. Apostolopoulos | Mpesiana A. Tzani,10.1007/s12652-021-03688-7,,https://doi.org/10.1007/s12652-021-03688-7,processed,Six public industrial image datasets,,,Multipath VGG19 | VGG19 | Transfer learning | Data augmentation,Industrial object recognition | Defect classification,Multi-industry anomaly detection,Accuracy | Precision | Recall | F1-score | AUC,no,none,,Papers/Research/2023 - Industrial Object and Defect Recognition Utilizing Multilevel Feature Extraction.md
sha256:dc16b34b08bf5426ed902268a10403a5641eeddf372215cf4404092e2908410b,Intraclass Image Augmentation for Defect Detection Using Generative Adversarial Neural Networks,2023,research,Sensors,Vignesh Sampath | Inaki Maurtua | Juan Jose Aguilar Martin | Ander Iriondo | Iker Lluvia | Gotzone Aizpurua,10.3390/s23041861,,https://doi.org/10.3390/s23041861,processed,Magnetic Particle Inspection Dataset,,,Magna-Defect-GAN | GAN | Data augmentation | Defect synthesis | Pix2Pix | CycleGAN,Surface defect detection | Defect classification,Metal inspection,Precision | Recall | F1-score | Accuracy | FID | Inception Score,no,structured metadata,,Papers/Research/2023 - Intraclass Image Augmentation for Defect Detection Using Generative Adversarial Neural Networks.md
arxiv:2307.08059,LafitE: Latent Diffusion Model with Feature Editing for Unsupervised Multi-class Anomaly Detection,2023,research,arXiv,Haonan Yin | Guanlong Jiao | Qianhui Wu | Borje F. Karlsson | Biqing Huang | Chin-Yew Lin,,2307.08059,https://arxiv.org/abs/2307.08059,processed,MPDD,MPDD,MPDD,LafitE | Diffusion models | Data augmentation,Industrial anomaly detection | Unsupervised anomaly detection,Metal inspection,AU-ROC | AU-PR,yes,structured metadata,diffusion-based generation,Papers/Research/2023 - LafitE Latent Diffusion Model with Feature Editing for Unsupervised Multi-class Anomaly Detection.md
doi:10.1038/s41598-023-47716-2,Metal surface defect detection based on improved YOLOv5,2023,research,Scientific Reports,Chuande Zhou | Zhenyu Lu | Zhongliang Lv | Minghui Meng | Yonghu Tan | Kewen Xia | Kang Liu | Hailun Zuo,10.1038/s41598-023-47716-2,,https://doi.org/10.1038/s41598-023-47716-2,processed,GC10-DET,GC10-DET,GC10-DET,CSPLayer | Global Attention Mechanism | Data augmentation,Object detection | Metallic surface defect detection,Metal inspection,Precision | Recall | F1-score | mAP@0.50 | mAP@0.50-0.95 | FPS,yes,note body,other generative synthesis,Papers/Research/2023 - Metal Surface Defect Detection Based on Improved YOLOv5.md
doi:10.1109/cvpr52729.2023.00776,Multimodal Industrial Anomaly Detection via Hybrid Fusion,2023,research,CVPR 2023,Yue Wang | Jinlong Peng | Jiangning Zhang | Ran Yi | Yabiao Wang | Chengjie Wang,10.1109/CVPR52729.2023.00776,,https://doi.org/10.1109/CVPR52729.2023.00776,processed,MVTec3D,MVTec3D,MVTec3D,Multi-3D-Memory | Unsupervised anomaly detection | Vision Transformer | Point Transformer,Industrial anomaly detection | Defect segmentation,Multi-industry anomaly detection,AU-ROC | AU-PRO,yes,note body,simulation,Papers/Research/2023 - Multimodal Industrial Anomaly Detection via Hybrid Fusion.md
doi:10.1109/tip.2023.3293772,Omni-Frequency Channel-Selection Representations for Unsupervised Anomaly Detection,2023,research,IEEE Transactions on Image Processing,Yufei Liang | Jiangning Zhang | Shiwei Zhao | Runze Wu | Yong Liu | Shuwen Pan,10.1109/TIP.2023.3293772,,https://doi.org/10.1109/TIP.2023.3293772,processed,MVTec AD | DAGM2007 | KolektorSDD | CIFAR-10,DAGM2007 | KolektorSDD | MVTec AD,DAGM2007 | KolektorSDD | MVTec AD,OCR-GAN | Unsupervised anomaly detection | Adam,Industrial anomaly detection | Defect segmentation,Multi-industry anomaly detection,AU-ROC,yes,structured metadata,GAN-based generation,Papers/Research/2023 - Omni-Frequency Channel-Selection Representations for Unsupervised Anomaly Detection.md
doi:10.1109/cvpr52729.2023.00382,OmniAL: A Unified CNN Framework for Unsupervised Anomaly Localization,2023,research,CVPR 2023,Ying Zhao,10.1109/CVPR52729.2023.00382,,https://doi.org/10.1109/CVPR52729.2023.00382,processed,MVTec AD | VisA,MVTec AD | VisA,MVTec AD | VisA,OmniAL | Unsupervised anomaly localization | Defect synthesis | Adam,Industrial anomaly detection | Defect segmentation,Multi-industry anomaly detection,AU-ROC | Average precision | SSIM,yes,structured metadata,other generative synthesis,Papers/Research/2023 - OmniAL A Unified CNN Framework for Unsupervised Anomaly Localization.md
sha256:060a2fd798a5213aeef1375f32ab79d279f4c90ebd86f67d72dc158679ed847d,PreCaCycleGAN: Perceptual Capsule Cyclic Generative Adversarial Network for Industrial Defective Sample Augmentation,2023,research,Electronics,Jiaxing Yang | Ke Wang | Fengkai Luan | Yong Yin | Hu Zhang,10.3390/electronics12163475,,https://doi.org/10.3390/electronics12163475,processed,DAGM2007,DAGM2007,DAGM2007,PreCaCycleGAN | GAN | Data augmentation | Synthetic data generation,Industrial anomaly detection,Multi-industry anomaly detection,mAP@0.50 | Detection rate | False alarm rate,yes,structured metadata,GAN-based generation,Papers/Research/2023 - PreCaCycleGAN Perceptual Capsule Cyclic Generative Adversarial Network for Industrial Defective Sample Augmentation.md
doi:10.1109/tii.2022.3162846,PVEL-AD: A Large-Scale Open-World Dataset for Photovoltaic Cell Anomaly Detection,2023,dataset,IEEE Transactions on Industrial Informatics,Binyi Su | Zhong Zhou | Haiyong Chen,10.1109/tii.2022.3162846,,https://doi.org/10.1109/TII.2022.3162846,processed,PVEL-AD,PVEL-AD,PVEL-AD,F-labelImg,Solar cell defect detection | Defect classification,Solar cells and photovoltaic,Average precision | mAP | IoU | mIoU | FPS,yes,note body,other generative synthesis,Papers/Dataset/2023 - PVEL-AD A Large-Scale Open-World Dataset for Photovoltaic Cell Anomaly Detection.md
doi:10.1007/s44196-023-00328-0)/author(mingjing,Self-Supervised Learning for Industrial Image Anomaly Detection by Simulating Anomalous Samples,2023,research,International Journal of Computational Intelligence Systems,Mingjing Pei | Ningzhong Liu | Bing Zhao | Han Sun,10.1007/s44196-023-00328-0,,https://doi.org/10.1007/s44196-023-00328-0,processed,MVTec AD | BTAD,BTAD | MVTec AD,BTAD | MVTec AD,Defect synthesis | Data augmentation | Self-supervised learning,Industrial anomaly detection | Defect segmentation,Multi-industry anomaly detection,AU-ROC,yes,structured metadata,simulation,Papers/Research/2023 - Self-Supervised Learning for Industrial Image Anomaly Detection by Simulating Anomalous Samples.md
arxiv:2303.06673,SSGD: A Smartphone Screen Glass Dataset for Defect Detection,2023,dataset,arXiv,Haonan Han | Rui Yang | Shuyan Li | Runze Hu | Xiu Li,,2303.06673,https://arxiv.org/abs/2303.06673,processed,SSGD,SSGD,SSGD,Deep convolutional neural network | Vision Transformer | YOLOv5,Smartphone screen glass defect detection,Glass inspection | Semiconductor and electronics,Average precision | mAP@0.50 | GFLOPs | FPS,yes,note body,other generative synthesis,Papers/Dataset/2023 - SSGD A Smartphone Screen Glass Dataset for Defect Detection.md
doi:10.1109/access.2023.3326843,Unveiling Patterns: A Study on Semi-Supervised Classification of Strip Surface Defects,2023,research,IEEE Access,Yongfei Liu | Haoyu Yang | Chenwei Wu,10.1109/access.2023.3326843,,https://doi.org/10.1109/access.2023.3326843,processed,NEU-CLS,Northeastern University (NEU) surface defect database,Northeastern University (NEU) surface defect database,Semi-supervised learning | Image synthesis model | Double uncertainty weighting technique | DCGAN | Data augmentation,Defect classification | Metallic surface defect detection,Metal inspection,Accuracy,yes,structured metadata,other generative synthesis,Papers/Research/2023 - Unveiling Patterns A Study on Semi-Supervised Classification of Strip Surface Defects.md
doi:10.1049/cit2.12126,Wafer Map Defect Patterns Classification Based on a Lightweight Network and Data Augmentation,2023,research,CAAI Transactions on Intelligence Technology,Naigong Yu | Huaisheng Chen | Qiao Xu | Mohammad Mehedi Hasan | Ouattara Sie,10.1049/cit2.12126,,,processed,WM-811K | MixedWM38,MixedWM38 | WM-811K,MixedWM38 | WM-811K,WM-PeleeNet | Autoencoder-decoder data augmentation | Convolutional Block Attention Module | Data augmentation,Wafer map defect classification,Semiconductor and electronics,Accuracy | Precision | Recall | F1-score | Parameter count | GFLOPs | Inference time,yes,note body,GAN-based generation | simulation,Papers/Research/2023 - Wafer Map Defect Patterns Classification Based on a Lightweight Network and Data Augmentation.md
sha256:ab328d0924612db039b469ee2a6ebc7275465f7c9976a3d73923dc5655de4bbd,A Comprehensive Augmentation Framework for Anomaly Detection,2024,research,AAAI 2024,Jiang Lin | Yaping Yan,,,,processed,MVTec AD,MVTec AD,MVTec AD,Data augmentation | Defect synthesis | Synthetic data generation,Industrial anomaly detection | Defect segmentation,Multi-industry anomaly detection,AU-ROC | AU-PR,yes,structured metadata,simulation,Papers/Research/2024 - A Comprehensive Augmentation Framework for Anomaly Detection.md
doi:10.1109/access.2024.3425166,A Comprehensive Review of Convolutional Neural Networks for Defect Detection in Industrial Applications,2024,review,IEEE Access,Khanam,10.1109/access.2024.3425166,2024.34251,,processed,,,,Deep convolutional neural network,Surface defect detection,Industrial visual inspection,,no,note body,,Papers/Review/2024 - A Comprehensive Review of Convolutional Neural Networks for Defect Detection in Industrial Applications.md
doi:10.1038/s41597-024-03656-8,A Dataset for Deep Learning Based Detection of Printed Circuit Board Surface Defect,2024,dataset,Scientific Data,Shengping Lv | Kaibin Zhang | Bin Ouyang | Zhihua Deng | Tairan Liang | Shixin Jiang | Jianyu Chen | Zhuohui Li,10.1038/s41597-024-03656-8,,https://doi.org/10.1038/s41597-024-03656-8,processed,DsPCBSD+,DsPCBSD+,DsPCBSD+,Deep convolutional neural network | Co-DETR | YOLOv6-L6,PCB defect detection | Object detection,Semiconductor and electronics,mAP | mAP@0.50 | mAP@0.75 | mAP@0.50-0.95 | Average precision | Precision | Recall | F1-score,yes,note body,other generative synthesis,Papers/Dataset/2024 - A Dataset for Deep Learning Based Detection of Printed Circuit Board Surface Defect.md
sha256:796caba20b23ed4f2d9a60134a075e87c742cbaffc0592f84fb2966a6a977073,A Diffusion-Based Framework for Multi-Class Anomaly Detection,2024,research,AAAI 2024,Haoyang He | Jiangning Zhang | Hongxu Chen | Xuhai Chen | Zhishan Li | Xu Chen | Yabiao Wang | Chengjie Wang | Lei Xie,10.1609/aaai.v38i8.28690,,https://doi.org/10.1609/aaai.v38i8.28690,processed,MVTec AD | VisA,MVTec AD | VisA,MVTec AD | VisA,DiAD | Diffusion models | Unsupervised anomaly detection | ResNet50,Industrial anomaly detection | Defect segmentation,Multi-industry anomaly detection,AU-ROC | Average precision | F1-score | AU-PRO,yes,structured metadata,diffusion-based generation,Papers/Research/2024 - A Diffusion-Based Framework for Multi-Class Anomaly Detection.md
sha256:0f55657846757fd4057351ab1990c8c61157c83e40c2554b3b876084db89228e,A New ViT-Based Augmentation Framework for Wafer Map Defect Classification to Enhance the Resilience of Semiconductor Supply Chains,2024,research,International Journal of Production Economics,Shu-Kai S. Fan | Shang-Hao Chiu,10.1016/j.ijpe.2024.109275,,https://doi.org/10.1016/j.ijpe.2024.109275,processed,WM-811K,WM-811K,WM-811K,ViT-based wafer map augmentation | Vision Transformer | Data augmentation | CycleGAN,Wafer map defect classification | Defect classification,Semiconductor and electronics,Accuracy | Recall,yes,note body,other generative synthesis,Papers/Research/2024 - A New ViT-Based Augmentation Framework for Wafer Map Defect Classification.md
sha256:a70b9c18d4e2d72ce127d13a58a1e0fd54443ab290d220fb4e4718579cd22254,A Novel Dataset for Fabric Defect Detection: Bridging Gaps in Anomaly Detection,2024,dataset,Applied Sciences,Rui Carrilho | Kailash A. Hambarde | Hugo Proenca,10.3390/app14125298,,https://doi.org/10.3390/app14125298,processed,Lusitano,Lusitano,Lusitano,RD4AD | DBFAD,Textile defect detection | Industrial anomaly detection,Textile and fiber inspection,AU-ROC | mAP,yes,note body,other generative synthesis,Papers/Dataset/2024 - A Novel Dataset for Fabric Defect Detection Bridging Gaps in Anomaly Detection.md
doi:10.1007/s00521-021-06397-6,A Systematic Review of Deep Learning Approaches for Surface Defect Detection in Industrial Applications,2024,review,Neural Computing and Applications,Ameri | Hammad Mian | Bennamoun | Saddik,10.1007/s00521-021-06397-6,,,processed,,,,Deep convolutional neural network,Surface defect detection,Industrial visual inspection,,no,note body,,Papers/Review/2024 - A Systematic Review of Deep Learning Approaches for Surface Defect Detection in Industrial Applications.md
arxiv:2407.09359,A Unified Anomaly Synthesis Strategy with Gradient Ascent for Industrial Anomaly Detection and Localization,2024,research,arXiv,Qiyu Chen | Huiyuan Luo | Chengkan Lv | Zhengtao Zhang,,2407.09359,https://arxiv.org/abs/2407.09359,processed,MVTec AD | VisA | MPDD | Woven fabric defect dataset,MPDD | MVTec AD | VisA,MPDD | MVTec AD | VisA,GLASS | Synthetic data generation | Data augmentation | WideResNet50 | Adam,Industrial anomaly detection | Defect segmentation,Multi-industry anomaly detection | Textile and fiber inspection,AU-ROC | AU-PRO,yes,structured metadata,other generative synthesis,Papers/Research/2024 - A Unified Anomaly Synthesis Strategy with Gradient Ascent for Industrial Anomaly Detection and Localization.md
sha256:1d5ef170337099eff96c54785c1c7d05de186a4b376da538ae6c4545fde2606e,An improved hybrid solar cell defect detection approach using Generative Adversarial Networks and weighted classification,2024,research,Expert Systems With Applications,Mustafa Yusuf Demirci | Nurettin Besli | Abdulkadir Gumuscu,10.1016/j.eswa.2024.124230,,https://doi.org/10.1016/j.eswa.2024.124230,processed,ELPV Dataset | Demirci custom EL dataset,ELPV Dataset,ELPV Dataset,WGAN-GP solar cell augmentation | GAN | Data augmentation | VGG-16,Solar cell defect detection | Defect classification,Solar cells and photovoltaic,Accuracy | Precision | Recall | F1-score,yes,structured metadata,GAN-based generation,Papers/Research/2024 - Improved Hybrid Solar Cell Defect Detection Using GANs and Weighted Classification.md
arxiv:2312.05767,AnomalyDiffusion: Few-Shot Anomaly Image Generation with Diffusion Model,2024,research,arXiv,Teng Hu | Jiangning Zhang | Ran Yi | Yuzhen Du | Xu Chen | Liang Liu | Yabiao Wang | Chengjie Wang,,2312.05767,https://arxiv.org/abs/2312.05767,processed,MVTec AD,MVTec AD,MVTec AD,AnomalyDiffusion | Diffusion models | Few-shot zero-shot learning | Synthetic data generation | Data augmentation,Industrial anomaly detection | Defect segmentation | Defect classification,Multi-industry anomaly detection,AU-ROC | Average precision | F1-score | Accuracy,yes,structured metadata,diffusion-based generation,Papers/Research/2024 - AnomalyDiffusion Few-Shot Anomaly Image Generation with Diffusion Model.md
arxiv:2404.19444,AnomalyXFusion: Multi-modal Anomaly Synthesis with Diffusion,2024,research,arXiv,Jie Hu | Yawen Huang | Yilin Lu | Guoyang Xie | Guannan Jiang | Yefeng Zheng | Zhichao Lu,,2404.19444,https://github.com/hujiecpp/MVTec-Caption,processed,MVTec AD | MVTec LOCO AD | MVTec Caption,MVTec AD | MVTec Caption | MVTec LOCO AD,MVTec AD | MVTec Caption | MVTec LOCO AD,AnomalyXFusion | Diffusion models | Synthetic data generation | Data augmentation,Industrial anomaly detection | Defect segmentation,Multi-industry anomaly detection,Inception Score | LPIPS | AU-ROC | Average precision | F1-score | Accuracy,yes,structured metadata,diffusion-based generation,Papers/Research/2024 - AnomalyXFusion Multi-modal Anomaly Synthesis with Diffusion.md
doi:10.1038/s41597-024-02914-z)/producer(itext,Benchmark for Welding Gun Fault Prediction with Multivariate Time Series Data,2024,dataset,Scientific Data,Xiaoye Wang | Changsheng Zhang | Tao Wang,10.1038/s41597-024-02914-z,,https://doi.org/10.1038/s41597-024-02914-z,processed,RSW gun fault prediction benchmark dataset,RSW gun fault prediction benchmark dataset,RSW gun fault prediction benchmark dataset,Classical ML | Neural Networks | Transformers,Welding gun fault prediction,Automotive manufacturing,Mean Absolute Error | Mean Absolute Percentage Error | Mean Absolute Ranged Relative Error | Mean Squared Error | Accuracy | Recall,no,none,,Papers/Dataset/2024 - Benchmark for Welding Gun Fault Prediction with Multivariate Time Series Data.md
doi:10.1109/icassp48485.2024.10447663,CAGEN: Controllable Anomaly Generator Using Diffusion Model,2024,research,ICASSP 2024,Bolin Jiang | Yuqiu Xie | Jiawei Li | Naiqi Li | Yong Jiang | Shu-Tao Xia,10.1109/icassp48485.2024.10447663,,https://doi.org/10.1109/ICASSP48485.2024.10447663,processed,MVTec AD | BTAD,BTAD | MVTec AD,BTAD | MVTec AD,CAGen | Diffusion models | Synthetic data generation | ControlNet,Industrial anomaly detection | Defect segmentation,Multi-industry anomaly detection,AU-ROC | Average precision,yes,structured metadata,diffusion-based generation,Papers/Research/2024 - CAGEN Controllable Anomaly Generator Using Diffusion Model.md
doi:10.1109/wacv57701.2024.00216,Cheating Depth: Enhancing 3D Surface Anomaly Detection via Depth Simulation,2024,research,WACV 2024,Vitjan Zavrtanik | Matej Kristan | Danijel Skocaj,10.1109/WACV57701.2024.00216,,https://doi.org/10.1109/WACV57701.2024.00216,processed,MVTec3D | Eyecandies,MVTec3D,MVTec3D,3DSR | Depth simulation | Unsupervised anomaly detection | Simulation-based data augmentation,Industrial anomaly detection | Defect segmentation,Multi-industry anomaly detection,AU-ROC | AU-PRO | FPS,yes,structured metadata,simulation,Papers/Research/2024 - Cheating Depth Enhancing 3D Surface Anomaly Detection via Depth Simulation.md
doi:10.1007/s00521-024-10179-1,Conditional image-to-image translation generative adversarial network (cGAN) for fabric defect data augmentation,2024,research,Neural Computing and Applications,Swash Sami Mohammed | Hulya Gokalp Clarke,10.1007/s00521-024-10179-1,,https://doi.org/10.1007/s00521-024-10179-1,processed,AITEX,AITEX,AITEX,Image-to-image cGAN fabric defect augmentation | GAN | U-Net | Data augmentation | Synthetic data generation,Textile defect detection | Defect segmentation,Textile and fiber inspection,Accuracy | Recall | Precision | F1-score,yes,structured metadata,GAN-based generation,Papers/Research/2024 - Conditional image-to-image translation generative adversarial network cGAN for fabric defect data augmentation.md
sha256:b06c2180545caeb4f14d5b111a68a06701f2c365a97322822765a9461682487d,Context-Enhanced Network with Spatial-Aware Graph for Smartphone Screen Defect Detection,2024,research,Sensors,Aili Liang | Qishan Wang | Xiaofeng Wu,10.3390/s24113430,,https://doi.org/10.3390/s24113430,processed,SSGD | DeepPCB,DeepPCB | SSGD,DeepPCB | SSGD,CE-SGNet | Adaptive Receptive Field Attention Module | Spatial-aware Graph Reasoning Module | Faster R-CNN,Smartphone screen glass defect detection | Object detection,Glass inspection | Semiconductor and electronics,Average precision | mAP@0.50 | mAP@0.75 | GFLOPs | FPS,no,none,,Papers/Research/2024 - Context-Enhanced Network with Spatial-Aware Graph for Smartphone Screen Defect Detection.md
doi:10.1007/s11633-023-1459-z,Deep Industrial Image Anomaly Detection: A Survey,2024,review,Machine Intelligence Research,Jiaqi Liu | Guoyang Xie | Jinbao Wang | Shangnian Li | Chengjie Wang | Feng Zheng | Yaochu Jin,10.1007/s11633-023-1459-z,,https://doi.org/10.1007/s11633-023-1459-z,processed,AITEX | DAGM2007 | MVTec AD,AITEX | DAGM2007 | MVTec AD,AITEX | DAGM2007 | MVTec AD,Synthetic data generation | Data augmentation | GAN,Industrial anomaly detection,Multi-industry anomaly detection,AU-ROC | AU-PR | F1-score,yes,structured metadata,GAN-based generation,Papers/Review/2024 - Deep Industrial Image Anomaly Detection A Survey.md
sha256:d7a56694798d4b80a791b0b2cf1cb5cb69597987614fb938d31958a9cf0b89c5,Deep Learning for Solar Panels Defect Classification Using Data Augmentation Strategies,2024,research,Learning and Nonlinear Models,Marcos Vinicius Franca Nunes | Andre Luiz Carvalho Ottoni,,,,processed,combined Kaggle solar panel image datasets,,,Data augmentation,Solar panel classification | Defect classification,Solar cells and photovoltaic,Accuracy | Precision | Recall | F1-score,no,note body,,Papers/Research/2024 - Deep Learning for Solar Panels Defect Classification Using Data Augmentation Strategies.md
doi:10.1007/s00371-023-03225-x,Defect detection in automotive glass based on modified YOLOv5 with multi-scale feature fusion and dual lightweight strategy,2024,research,The Visual Computer,Zhe Chen | Shihao Huang | Hui Lv | Zhixue Luo | Jinhao Liu,10.1007/s00371-023-03225-x,,https://doi.org/10.1007/s00371-023-03225-x,processed,AuGD,,,YOLOv5 | MobileNet | Ghost module | Multi-scale feature fusion | Pseudo-labeling,Diverse glass surface defect detection,,mAP@0.50 | Precision | Recall | GFLOPs,no,none,,Papers/Research/2024 - Defect Detection in Automotive Glass Based on Modified YOLOv5.md
sha256:ebeddf097d0c218a1d0d57c90e3c371791d4526a00bb11a31ca7c195bd46c037,Defect detection in textile manufacturing: Improving findings using YOLOv5 versions,2024,research,,Rodolfo Seidel | Claudio Alberto Waiandt | Hilario Seibel Junior,,,,processed,AITEX,AITEX,AITEX,YOLOv5 | Data augmentation,Textile defect detection | Object detection,Textile and fiber inspection,mAP@0.50-0.95 | mAP@0.50 | Precision | Recall | F1-score,yes,note body,rule-based insertion,Papers/Research/2024 - Defect detection in textile manufacturing Improving findings using YOLOv5 versions.md
arxiv:2310.17316,Defect Spectrum: A Granular Look of Large-Scale Defect Datasets with Rich Semantics,2024,benchmark,arXiv,Shuai Yang | Zhifei Chen | Pengguang Chen | Xi Fang | Yixun Liang | Shu Liu | Yingcong Chen,,2310.17316,https://envision-research.github.io/Defect_Spectrum/,processed,Defect Spectrum | MVTec AD | DAGM2007,DAGM2007 | Defect Spectrum | MVTec AD,DAGM2007 | Defect Spectrum | MVTec AD,Semantic defect annotation | Defect-Gen | Data augmentation,Industrial anomaly detection | Defect segmentation | Defect classification,Multi-industry anomaly detection,mIoU | Recall | FID | LPIPS,yes,structured metadata,other generative synthesis,Papers/Benchmark/2024 - Defect Spectrum A Granular Look of Large-Scale Defect Datasets with Rich Semantics.md
sha256:42ee3d267166f3013d302993ef409f584cf0d8ff609668d48a56d90c22eb666f,Detecting Visual Anomalies in an Industrial Environment: Unsupervised Methods Put to the Test on the AutoVI Dataset,2024,benchmark,Computers in Industry,Philippe Carvalho | Meriem Lafou | Alexandre Durupt | Antoine Leblanc | Yves Grandvalet,10.1016/j.compind.2024.104151,,https://doi.org/10.1016/j.compind.2024.104151,processed,AutoVI,AutoVI,AutoVI,Unsupervised anomaly detection | Unsupervised learning | Patch-based anomaly detection,Industrial anomaly detection | Surface defect detection,Automotive manufacturing,AU-ROC | Average precision | Area Under Saturated Per-Region Overlap,yes,note body,other generative synthesis,Papers/Benchmark/2024 - Detecting Visual Anomalies in an Industrial Environment Unsupervised Methods Put to the Test on the AutoVI Dataset.md
sha256:f2669f120eb2adc4368696ce7cf804db55c739797a8c688b8ae945e04bffac42,DiffDD: A Surface Defect Detection Framework with Diffusion Probabilistic Model,2024,research,Advanced Engineering Informatics,Xin Zhou | Yongchao Zhang | Zhaohui Ren | Tianchuan Mi | Ke Feng | Shihua Zhou | Zeyu Jiang,10.1016/j.aei.2024.102637,,https://doi.org/10.1016/j.aei.2024.102637,processed,NEU-SEG | Magnetic Tile Defects | KolektorSDD2 | DAGM2007,DAGM2007 | KolektorSDD2 | Magnetic Tile Defects | NEU-SEG,DAGM2007 | KolektorSDD2 | Magnetic Tile Defects | NEU-SEG,DiffDD | Diffusion models,Surface defect detection | Defect segmentation | Defect classification,Multi-industry anomaly detection,F1-score | mAP | AU-ROC | IoU | Recall,yes,structured metadata,diffusion-based generation,Papers/Research/2024 - DiffDD A Surface Defect Detection Framework with Diffusion Probabilistic Model.md
sha256:d679f1fb776c738a80641d578aa97bf43a6e89fa6d9aa1d256ab8be12720091f,Dual-Modal Illumination System for Defect Detection of Aircraft Glass Canopies,2024,research,Sensors,Zijian Li | Yong Yao | Runyuan Wen | Qiyang Liu,10.3390/s24206717,,https://doi.org/10.3390/s24206717,processed,AGDD,AGDD,AGDD,Dual-modal illumination for transparent material inspection | ADMF-Net | RGB Channel Fusion | YOLOv8,Aircraft glass canopy defect detection | Object detection,Glass inspection,mAP@0.50 | mAP | Precision | Recall,no,none,,Papers/Research/2024 - Dual-Modal Illumination System for Defect Detection of Aircraft Glass Canopies.md
doi:10.1038/s41598-024-72579-6,Efficient and accurate semi-supervised semantic segmentation for industrial surface defects,2024,research,Scientific Reports,Chenbo Shi | Kang Wang | Guodong Zhang | Zelong Li | Changsheng Zhu,10.1038/s41598-024-72579-6,,https://doi.org/10.1038/s41598-024-72579-6,processed,KolektorSDD | Steel dataset,KolektorSDD,KolektorSDD,two-branch perturbation cross pseudo-supervision | Pseudo-labeling | Data augmentation,Defect segmentation,Metal inspection,mIoU | F1-score | pixel accuracy | FPS,yes,note body,other generative synthesis,Papers/Research/2024 - Efficient and Accurate Semi-Supervised Semantic Segmentation for Industrial Surface Defects.md
doi:10.1038/s41598-024-75772-9,Enhanced Photovoltaic Panel Defect Detection via Adaptive Complementary Fusion in YOLO-ACF,2024,research,Scientific Reports,Wenwen Pan | Xiaofei Sun | Yilun Wang | Yang Cao | Yizheng Lang | Yunsheng Qian,10.1038/s41598-024-75772-9,,https://doi.org/10.1038/s41598-024-75772-9,processed,PVEL-AD,PVEL-AD,PVEL-AD,YOLO-ACF | YOLOv5,Solar cell defect detection | Surface defect detection,Solar cells and photovoltaic,Precision | Recall | Average precision | mAP | FPS,no,none,,Papers/Research/2024 - Enhanced Photovoltaic Panel Defect Detection via Adaptive Complementary Fusion in YOLO-ACF.md
doi:10.17632/6574nhzm8x.1,FabricSpotDefect: An annotated dataset for identifying spot defects in different fabric types,2024,dataset,Data in Brief,Farzana Islam | Sumaya | Md Fahad Monir | Ashraful Islam,10.1016/j.dib.2024.111165,,https://doi.org/10.1016/j.dib.2024.111165,processed,FabricSpotDefect,FabricSpotDefect,FabricSpotDefect,Data augmentation,Textile defect detection | Defect segmentation,Textile and fiber inspection,,yes,note body,simulation,Papers/Dataset/2024 - FabricSpotDefect An Annotated Dataset for Identifying Spot Defects in Different Fabric Types.md
doi:10.1038/s41598-024-83430-3,Feature optimization-guided high-precision and real-time metal surface defect detection network,2024,research,Scientific Reports,Sixian Chan | Suqiang Li | Hongkai Zhang | Xiaolong Zhou | Jiafa Mao | Feng Hong,10.1038/s41598-024-83430-3,,https://doi.org/10.1038/s41598-024-83430-3,processed,NEU-DET | GC10-DET | APDDD,APDDD | GC10-DET | NEU-DET,APDDD | GC10-DET | NEU-DET,multi-layer feature alignment | dual-branch feature reorganization,Object detection | Metallic surface defect detection,Metal inspection,mAP | FPS,yes,note body,other generative synthesis,Papers/Research/2024 - Feature Optimization-Guided High-Precision and Real-Time Metal Surface Defect Detection Network.md
doi:10.1109/access.2024.3406438,FEGAN: A Feature Extraction Based Approach For GAN Anomaly Detection And Localization,2024,research,IEEE Access,Fu-You Fan | Lin Zhang | Yang Dai,10.1109/access.2024.3406438,,https://doi.org/10.1109/access.2024.3406438,processed,MVTec AD | Bottle-Cap Dataset,Bottle-Cap Dataset | MVTec AD,Bottle-Cap Dataset | MVTec AD,FEGAN | GAN | Feature extraction,Industrial anomaly detection | Defect segmentation,Multi-industry anomaly detection,AU-ROC | IoU,yes,structured metadata,GAN-based generation,Papers/Research/2024 - FEGAN A Feature Extraction Based Approach for GAN Anomaly Detection and Localization.md
sha256:783f4ef49bd0a25bcc1b8f1a20fbe0a93f0a00852f845ede9a0a4dde48da9458,Glass Defect Detection with Improved Data Augmentation under Total Reflection Lighting,2024,research,Applied Sciences,Pengfei Ding | Liangen Yang,10.3390/app14135658,,https://doi.org/10.3390/app14135658,processed,Mobile Phone Flat Glass Defect Dataset,,,YOLOv5_zc | YOLOv5 | Convolutional Block Attention Module | Poisson defect image augmentation | Total reflection grazing incidence combined lighting,Smartphone screen glass defect detection | Object detection,Glass inspection,mAP | Average precision | Precision | Recall | False acceptance rate | False rejection rate | Detection success rate,no,note body,,Papers/Research/2024 - Glass Defect Detection with Improved Data Augmentation under Total Reflection Lighting.md
sha256:89659bc837c6a2c7704efd7e0957879dc4bb82c823585ab46354621d94dd6942,High-Precision Defect Detection in Solar Cells Using YOLOv10 Deep Learning Model,2024,research,Solar,Lotfi Aktouf | Yathin Shivanna | Mahmoud Dhimish,10.3390/solar4040030,,https://doi.org/10.3390/solar4040030,processed,EL Solar Cells Dataset,,,YOLOv10,Solar cell defect detection,Solar cells and photovoltaic,mAP@0.50 | Precision | Recall | F1-score,no,none,,Papers/Research/2024 - High-Precision Defect Detection in Solar Cells Using YOLOv10 Deep Learning Model.md
sha256:dc214d9603ecc4514140d13546261951e7d2e0ca0bba191bb39dd33410316685,Industrial Product Surface Anomaly Detection with Realistic Synthetic Anomalies Based on Defect Map Prediction,2024,research,Sensors,Tao Peng | Yu Zheng | Lin Zhao | Enrang Zheng,10.3390/s24010264,,https://doi.org/10.3390/s24010264,processed,MVTec AD,MVTec AD,MVTec AD,Defect synthesis | Synthetic data generation | Data augmentation,Industrial anomaly detection | Defect segmentation,Multi-industry anomaly detection,AU-ROC | AU-PR,yes,structured metadata,other generative synthesis,Papers/Research/2024 - Industrial Product Surface Anomaly Detection with Realistic Synthetic Anomalies Based on Defect Map Prediction.md
doi:10.3390/s24186016,Latent Diffusion Models to Enhance the Performance of Visual Defect Segmentation Networks in Steel Surface Inspection,2024,research,Sensors,Jon Leinena | Fatima A. Saiz | Inigo Barandiaran,10.3390/s24186016,,https://doi.org/10.3390/s24186016,processed,NEU-SEG,NEU-SEG,NEU-SEG,LoRA-adapted diffusion augmentation | Diffusion models | Data augmentation,Defect segmentation,Metal inspection,mIoU,yes,structured metadata,diffusion-based generation,Papers/Research/2024 - Latent Diffusion Models to Enhance the Performance of Visual Defect Segmentation Networks in Steel Surface Inspection.md
doi:10.1109/access.2024.3407019,"LoHi-WELD: A Novel Industrial Dataset for Weld Defect Detection and Classification, a Deep Learning Study, and Future Perspectives",2024,dataset,IEEE Access,Sylvio B. Block | Ricardo D. da Silva | Andre E. Lazzaretti | Rodrigo Minetto,10.1109/ACCESS.2024.3407019,,https://doi.org/10.1109/ACCESS.2024.3407019,processed,LoHi-WELD,LoHi-WELD,LoHi-WELD,YOLOv7 | Deep convolutional neural network | Data augmentation,Weld defect detection | Defect classification | Defect detection,Metal inspection,Precision | Recall | F1-score | mAP@0.50,yes,note body,rule-based insertion,"Papers/Dataset/2024 - LoHi-WELD A Novel Industrial Dataset for Weld Defect Detection and Classification, a Deep Learning Study, and Future Perspectives.md"
doi:10.1109/tnnls.2023.3344118,MSFlow: Multiscale Flow-Based Framework for Unsupervised Anomaly Detection,2024,research,IEEE Transactions on Neural Networks and Learning Systems,Yixuan Zhou | Xing Xu | Jingkuan Song | Fumin Shen | Heng Tao Shen,10.1109/TNNLS.2023.3344118,,https://doi.org/10.1109/TNNLS.2023.3344118,processed,MVTec AD | Magnetic Tile Defects,Magnetic Tile Defects | MVTec AD,Magnetic Tile Defects | MVTec AD,MSFlow | Unsupervised anomaly detection | Unsupervised anomaly localization,Industrial anomaly detection | Defect segmentation,Multi-industry anomaly detection,AU-ROC | AU-PRO,no,none,,Papers/Research/2024 - MSFlow Multiscale Flow-Based Framework for Unsupervised Anomaly Detection.md
sha256:766f715c8dcd2b1981b7fd4577a6f228f3655cb09df5d15498cc7d327a657f6b,Multimodal Industrial Anomaly Detection by Crossmodal Feature Mapping,2024,research,CVPR 2024,Alex Costanzino | Pierluigi Zama Ramirez | Giuseppe Lisanti | Luigi Di Stefano,10.1109/CVPR52733.2024.01631,,https://doi.org/10.1109/CVPR52733.2024.01631,processed,MVTec3D,MVTec3D,MVTec3D,Crossmodal Feature Mapping | Unsupervised anomaly detection,Industrial anomaly detection | Defect segmentation,Multi-industry anomaly detection,AU-PRO | FPS,yes,note body,simulation,Papers/Research/2024 - Multimodal Industrial Anomaly Detection by Crossmodal Feature Mapping.md
doi:10.1049/ipr2.13073,NHD-YOLO: Improved YOLOv8 using optimized neck and head for product surface defect detection with data augmentation,2024,research,IET Image Processing,Faquan Chen | Hui Gao | Miaolei Deng | Xiaoya Yang | Dexian Zhang,10.1049/ipr2.13073,,https://doi.org/10.1049/ipr2.13073,processed,NEU-DET | PKU-Market-PCB,HRIPCB | NEU-DET,HRIPCB | NEU-DET,NHD-YOLO | YOLOv8 | Data augmentation | Synthetic data generation,Defect detection | Object detection,Metal inspection,Average precision | mAP@0.50 | mAP@0.75,yes,structured metadata,rule-based insertion,Papers/Research/2024 - NHD-YOLO Improved YOLOv8 Using Optimized Neck and Head.md
arxiv:2403.10369,Open Stamped Parts Dataset,2024,dataset,arXiv,Sarah Antiles | Sachin Talathi,,2403.10369,https://arxiv.org/abs/2403.10369,processed,Open Stamped Parts Dataset,Open Stamped Parts Dataset,Open Stamped Parts Dataset,YOLOv7 | Simulation-based data augmentation | Contrastive unpaired translation,Metallic surface defect detection | Defect segmentation,,Precision | Recall | Modified recall | Modified F0.9 score,yes,structured metadata,simulation,Papers/Dataset/2024 - Open Stamped Parts Dataset.md
doi:10.1109/icassp48485.2024.10446994,Patch-Wise Augmentation for Anomaly Detection and Localization,2024,research,ICASSP 2024,Yiwen Ding | Lei Fan | Maurice Pagnucco | Yang Song,10.1109/icassp48485.2024.10446994,,,processed,MVTec AD | BTAD,BTAD | MVTec AD,BTAD | MVTec AD,PatchAnomaly | Data augmentation | Defect synthesis,Industrial anomaly detection | Defect segmentation,Multi-industry anomaly detection,AU-ROC,yes,structured metadata,other generative synthesis,Papers/Research/2024 - Patch-Wise Augmentation for Anomaly Detection and Localization.md
doi:10.1007/s10845-023-02119-y,Process Monitoring and Machine Learning for Defect Detection in Laser-Based Metal Additive Manufacturing,2024,review,Journal of Intelligent Manufacturing,Herzog,10.1007/s10845-023-02119-y,,,processed,,,,Deep convolutional neural network,Additive manufacturing defect detection,Metal inspection | Smart manufacturing,,no,note body,,Papers/Review/2024 - Process Monitoring and Machine Learning for Defect Detection in Laser-Based Metal Additive Manufacturing.md
doi:10.1109/cvpr52733.2024.01594,PromptAD: Learning Prompts with Only Normal Samples for Few-Shot Anomaly Detection,2024,research,CVPR 2024,Xiaofan Li | Zhizhong Zhang | Xin Tan | Chengwei Chen | Yanyun Qu | Yuan Xie | Lizhuang Ma,10.1109/CVPR52733.2024.01594,,https://doi.org/10.1109/CVPR52733.2024.01594,processed,MVTec AD | VisA,MVTec AD | VisA,MVTec AD | VisA,PromptAD | Few-shot anomaly detection | Vision-language prompt learning,Industrial anomaly detection | Defect segmentation,Multi-industry anomaly detection,AU-ROC | Average precision,yes,note body,other generative synthesis,Papers/Research/2024 - PromptAD Learning Prompts with Only Normal Samples for Few-Shot Anomaly Detection.md
doi:10.1109/cvpr52733.2024.02159,Real-IAD: A Real-World Multi-View Dataset for Benchmarking Versatile Industrial Anomaly Detection,2024,dataset,CVPR,Chengjie Wang | Wenbing Zhu | Bin-Bin Gao | Zhenye Gan | Jiangning Zhang | Zhihao Gu | Shuguang Qian | Mingang Chen | Lizhuang Ma,10.1109/cvpr52733.2024.02159,,https://realiad4ad.github.io/Real-IAD,processed,Real-IAD,Real-IAD,Real-IAD,Unsupervised anomaly detection | Unsupervised learning | Fully unsupervised industrial anomaly detection,Industrial anomaly detection | Defect segmentation,Multi-industry anomaly detection,AU-ROC | AU-PRO,no,none,,Papers/Dataset/2024 - Real-IAD A Real-World Multi-View Dataset for Benchmarking Versatile Industrial Anomaly Detection.md
arxiv:2403.05897,RealNet: A Feature Selection Network with Realistic Synthetic Anomaly for Anomaly Detection,2024,research,arXiv,Ximiao Zhang | Xiuzhuang Zhou | Min Xu,,2403.05897,,processed,MVTec AD | MPDD | BTAD | VisA,BTAD | MPDD | MVTec AD | VisA,BTAD | MPDD | MVTec AD | VisA,RealNet | Diffusion models | Synthetic data generation,Industrial anomaly detection | Defect segmentation,Multi-industry anomaly detection,AU-ROC | AU-PRO,yes,structured metadata,diffusion-based generation,Papers/Research/2024 - RealNet A Feature Selection Network with Realistic Synthetic Anomaly for Anomaly Detection.md
doi:10.1007/s00170-024-14403-z,Resilient machine learning for steel surface defect detection based on lightweight convolution,2024,research,The International Journal of Advanced Manufacturing Technology,Li-Juan Liu | Yu Zhang | Hamid Reza Karimi,10.1007/s00170-024-14403-z,,https://doi.org/10.1007/s00170-024-14403-z,processed,NEU-DET | GC10-DET,GC10-DET | NEU-DET,GC10-DET | NEU-DET,ScConv | GSConv | VoV-GSCSP | Coordinate attention,Object detection | Metallic surface defect detection,Metal inspection,Average precision | mAP@0.50 | FPS,yes,note body,other generative synthesis,Papers/Research/2024 - Resilient Machine Learning for Steel Surface Defect Detection Based on Lightweight Convolution.md
sha256:174ded8816c007830ea9be967a5fc818b3b3297924016d15342ee787ce82ce5a,Scarcity-GAN: Scarce Data Augmentation for Defect Detection via Generative Adversarial Nets,2024,research,Neurocomputing,Chaobin Xu | Wei Li | Xiaohui Cui | Zhenyu Wang | Fengling Zheng | Xiaowu Zhang | Bin Chen,10.1016/j.neucom.2023.127061,,,processed,O-ring Dataset | Metal Iron Sheet Dataset | CODEBRIM | DAGM | Magnetic Tile Defects | CrackForestDataset,CODEBRIM | Magnetic Tile Defects,CODEBRIM | Magnetic Tile Defects,Scarcity-GAN | GAN | Data augmentation,Surface defect detection | Defect classification,Multi-industry anomaly detection,FID | Precision | Recall | F1-score,yes,structured metadata,GAN-based generation,Papers/Research/2024 - Scarcity-GAN Scarce Data Augmentation for Defect Detection via Generative Adversarial Nets.md
doi:10.1109/icispc63824.2024.00010,Steel Surface Defect Detection Based on Denoising Diffusion Implicit Models with Data Augmentation,2024,systems,"2024 8th International Conference on Imaging, Signal Processing and Communications",Yuhang Hong | Ziwen Wang | Wenzhen Wu | Zhenbing Liu | Benying Tan | Guangxi Chen | Yujie Li,10.1109/icispc63824.2024.00010,,https://doi.org/10.1109/icispc63824.2024.00010,processed,NEU-DET,NEU-DET,NEU-DET,Diffusion models | Data augmentation | YOLO-DSC,Defect detection | Metallic surface defect detection,Metal inspection,mAP@0.50,yes,structured metadata,diffusion-based generation,Papers/Systems/2024 - Steel Surface Defect Detection Based on Denoising Diffusion Implicit Models with Data Augmentation.md
doi:10.1038/s41598-024-57990-3)/author(hongkai,Surface Defect Detection of Hot Rolled Steel Based on Multi-Scale Feature Fusion and Attention Mechanism Residual Block,2024,research,Scientific Reports,Hongkai Zhang | Suqiang Li | Qiqi Miao | Ruidi Fang | Song Xue | Qianchuan Hu | Jie Hu | Sixian Chan,10.1038/s41598-024-57990-3,,https://doi.org/10.1038/s41598-024-57990-3,processed,NEU-DET | GC10-DET | APDDD,APDDD | GC10-DET | NEU-DET,APDDD | GC10-DET | NEU-DET,YOLOv5 | Multi-scale feature fusion and CRA block,Metallic surface defect detection,Metal inspection,mAP | FPS | GFLOPs | Average precision,no,none,,Papers/Research/2024 - Surface Defect Detection of Hot Rolled Steel Based on Multi-Scale Feature Fusion and Attention Mechanism Residual Block.md
doi:10.1088/1361-6501/ad5b7c,Surface Defect Detection of Strip Steel Based on GT-CutMix Augmentation Algorithm and Improved DSSD Model,2024,research,Measurement Science and Technology,Liyuan Lin | Aolin Wen | Ying Wang | Shuxian Zhao | Shun Zhang | Jingpeng Yan | Yuan Zhou | Weibin Zhou,10.1088/1361-6501/ad5b7c,,https://doi.org/10.1088/1361-6501/ad5b7c,processed,NEU-DET | X-SDD,NEU-DET | X-SDD,NEU-DET | X-SDD,GT-CutMix | Data augmentation,Defect detection | Metallic surface defect detection,Metal inspection,mAP,no,none,,Papers/Research/2024 - Surface Defect Detection of Strip Steel Based on GT-CutMix Augmentation Algorithm and Improved DSSD Model.md
arxiv:2411.11029,Wafer Map Defect Classification Using Autoencoder-Based Data Augmentation and Convolutional Neural Network,2024,research,arXiv,Yin-Yin Bao | Er-Chao Li | Hong-Qiang Yang | Bin-Bin Jia,,2411.11029,https://arxiv.org/abs/2411.11029,processed,WM-811K,WM-811K,WM-811K,Autoencoder-decoder data augmentation | Data augmentation | Deep convolutional neural network,Wafer map defect classification,Semiconductor and electronics,Accuracy | Precision | Recall | F1-score | AU-ROC | Average precision,yes,note body,GAN-based generation,Papers/Research/2024 - Wafer Map Defect Classification Using Autoencoder-Based Data Augmentation and Convolutional Neural Network.md
arxiv:2511.15440,A Dataset and Baseline for Deep Learning-Based Visual Quality Inspection in Remanufacturing,2025,dataset,IEEE International Conference on Emerging Technologies and Factory Automation (ETFA),Johannes C. Bauer | Paul Geng | Stephan Trattnig | Petr Dokladal | Rudiger Daub,10.1109/ETFA65518.2025.11205777,2511.15440,https://doi.org/10.1109/ETFA65518.2025.11205777,processed,Gearbox components remanufacturing inspection dataset,Gearbox components remanufacturing inspection dataset,Gearbox components remanufacturing inspection dataset,Contrastive regularization loss | Deep convolutional neural network | Vision Transformer,Defect classification,Remanufacturing inspection | Automotive manufacturing,F1-score,yes,note body,simulation | procedural synthesis,Papers/Dataset/2025 - A Dataset and Baseline for Deep Learning-Based Visual Quality Inspection in Remanufacturing.md
doi:10.1038/s41597-025-04454-6,A Dataset for Surface Defect Detection on Complex Structured Parts Based on Photometric Stereo,2025,dataset,Scientific Data,Lin Wu | Yu Ran | Li Yan | Yixing Liu | You Song | Dongran Han,10.1038/s41597-025-04454-6,,https://doi.org/10.1038/s41597-025-04454-6,processed,MSDD | NEU-DET | GC10-DET,GC10-DET | MSDD | NEU-DET,GC10-DET | MSDD | NEU-DET,Photometric stereo | Stroboscopic Illuminant Image Acquisition | Taylor Series Channel Mixer | Phase-Invariant Feature Module | YOLOv5 | YOLOv8 | FCOS | RT-DETR,Casting surface defect detection | Object detection,Metal inspection,mAP@0.50 | mAP | Average precision | MSE | PSNR | SSIM,no,none,,Papers/Dataset/2025 - A Dataset for Surface Defect Detection on Complex Structured Parts Based on Photometric Stereo.md
sha256:5cc0a2064e59e599d27b39d848d0aac34e7f85c2fb70a3bb552a0a71a95b62e5,A Framework for Detecting Unknown Defect Patterns on Wafer Bin Maps Using Active Learning,2025,research,,Shin,,,,processed,Taiwan company 21-defect wafer map dataset,,,Active learning | Deep convolutional neural network,Wafer map defect classification,Semiconductor and electronics,Precision | Recall,no,note body,,Papers/Research/2025 - A Framework for Detecting Unknown Defect Patterns on Wafer Bin Maps Using Active Learning.md
doi:10.1109/ijcnn64981.2025.11228398,A High-Quality Sample Generation Method via Cross-Scale Diffusion for Steel Defect Detection,2025,research,International Joint Conference on Neural Networks,Ziyang Zhu | Feng Wang,10.1109/ijcnn64981.2025.11228398,,https://doi.org/10.1109/ijcnn64981.2025.11228398,processed,NEU-CLS,Northeastern University (NEU) surface defect database,Northeastern University (NEU) surface defect database,DDPM-CSD | Diffusion models | Synthetic data generation,Defect classification | Metallic surface defect detection,Metal inspection,FID | Accuracy,yes,structured metadata,diffusion-based generation,Papers/Research/2025 - A High-Quality Sample Generation Method via Cross-Scale Diffusion for Steel Defect Detection.md
doi:10.32604/cmc.2024.058063,A Lightweight Multiscale Feature Fusion Network for Solar Cell Defect Detection,2025,research,"Computers, Materials & Continua",Xiaoyun Chen | Lanyao Zhang | Xiaoling Chen | Yigang Cen | Linna Zhang | Fugui Zhang,10.32604/cmc.2024.058063,,https://doi.org/10.32604/cmc.2024.058063,processed,Dataset of Solar Cells Defect Segmentation | PVEL-AD,Dataset of Solar Cells Defect Segmentation | PVEL-AD,Dataset of Solar Cells Defect Segmentation | PVEL-AD,LMFF | Depthwise separable convolution | Segmentation Models | Computer Vision Models,Solar cell defect detection | Defect segmentation,Solar cells and photovoltaic,IoU | mIoU | F1-score | Foreground pixel accuracy | Background pixel accuracy | Mean pixel accuracy | Inference time | FPS | GFLOPs | Parameter count,yes,note body,other generative synthesis,Papers/Research/2025 - Lightweight Multiscale Feature Fusion Network for Solar Cell Defect Detection.md
sha256:a76bb886db3f736d8103741a70ca452a56a538f66d6ecede310c80e809d4dc2f,Accurate industrial anomaly detection with efficient multimodal fusion,2025,research,Array,Dinh-Cuong Hoang | Phan Xuan Tan | Anh-Nhat Nguyen | Ta Huu Anh Duong | Tuan-Minh Huynh | Duc-Manh Nguyen | Minh-Duc Cao | Duc-Huy Ngo | Thu-Uyen Nguyen | Khanh-Toan Phan | Minh-Quang Do | Xuan-Tung Dinh | Van-Hiep Duong | Ngoc-Anh Hoang | Van-Thiep Nguyen,10.1016/j.array.2025.100512,,https://doi.org/10.1016/j.array.2025.100512,processed,MVTec AD | VisA,MVTec AD | VisA,MVTec AD | VisA,Synthetic data generation | Defect synthesis | Data augmentation,Industrial anomaly detection | Defect segmentation,Multi-industry anomaly detection,AU-ROC | AU-PRO,yes,structured metadata,other generative synthesis,Papers/Research/2025 - Accurate Industrial Anomaly Detection with Efficient Multimodal Fusion.md
doi:10.1038/s41598-025-14478-y,Advanced deep learning modeling to enhance detection of defective photovoltaic cells in electroluminescence images,2025,research,Scientific Reports,Mostafa A. Ebied | Amr Munshi | Shakir A. Alhuzali | Mohamed M. El-sotouhy | Amr I. Shehta | M. S. Elborlsy,10.1038/s41598-025-14478-y,,https://doi.org/10.1038/s41598-025-14478-y,processed,ELPV Dataset,ELPV Dataset,ELPV Dataset,GAN | Data augmentation | Synthetic data generation,Solar cell defect detection | Defect classification,Solar cells and photovoltaic,Precision | Recall | F1-score | Accuracy,yes,structured metadata,GAN-based generation,Papers/Research/2025 - Advanced deep learning modeling to enhance detection of defective photovoltaic cells in electroluminescence images.md
doi:10.1109/jphotov.2025.3562931,Advanced Photovoltaic Module Characterization: Using Image Transformers for Current-Voltage Curve Prediction From Electroluminescence Images,2025,research,IEEE Journal of Photovoltaics,Brandon K. Byford | Laura E. Boucheron | Bruce H. King | Jennifer L. Braid,10.1109/JPHOTOV.2025.3562931,,https://doi.org/10.1109/JPHOTOV.2025.3562931,processed,PV-IV-EL,PV-IV-EL,PV-IV-EL,Swin Transformer | Data augmentation,PV module current-voltage curve prediction,Solar cells and photovoltaic,Mean Absolute Error | Mean Squared Error | Maximum power point | Short-circuit current | Open-circuit voltage,no,none,,Papers/Research/2025 - Advanced Photovoltaic Module Characterization Using Image Transformers for Current-Voltage Curve Prediction From Electroluminescence Images.md
doi:10.1088/2053-1591/add98f,AI-driven fabric classification: real-time implementation for sustainable textile practices in industry 5.0,2025,research,Materials Research Express,Noreen Akram | Rizwan Aslam Butt | Muhammad Amir Qureshi,10.1088/2053-1591/add98f,,https://doi.org/10.1088/2053-1591/add98f,processed,DME Fabric Defect Detection Dataset,DME Fabric Defect Detection Dataset,DME Fabric Defect Detection Dataset,Particle Swarm Optimization | Data augmentation,Defect classification | Textile defect detection,Textile and fiber inspection,Accuracy | Precision | Recall | F1-score,yes,note body,other generative synthesis,Papers/Research/2025 - AI-driven fabric classification.md
doi:10.48550/arxiv.2412.06510,AnomalyControl: Learning Cross-modal Semantic Features for Controllable Anomaly Synthesis,2025,research,arXiv,Shidan He | Lei Liu | Xiujun Shu | Bo Wang | Yuanhao Feng | Shen Zhao,10.48550/arxiv.2412.06510,2412.06510,,processed,MVTec AD | MPDD,MPDD | MVTec AD,MPDD | MVTec AD,AnomalyControl | Synthetic data generation,Industrial anomaly detection | Defect segmentation,Multi-industry anomaly detection,Inception Score | LPIPS | AU-ROC | Average precision | F1-score,yes,structured metadata,other generative synthesis,Papers/Research/2025 - AnomalyControl Learning Cross-Modal Semantic Features for Controllable Anomaly Synthesis.md
doi:10.3390/textiles5020012,Artificial Intelligence Driving Innovation in Textile Defect Detection,2025,review,Textiles,Ahmet Ozek | Mine Seckin | Pinar Demircioglu | Ibrahim Bogrekci,10.3390/textiles5020012,,https://doi.org/10.3390/textiles5020012,processed,AITEX | Lusitano | TILDA | ZJU-Leaper,AITEX | Lusitano | TILDA | ZJU-Leaper,AITEX | Lusitano | TILDA | ZJU-Leaper,Data augmentation | Synthetic data generation | GAN,Textile defect detection,Textile and fiber inspection,,yes,structured metadata,GAN-based generation,Papers/Review/2025 - Artificial Intelligence Driving Innovation in Textile Defect Detection.md
doi:10.1177/15589250241313158,Blind super-resolution network based on local fuzzy discriminative loss for fabric data augmentation,2025,research,Journal of Engineered Fibers and Fabrics,Ning Dai | Xiaohan Hu | Kaixin Xu | Xudong Hu | Yanhong Yuan | Bo Cao | Luhong Shi,10.1177/15589250241313158,,https://doi.org/10.1177/15589250241313158,processed,DAGM2007 | TILDA,DAGM2007 | TILDA,DAGM2007 | TILDA,Super-resolution data augmentation | Data augmentation,Textile defect detection,Textile and fiber inspection,Precision | Recall | F1-score | mAP | FID | PSNR | SSIM | LPIPS,yes,note body,other generative synthesis,Papers/Research/2025 - Blind super-resolution network based on local fuzzy discriminative loss for fabric data augmentation.md
doi:10.37391/ijeer.130411,Comparative Deep Learning for RGB-Based PV Surface Fault Classification Using ResNet50 and EfficientNetB0 with Real-Time Deployment,2025,research,International Journal of Electrical and Electronics Research,Mosbah Laouamer | Mohammed Adaika | Souhaib Remha | Abdelkader Mahmoudi | Hamza Adaika,10.37391/ijeer.130411,,https://ijeer.forexjournal.co.in/archive/volume-13/ijeer-130411.html,processed,PV Panel Defect Dataset,PV Panel Defect Dataset,PV Panel Defect Dataset,Data augmentation,Solar panel classification | Defect classification,Solar cells and photovoltaic,Accuracy | Precision | Recall | F1-score,yes,note body,other generative synthesis,Papers/Research/2025 - Comparative Deep Learning for RGB-Based PV Surface Fault Classification Using ResNet50 and EfficientNetB0.md
sha256:db962ff1b9e352c5568ab951a19ab0605ee603fbebedfb4d16cbe78d4c2cc3cb,Comparison of ML classifiers in automatic diagnostics of PV panels using deep image features,2025,research,Przeglad Elektrotechniczny,Alicja Lenarczyk,10.15199/48.2025.10.25,,https://doi.org/10.15199/48.2025.10.25,processed,PV Panel Defect Dataset,PV Panel Defect Dataset,PV Panel Defect Dataset,ResNet-18 | MobileNet | Support vector machine | Random forest | XGBoost | LIME,Solar cell defect detection | Defect classification,Solar cells and photovoltaic,Accuracy | Precision | Recall | F1-score,no,none,,Papers/Research/2025 - Comparison of ML classifiers in automatic diagnostics of PV panels using deep image features.md
doi:10.1109/jas.2025.125228,CSDD: A Benchmark Dataset for Casting Surface Defect Detection and Segmentation,2025,dataset,IEEE/CAA Journal of Automatica Sinica,Kai Mao | Ping Wei | Yangyang Wang | Meiqin Liu | Shuaijie Wang | Nanning Zheng,10.1109/JAS.2025.125228,,https://doi.org/10.1109/JAS.2025.125228,processed,CSDD,CSDD,CSDD,YOLOv5 with global attention and partial convolution | YOLOv5 | U-Net,Casting surface defect detection | Defect segmentation,Metal inspection,Average precision | mAP | IoU | mIoU | GFLOPs,yes,note body,simulation,Papers/Dataset/2025 - CSDD A Benchmark Dataset for Casting Surface Defect Detection and Segmentation.md
doi:10.36443/10259/9965,Dataset for defect detection in textile manufacturing,2025,dataset,Data in Brief,Beatriz Gil-Arroyo | Juan Marcos Sanz | Angel Arroyo | Daniel Urda | Nuno Basurto | Alvaro Herrero,10.1016/j.dib.2025.111451,,https://doi.org/10.1016/j.dib.2025.111451,processed,Batavia and Sarga woven fabric images,Batavia and Sarga woven fabric images,Batavia and Sarga woven fabric images,image patch slicing,Textile defect detection,Textile and fiber inspection,,yes,note body,other generative synthesis,Papers/Dataset/2025 - Dataset for Defect Detection in Textile Manufacturing.md
arxiv:2408.13509,Dual-Interrelated Diffusion Model for Few-Shot Anomaly Image Generation,2025,research,arXiv,Ying Jin | Jinlong Peng | Qingdong He | Teng Hu | Jiafu Wu | Hao Chen | Haoxuan Wang | Wenbing Zhu | Mingmin Chi | Jun Liu | Yabiao Wang,,2408.13509,,processed,MVTec AD,MVTec AD,MVTec AD,DualAnoDiff | Diffusion models | Few-shot zero-shot learning | Synthetic data generation,Industrial anomaly detection | Defect segmentation,Multi-industry anomaly detection,AU-ROC | Average precision | F1-score | Accuracy | Inception Score | LPIPS,yes,structured metadata,diffusion-based generation,Papers/Research/2025 - Dual-Interrelated Diffusion Model for Few-Shot Anomaly Image Generation.md
sha256:d6aff6091e2ef30611645407bc73b0be9ea5c6cb3f0848f6c23d2bbcf960990d,Enhancing Glass Defect Detection with Diffusion Models: Addressing Imbalanced Datasets in Manufacturing Quality Control,2025,research,Computer and Decision Making,Sajjad Rezvani Boroujeni | Hossein Abedi | Tom Bush,10.59543/comdem.v2i.14391,2505.03134,https://doi.org/10.59543/comdem.v2i.14391,processed,MVTec AD,MVTec AD,MVTec AD,Diffusion models | Learned generative synthesis | Data augmentation,Glass container defect detection | Defect classification | Industrial anomaly detection,Glass inspection,Accuracy | Precision | Recall | F1-score | AU-ROC,yes,structured metadata,diffusion-based generation,Papers/Research/2025 - Enhancing Glass Defect Detection with Diffusion Models.md
sha256:46aff253929882b434092f09c20ab59c73f732ae728c3230cd9fb86841d2eaa2,Free Lunch of Image-mask Alignment for Anomaly Image Generation and Segmentation,2025,research,IJCAI 2025,Xiangyue Li | Xiaoyang Wang | Zhibin Wan | Quan Zhang | Yupei Wu | Tao Deng | Mingjie Sun,,,,processed,MVTec AD | Real-IAD,MVTec AD | Real-IAD,MVTec AD | Real-IAD,Image-mask aligned diffusion synthesis | Diffusion models | Defect synthesis,Defect segmentation | Industrial anomaly detection,Multi-industry anomaly detection,mIoU | Dice score | FID | Inception Score | LPIPS,yes,structured metadata,diffusion-based generation,Papers/Research/2025 - Free Lunch of Image-mask Alignment for Anomaly Image Generation and Segmentation.md
doi:10.1109/icme59968.2025.11208914,HSS-IAD: A Heterogeneous Same-Sort Industrial Anomaly Detection Dataset,2025,dataset,ICME,Qingsong Wang | Shengyang Gao | Wenqiang Zhang,10.1109/icme59968.2025.11208914,9968.2025,,processed,HSS-IAD,HSS-IAD,HSS-IAD,Unsupervised learning | Unsupervised anomaly detection,Industrial anomaly detection,Metal inspection,AU-ROC,yes,note body,other generative synthesis,Papers/Dataset/2025 - HSS-IAD A Heterogeneous Same-Sort Industrial Anomaly Detection Dataset.md
sha256:5e1a13b560b2ef7395ad4a7a37d67e4a81bd73a9b94dc27a00d290e0e6406161,Industrial Image Anomaly Detection via Synthetic-Anomaly Contrastive Distillation,2025,research,Sensors,Junxian Li | Mingxing Li | Shucheng Huang | Gang Wang,10.3390/s25123721,,https://doi.org/10.3390/s25123721,processed,MVTec AD,MVTec AD,MVTec AD,Defect synthesis | Synthetic data generation,Industrial anomaly detection | Defect segmentation,Multi-industry anomaly detection,AU-ROC | AU-PRO,yes,structured metadata,other generative synthesis,Papers/Research/2025 - Industrial Image Anomaly Detection via Synthetic-Anomaly Contrastive Distillation.md
doi:10.1109/tcsvt.2024.3479887,Progressive Boundary Guided Anomaly Synthesis for Industrial Anomaly Detection,2025,research,IEEE Transactions on Circuits and Systems for Video Technology,Qiyu Chen | Huiyuan Luo | Han Gao | Chengkan Lv | Zhengtao Zhang,10.1109/tcsvt.2024.3479887,,,processed,MVTec AD | VisA | MPDD,MPDD | MVTec AD | VisA,MPDD | MVTec AD | VisA,PBAS | Synthetic data generation,Industrial anomaly detection,Multi-industry anomaly detection,AU-ROC | AU-PRO | Average precision,yes,structured metadata,other generative synthesis,Papers/Research/2025 - Progressive Boundary Guided Anomaly Synthesis for Industrial Anomaly Detection.md
sha256:f88f5bc6bb3b92ec6e8e59324f5b7bc31c71be8d3c4c1adc43ad437be0a1aac6,Real-IAD D3: A Real-World 2D/Pseudo-3D/3D Dataset for Industrial Anomaly Detection,2025,dataset,CVPR,Wenbing Zhu | Lidong Wang | Ziqing Zhou | Chengjie Wang | Yurui Pan | Ruoyi Zhang | Zhuhao Chen | Linjie Cheng | Bin-Bin Gao | Jiangning Zhang | Zhenye Gan | Yuxie Wang | Yulong Chen | Shuguang Qian | Mingmin Chi | Bo Peng | Lizhuang Ma,,,,processed,Real-IAD D3 | Real-IAD | MVTec3D,MVTec3D | Real-IAD,MVTec3D | Real-IAD,Photometric stereo | Unsupervised anomaly detection,Industrial anomaly detection,Multi-industry anomaly detection,AU-ROC | AU-PRO,yes,note body,other generative synthesis,Papers/Dataset/2025 - Real-IAD D3 A Real-World 2D Pseudo-3D 3D Dataset for Industrial Anomaly Detection.md
doi:10.1088/1361-6501/adb327,Sample-Imbalanced Wafer Map Defects Classification Based on Jacobian Regularized Generative Adversarial Network,2025,research,Measurement Science and Technology,Jialin Li | Ran Tao | Shirong Li | Yuxiong Li | Xianzhen Huang,10.1088/1361-6501/adb327,2022.10155,https://doi.org/10.1088/1361-6501/adb327,processed,WM-811K | MixedWM38,MixedWM38 | WM-811K,MixedWM38 | WM-811K,JRGAN | GAN | Data augmentation | Synthetic data generation | ResNet-18,Wafer map defect classification,Semiconductor and electronics,Accuracy | Precision | Recall | F1-score,yes,structured metadata,GAN-based generation,Papers/Research/2025 - Sample-Imbalanced Wafer Map Defects Classification Based on Jacobian Regularized Generative Adversarial Network.md
doi:10.48550/arxiv.2410.14987,SeaS: Few-Shot Industrial Anomaly Image Generation with Separation and Sharing Fine-Tuning,2025,research,arXiv,Zhewei Dai | Shilei Zeng | Haotian Liu | Xurui Li | Feng Xue | Yu Zhou,10.48550/arxiv.2410.14987,2410.14987,https://arxiv.org/abs/2410.14987,processed,MVTec AD | VisA | MVTec3D,MVTec AD | MVTec3D | VisA,MVTec AD | MVTec3D | VisA,Synthetic data generation | Data augmentation | Few-shot zero-shot learning | Diffusion models | U-Net,Industrial anomaly detection | Defect segmentation,Multi-industry anomaly detection,Inception Score | LPIPS | KID | AU-ROC | Average precision | F1-score | IoU,yes,structured metadata,diffusion-based generation,Papers/Research/2025 - SeaS Few-Shot Industrial Anomaly Image Generation with Separation and Sharing Fine-Tuning.md
doi:10.1109/tim.2025.3565049,Segmentation-Enhanced Overlapped Defect Identification for Multipatterns Wafer Maps,2025,research,IEEE Transactions on Instrumentation and Measurement,Tianming Ni | Wen Jiang | Huaguo Liang | Xiaoqing Wen | Mu Nie,10.1109/TIM.2025.3565049,,https://doi.org/10.1109/TIM.2025.3565049,processed,MixedWM38,MixedWM38,MixedWM38,SEODI | YOLOv7 | U-Net | Data augmentation,Wafer map defect classification | Defect segmentation | Defect detection,Semiconductor and electronics,mAP | Precision | Recall | F1-score | Exact match,yes,structured metadata,rule-based insertion,Papers/Research/2025 - Segmentation-Enhanced Overlapped Defect Identification for Multipatterns Wafer Maps.md
doi:10.1109/access.2025.3580864,Self-Supervised Image Anomaly Detection Through Diverse Pseudo Anomaly Insertion,2025,research,IEEE Access,Rizwan Ali Shah | Odilbek Urmonov | Hyungwon Kim,10.1109/access.2025.3580864,,https://doi.org/10.1109/ACCESS.2025.3580864,processed,MVTec AD | VisA | KolektorSDD2,KolektorSDD2 | MVTec AD | VisA,KolektorSDD2 | MVTec AD | VisA,Affine anomaly insertion | Defect synthesis | Data augmentation,Industrial anomaly detection | Defect segmentation,Multi-industry anomaly detection,AU-ROC | Average precision,yes,structured metadata,rule-based insertion,Papers/Research/2025 - Self-Supervised Image Anomaly Detection Through Diverse Pseudo Anomaly Insertion.md
doi:10.1007/s10845-024-02559-0,Simulation of semiconductor wafer dicing induced faults on chips and their application as augmentation method for a deep learning based visual inspection system,2025,research,Journal of Intelligent Manufacturing,Michael Friedrich | Tobias Schlosser | Danny Kowerko,10.1007/s10845-024-02559-0,,https://doi.org/10.1007/s10845-024-02559-0,processed,Semiconductor visual inspection dataset,,,Spline-based wafer dicing fault synthesis | Procedural and simulation-based synthesis | Domain randomization | Data augmentation,Semiconductor wafer dicing fault classification | Defect classification,Semiconductor and electronics,F1-score | Recall | Specificity | Relative improvement,no,structured metadata,,Papers/Research/2025 - Simulation of semiconductor wafer dicing induced faults on chips.md
doi:10.1038/s41598-025-24225-y,Smartphone Screen Surface Defect Detection Using Dynamic Large Separable Kernel Attention and Multi-Scale Feature Bi-Directional Path Aggregation Network,2025,research,Scientific Reports,Jiaqi Li | Huadiao Long | Meiyan Liu | Yi Huang | Nengsheng Bao,10.1038/s41598-025-24225-y,,https://doi.org/10.1038/s41598-025-24225-y,processed,MSD | SSGD,MSD | SSGD,MSD | SSGD,DY-YOLO | YOLOv8,Smartphone screen glass defect detection | Object detection,Glass inspection,Precision | Recall | F1-score | mAP | mAP@0.50 | FPS | GFLOPs | Parameter count | Inference time,no,none,,Papers/Research/2025 - Smartphone Screen Surface Defect Detection Using Dynamic Large Separable Kernel Attention.md
doi:10.1109/eeae65901.2025.11273362,Synthetic Dataset for AI-Driven Photovoltaic Fault and Damage Detection via UAV Thermal Imaging,2025,research,10th International Conference on Energy Efficiency and Agricultural Engineering,Panagiotis Christakakis | Periklis Dimou | Panagiotis Symeonidis | Dimosthenis Ioannidis | Dimitrios Tzovaras | Eleftheria Maria Pechlivani,10.1109/EEAE65901.2025.11273362,,https://doi.org/10.1109/EEAE65901.2025.11273362,processed,Thermal PV Panel Detection and Fault Detection Dataset for UAV-Based Inspection,Thermal PV Panel Detection and Fault Detection Dataset for UAV-Based Inspection,Thermal PV Panel Detection and Fault Detection Dataset for UAV-Based Inspection,YOLOv11 | Infrared thermography | Synthetic data generation | Defect synthesis | Poisson defect image augmentation,PV panel fault detection | Object detection,Solar cells and photovoltaic,Precision | Recall | mAP@0.50,yes,structured metadata,other generative synthesis,Papers/Research/2025 - Synthetic Dataset for AI-Driven Photovoltaic Fault and Damage Detection via UAV Thermal Imaging.md
doi:10.3390/jimaging11080252,"Synthetic Scientific Image Generation with VAE, GAN, and Diffusion Model Architectures",2025,review,Journal of Imaging,Sordo | Chagnon | Hu | Donatelli | Andeer | Nico | Northen | Ushizima,10.3390/jimaging11080252,,https://doi.org/10.3390/jimaging11080252,processed,CMC microCT dataset | EcoFAB root image dataset | Rocks microCT dataset,,,Variational Autoencoder | GAN | Diffusion models | Learned generative synthesis,Scientific image generation,Scientific imaging | Nondestructive testing,SSIM | LPIPS | FID | CLIPScore,no,structured metadata,,Papers/Review/2025 - Synthetic Scientific Image Generation with VAE GAN and Diffusion Model Architectures.md
sha256:bf9df9d7f71e2775647952b36cdea2431f48e33ec20aa254fca82029791479a9,The MVTec AD 2 Dataset Advanced Scenarios for Unsupervised Anomaly Detection,2025,dataset,,Heckler-Kram,,,,processed,MVTec AD 2 | MVTec AD,MVTec AD | MVTec AD 2,MVTec AD | MVTec AD 2,Unsupervised anomaly detection,Unsupervised anomaly detection | Defect segmentation,Multi-industry anomaly detection,AU-ROC | AU-PRO,yes,note body,other generative synthesis,Papers/Dataset/2025 - The MVTec AD 2 Dataset Advanced Scenarios for Unsupervised Anomaly Detection.md
doi:10.1109/tim.2025.3545987,ToCoAD: Two-Stage Contrastive Learning for Industrial Anomaly Detection,2025,research,IEEE Transactions on Instrumentation and Measurement,Yun Liang | Zhiguang Hu | Junjie Huang | Donglin Di | Anyang Su | Lei Fan,10.1109/tim.2025.3545987,,https://doi.org/10.1109/TIM.2025.3545987,processed,MVTec AD | VisA | BTAD,BTAD | MVTec AD | VisA,BTAD | MVTec AD | VisA,ToCoAD | Defect synthesis | Contrastive learning,Industrial anomaly detection | Defect segmentation,Multi-industry anomaly detection,AU-ROC,yes,structured metadata,other generative synthesis,Papers/Research/2025 - ToCoAD Two-Stage Contrastive Learning for Industrial Anomaly Detection.md
doi:10.1186/s13640-025-00666-3)/author(tsung-han,Wafer Map Defect Classification Using Deep Learning Framework with Data Augmentation on Imbalance Datasets,2025,research,EURASIP Journal on Image and Video Processing,Tsung-Han Tsai | Chieng-Yang Wang,10.1186/s13640-025-00666-3,,https://doi.org/10.1186/s13640-025-00666-3,processed,WM-811K | Taiwan company 21-defect wafer map dataset,WM-811K,WM-811K,G2LGAN | Data augmentation | Synthetic data generation | DCGAN wafer map augmentation | One-hot multi-label wafer defect decoding,Wafer map defect classification,Semiconductor and electronics,Accuracy | F1-score | Precision | Recall | Inception Score | FID | MMD,yes,structured metadata,GAN-based generation,Papers/Research/2025 - Wafer Map Defect Classification Using Deep Learning Framework with Data Augmentation on Imbalance Datasets.md
doi:10.1371/journal.pone.0327546,Workpiece Surface Defect Detection Based on YOLOv11 and Edge Computing,2025,systems,PLoS One,Zishuo Wang | Tao Ding | Shuning Liang | Hongwei Cui | Xingquan Gao,10.1371/journal.pone.0327546,,https://doi.org/10.1371/journal.pone.0327546,processed,NEU-DET | Tianchi aluminium profile surface defect dataset | Workpiece surface defect dataset,NEU-DET | Tianchi aluminium profile surface defect dataset | Workpiece surface defect dataset,NEU-DET | Tianchi aluminium profile surface defect dataset | Workpiece surface defect dataset,YOLOv11 | SA-GAN | YOLOv11-RKNN edge deployment | Edge intelligence | Data augmentation,Workpiece surface defect detection | Object detection,Multi-industry anomaly detection,mAP@0.50 | Average precision | Precision | Recall | F1-score | Detection time,yes,structured metadata,GAN-based generation,Papers/Systems/2025 - Workpiece Surface Defect Detection Based on YOLOv11 and Edge Computing.md
sha256:4587be58fa4ab25c895bae2358cc588e626b1cab9597fae65c2b42d69d4ea013,YOLO Object Detection for Real-Time Fabric Defect Inspection in the Textile Industry: A Review of YOLOv1 to YOLOv11,2025,review,Sensors,Makara Mao | Min Hong,10.3390/s25072270,,https://doi.org/10.3390/s25072270,processed,,,,YOLOv5 | YOLOv10 | YOLOv11 | Data augmentation | Synthetic data generation,Textile defect detection,Textile and fiber inspection,mAP | FPS,no,structured metadata,,Papers/Review/2025 - YOLO Object Detection for Real-Time Fabric Defect Inspection in the Textile Industry.md
sha256:742296c7dd255ab8b2561ea1cc762eb23947ea09ac99623c87ac7adeed8940a1,You Only Look Once-Aluminum,2025,research,Symmetry,Jiashu Han | Huiye Chen | Yitong Ding | Shudong Zhuang | Chengyu Zhou | Hua Chen,10.3390/sym17050724,,https://doi.org/10.3390/sym17050724,processed,APDDD,APDDD,APDDD,YOLO-AL | YOLOv8,Metallic surface defect detection | Object detection,Metal inspection,Precision | Recall | mAP | mAP@0.50 | mAP@0.50-0.95 | GFLOPs | FPS,yes,note body,other generative synthesis,Papers/Research/2025 - You Only Look Once-Aluminum.md
doi:10.1016/j.compeleceng.2025.110819,A Deep Learning Model with Inception Vision Transformer and Harmonic Fusion Network for Solar Panel Fault Detection and Classification,2026,research,Computers and Electrical Engineering,Gangu Dharmaraju | Manoj Kumar Jena | Venkataramana Attada,10.1016/j.compeleceng.2025.110819,,https://doi.org/10.1016/j.compeleceng.2025.110819,processed,PV Panel Defect Dataset,PV Panel Defect Dataset,PV Panel Defect Dataset,IncepViTH-Net | U-Net | Vision Transformer | Computer Vision Models,Solar cell defect detection | Defect classification,Solar cells and photovoltaic,Accuracy | Recall | Specificity,no,none,,Papers/Research/2026 - IncepViTH-Net for Solar Panel Fault Detection and Classification.md
doi:10.3390/ai7030094,Diagnosing Shortcut Learning in CNN-Based Photovoltaic Fault Recognition from RGB Images: A Multi-Method Explainability Audit,2026,research,AI,Bogdan Marian Diaconu,10.3390/ai7030094,,https://doi.org/10.3390/ai7030094,processed,PV Panel Defect Dataset,PV Panel Defect Dataset,PV Panel Defect Dataset,LIME | Occlusion sensitivity | Integrated Gradients | Deep convolutional neural network,Solar cell defect detection | Defect classification,Solar cells and photovoltaic,Accuracy | Precision | Recall | F1-score | LIME surrogate fidelity | IoU@Top10% | Occlusion entropy | Hoyer sparsity | Faithfulness gap,yes,note body,other generative synthesis,Papers/Research/2026 - Diagnosing Shortcut Learning in CNN-Based Photovoltaic Fault Recognition from RGB Images.md
doi:10.48550/arxiv.2605.11898,Few-Shot Synthetic Data Generation with Diffusion Models for Downstream Vision Tasks,2026,research,arXiv,Daniil Dushenev | Nazariy Karpov | Daniil Zinovjev | Konstantin Kulikov | Alexander Gorin,10.48550/arxiv.2605.11898,2605.11898,https://arxiv.org/abs/2605.11898,processed,Magnetic Tile Defects,Magnetic Tile Defects,Magnetic Tile Defects,LoRA-adapted diffusion augmentation | Diffusion models | Data augmentation,Small-sample defect classification | Defect classification,Metal inspection,F1-score | AU-PR | Recall,yes,structured metadata,diffusion-based generation,Papers/Research/2026 - Few-Shot Synthetic Data Generation with Diffusion Models for Downstream Vision Tasks.md
doi:10.48550/arxiv.2605.29539,GiPL: Generative augmented iterative Pseudo-Labeling for Cross-Domain Few-Shot Object Detection,2026,research,arXiv,Jiacong Liu | Shu Luo | Yikai Qin | Yaze Zhao | Yongwei Jiang | Yixiong Zou,10.48550/arxiv.2605.29539,2605.29539,https://arxiv.org/abs/2605.29539,processed,RUOD | CARPK | CarDD,CarDD,CarDD,GiPL | Pseudo-labeling | Qwen-Image generative augmentation | Data augmentation | Learned generative synthesis,Cross-domain few-shot object detection | Object detection | Car damage detection,,mAP@0.50,yes,structured metadata,other generative synthesis,Papers/Research/2026 - GiPL Generative augmented iterative Pseudo-Labeling for Cross-Domain Few-Shot Object Detection.md
doi:10.1038/s41598-026-51763-w,Texture Conditioned GAN Based Self Supervised Framework for Fabric Defect Detection,2026,research,Scientific Reports,R. Sujitha | K. Venkatasalam,10.1038/s41598-026-51763-w,,https://doi.org/10.1038/s41598-026-51763-w,processed,FabricSpotDefect | FD_Dataset | Lusitano,FabricSpotDefect | FD_Dataset | Lusitano,FabricSpotDefect | FD_Dataset | Lusitano,STDAN | Unsupervised anomaly detection | Self-supervised learning | GAN,Textile defect detection | Defect detection | Defect segmentation,Textile and fiber inspection,Accuracy | Precision | Recall | F1-score | AU-ROC | Localization precision | Feature embedding separation | Texture robustness | Defect sensitivity,yes,structured metadata,GAN-based generation,Papers/Research/2026 - Texture Conditioned GAN Based Self Supervised Framework for Fabric Defect Detection.md
doi:10.1371/journal.pone.0343395,Thermal Imaging for Sealing Defect Detection in Pharmaceutical Bags Using a Temporal Fusion Network,2026,research,PLOS One,Liqiang Wang | Ziyang Leng | Cunmin Jiang | Rui Hua,10.1371/journal.pone.0343395,,https://doi.org/10.1371/journal.pone.0343395,processed,Pharmaceutical bag thermal sealing defect dataset | Glass Bangle Defect Detection Classification,Glass Bangle Defect Detection Classification | Pharmaceutical bag thermal sealing defect dataset,Glass Bangle Defect Detection Classification | Pharmaceutical bag thermal sealing defect dataset,TMFFNet | Physics-guided thermal defect synthesis | Ghost module,Pharmaceutical bag sealing defect detection | Defect classification,Pharmaceutical packaging inspection,Accuracy | Precision | Recall | F1-score,yes,structured metadata,other generative synthesis,Papers/Research/2026 - Thermal Imaging for Sealing Defect Detection in Pharmaceutical Bags Using a Temporal Fusion Network.md
